gender,program_id,n,wins,pct,program_name,group
boys,Abbey Vale Orchard Hill|boys,11,4,0.36363636363636365,B.T. Washington,2A
boys,Abraham Lincoln|boys,10,5,0.5,Lincoln,8A
boys,Adela Robles North|boys,5,5,1.0,Cliffside,9A
boys,Adela Robles|boys,7,6,0.8571428571428571,Biloxi Heights,4A
boys,Adela Villaseñor|boys,6,3,0.5,Cape Jean,7A
boys,Adrian High|boys,6,3,0.5,Adrian,1A
boys,Agate|boys,7,4,0.5714285714285714,Agate,Group 3
boys,Ainhoa Mendizabal|boys,5,4,0.8,Charles Harbor,Group 1
boys,Aitor Echevarria|boys,5,3,0.6,Point Loma,Group 1
boys,Aitor Zubieta|boys,9,5,0.5555555555555556,Borough Beach,8A
boys,Alben Barkley|boys,12,3,0.25,Barkley,2A
boys,Aldecoa Academy of Arts and Letters|boys,7,4,0.5714285714285714,Coyote Springs,Group 1
boys,Aldecoa Applied Sciences Institute|boys,14,6,0.42857142857142855,Deadwood,Group 1
boys,Aldecoa Depot High|boys,7,3,0.42857142857142855,Grant,Group 1
boys,Aldecoa|boys,3,1,0.3333333333333333,Aldecoa,Group 1
boys,Alder Landing Beacon Hill|boys,9,4,0.4444444444444444,Bay Oregon,3A
boys,Alderfield|boys,6,4,0.6666666666666666,Linden,1A
boys,Aldermont|boys,9,6,0.6666666666666666,Cape Angeles,2A
boys,Alderton|boys,12,4,0.3333333333333333,Alderton,1A
boys,Alejandro Zamora|boys,3,0,0.0,Morgan Park,9A
boys,Alina Antonov|boys,4,3,0.75,River Oaks,8A
boys,Alina Belov|boys,4,2,0.5,Clear Lake,Group 2
boys,All Saints Episcopal|boys,10,5,0.5,All Saints Episcopal,3A
boys,Altamonte Civic Leadership Academy|boys,7,2,0.2857142857142857,Senator Gray,8A
boys,Altamonte|boys,6,2,0.3333333333333333,Altamonte,8A
boys,Amaia Aramburu North|boys,3,2,0.6666666666666666,Belmonte South,1A
boys,Amaia Aramburu|boys,5,3,0.6,K.B. Jackson,5A
boys,Amaia Echevarria|boys,9,7,0.7777777777777778,Redwood,Group 1
boys,Amaia Etxeberria|boys,6,3,0.5,Boyle Heights,Group 1
boys,Amalia Escobedo|boys,8,5,0.625,Petoskey Rock,7A
boys,Amelia Freeman North|boys,6,5,0.8333333333333334,Casco,5A
boys,Amelia|boys,10,5,0.5,Amelia,9A
boys,Amos Cross|boys,4,3,0.75,L.B. Johnson,9A
boys,Amos Moss|boys,7,6,0.8571428571428571,Robledo,7A
boys,Ander Aramburu|boys,4,1,0.25,Western Sky,Group 1
boys,Ander Arrieta|boys,5,1,0.2,Bolinas,6A
boys,Andrew Jackson North|boys,10,5,0.5,Chaparral,8A
boys,Andrés Ibarra|boys,3,2,0.6666666666666666,Monongahela,Group 1
boys,Andrés Valera North|boys,1,1,1.0,Pawnee,6A
boys,Andrés Valera|boys,3,1,0.3333333333333333,Basalt,4A
boys,Anneliese Halvorsen|boys,6,5,0.8333333333333334,Washington,8A
boys,Anneliese Ricci|boys,7,6,0.8571428571428571,Carondelet,9A
boys,Annie Springs Crater View|boys,7,2,0.2857142857142857,Crater View,8A
boys,Annie Springs|boys,10,5,0.5,Annie Springs,2A
boys,Antelope Butte|boys,7,3,0.42857142857142855,Antelope Butte,6A
boys,Anya Antonov|boys,3,2,0.6666666666666666,Mar Vista,9A
boys,Anya Belov|boys,4,0,0.0,Arroyo,4A
boys,Anya Orlov|boys,6,5,0.8333333333333334,Riviere Salee,1A
boys,Archbishop Doyle Prep|boys,8,4,0.5,Doyle,6A
boys,Archbishop Quinlan|boys,7,4,0.5714285714285714,Quaking Aspen,1A
boys,Arlington High|boys,8,2,0.25,Arlington,1A
boys,Arrieta Treasure Valley|boys,8,5,0.625,Canyonlands,7A
boys,Arrieta|boys,5,1,0.2,Arrieta,9A
boys,Ashbrook|boys,6,3,0.5,Ashbrook,Group 3
boys,Ashbury Central North|boys,9,5,0.5555555555555556,Kishwaukee,Group 2
boys,Ashbury Central|boys,7,3,0.42857142857142855,Tallulah Central,Group 1
boys,Ashbury East|boys,7,4,0.5714285714285714,Alameda,7A
boys,Ashbury Heights|boys,9,3,0.3333333333333333,Ashbury Central,9A
boys,Ashbury West|boys,7,2,0.2857142857142857,Laurel Park,9A
boys,Ashfield|boys,10,7,0.7,California Beach,1A
boys,Ashwood|boys,8,4,0.5,Gruesome Ridge,2A
boys,Aspen Harbor|boys,8,3,0.375,East Simmons,Group 3
boys,Assay|boys,6,4,0.6666666666666666,Assay,Group 3
boys,Astrid Ricci|boys,3,2,0.6666666666666666,Jesuit,9A
boys,Atlanta|boys,5,4,0.8,Atlanta,Group 1
boys,Aurelia Classical Academy|boys,4,1,0.25,Goodman,Group 1
boys,Aurelia|boys,3,2,0.6666666666666666,Aurelia,Group 1
boys,Averill|boys,5,2,0.4,Averill,4A
boys,Bahía Leal|boys,4,3,0.75,Bahía Leal,7A
boys,Baker High|boys,8,5,0.625,Baker,5A
boys,Bancroft|boys,6,2,0.3333333333333333,Bancroft,3A
boys,Barclay Golden Gate|boys,12,4,0.3333333333333333,Gate City,5A
boys,Bardsley County High|boys,6,1,0.16666666666666666,Violet City,3A
boys,Bardsley County|boys,4,3,0.75,Bardsley County,8A
boys,Barley Gap|boys,10,5,0.5,Barley Gap,1A
boys,Barleyfield|boys,6,0,0.0,Barleyfield,4A
boys,Barlowe County High|boys,8,2,0.25,Barlowe County,4A
boys,Basalt Prairie Union|boys,5,1,0.2,Prairie,Group 3
boys,Bayard Rustin|boys,4,2,0.5,Rustin,9A
boys,Beacon Hill|boys,2,1,0.5,Beacon Hill,4A
boys,Beargrass Christian|boys,8,6,0.75,Beargrass,Group 3
boys,Beatrice Davenport|boys,5,2,0.4,Fort Halloran,4A
boys,Beatriz Salcedo|boys,6,3,0.5,Spring Branch,Group 1
boys,Beatriz Zamora|boys,3,2,0.6666666666666666,Tower Grove,9A
boys,Bellacosta|boys,2,2,1.0,Bellacosta,7A
boys,Bell|boys,3,3,1.0,Bell,8A
boys,Belmonte Agricultural Sciences Academy|boys,7,5,0.7142857142857143,Pelican Town,6A
boys,Belmonte Applied Sciences Institute|boys,8,6,0.75,Yazoo,2A
boys,Belmonte Civic Leadership Academy|boys,4,1,0.25,Keeler,9A
boys,Belmonte Classical Academy|boys,8,3,0.375,J. Madison,7A
boys,Belmonte Health Sciences Academy|boys,4,2,0.5,Dusty Spur,6A
boys,Belmonte Northwest|boys,7,3,0.42857142857142855,Kokomo,Group 1
boys,Belmonte River Plain|boys,6,4,0.6666666666666666,Chillicothe,Group 1
boys,Belmonte Technical Arts Academy|boys,2,1,0.5,Sojourner Truth,4A
boys,Belmonte|boys,2,1,0.5,Belmonte,6A
boys,Belyakov Academy of Music and Media|boys,1,1,1.0,Walter-Kenny,4A
boys,Belyakov Agricultural Sciences Academy|boys,4,2,0.5,Mickey Mantle,9A
boys,Belyakov Depot High|boys,4,0,0.0,Anse Doree,8A
boys,Belyakov Environmental Sciences Academy|boys,4,2,0.5,Friendship City,9A
boys,Belyakov Polytechnic Institute|boys,5,3,0.6,Morne Caribou Polytechnic,5A
boys,Belyakov River Plain North|boys,7,3,0.42857142857142855,Lycee Valmont,6A
boys,Belyakov School of Science and Industry|boys,8,4,0.5,Kongisburg,8A
boys,Belyakov|boys,7,4,0.5714285714285714,East Moscow,8A
boys,Benchton|boys,6,4,0.6666666666666666,Benchton,5A
boys,Bend Senior High|boys,4,2,0.5,Bend Senior,8A
boys,Benedetti|boys,10,7,0.7,Benedetti,6A
boys,Benjamin Banneker|boys,9,2,0.2222222222222222,Banneker,9A
boys,Benton Cross|boys,9,2,0.2222222222222222,Benton Cross,2A
boys,Berrio|boys,7,4,0.5714285714285714,Berrio,3A
boys,Bethel Christian|boys,7,4,0.5714285714285714,Bethel Christian,2A
boys,Beulah Landing|boys,8,2,0.25,Beulah Landing,1A
boys,Bidwell City|boys,5,3,0.6,Alfalfa City,1A
boys,Bidwell County|boys,12,3,0.25,County Line,1A
boys,Bidwell|boys,5,4,0.8,Bidwell,1A
boys,Bishop Ferraro|boys,3,1,0.3333333333333333,Ferraro,2A
boys,Black Springs|boys,4,2,0.5,Black Springs,9A
boys,Blackbird Canyon|boys,9,4,0.4444444444444444,Tallulah Canyon,4A
boys,Blackpine North|boys,10,6,0.6,Ravenwood,4A
boys,Blackpine|boys,6,4,0.6666666666666666,Blackpine,5A
boys,Boley Union|boys,3,3,1.0,Boley,Group 2
boys,Bonds|boys,4,2,0.5,Bonds,Group 2
boys,Boyerstown|boys,7,2,0.2857142857142857,Boyerstown,5A
boys,Brackwood Union|boys,9,4,0.4444444444444444,Brackwood Pass,1A
boys,Breakwater North|boys,9,3,0.3333333333333333,Lighthouse,7A
boys,Breakwater|boys,8,5,0.625,Tide Point,5A
boys,Bridger Regional|boys,4,1,0.25,Bridger Regional,Group 2
boys,Brookmont|boys,8,3,0.375,Brookmont,7A
boys,Buckeye Bend|boys,9,5,0.5555555555555556,Wyalusing,4A
boys,Burdensome|boys,5,3,0.6,Burdensome,Group 2
boys,Burnt River High|boys,1,1,1.0,Burnt River,1A
boys,Cabo Esperanza Technical Arts Academy|boys,9,3,0.3333333333333333,Cabo Esperanza Tech,3A
boys,Calasanz Prep|boys,7,4,0.5714285714285714,Calasanz Prep,4A
boys,Caldera High|boys,5,0,0.0,Caldera,8A
boys,Calderwood School|boys,7,4,0.5714285714285714,Calderwood,3A
boys,Calder|boys,2,0,0.0,Calder,6A
boys,Calvary Chapel Ditch Fork|boys,2,2,1.0,Cassius,1A
boys,Calvary Chapel Kilbride Switch|boys,6,4,0.6666666666666666,Gottschalk-Herman,2A
boys,Calvary Chapel Olivet|boys,2,1,0.5,Banfield Day,1A
boys,Camden Flat|boys,8,4,0.5,Camden Flat,1A
boys,Canaan Bend|boys,5,3,0.6,Canaan Bend,2A
boys,Canal View North|boys,2,1,0.5,Lateral Seven,5A
boys,Canal View|boys,7,6,0.8571428571428571,Springfield,6A
boys,Carden City|boys,6,2,0.3333333333333333,Carden City,Group 1
boys,Carmen Cordero|boys,13,9,0.6923076923076923,Bannock,9A
boys,Carmen Valera|boys,8,3,0.375,Ferris,9A
boys,Carmina|boys,5,3,0.6,Carmina,Group 2
boys,Carroway School of Public Service|boys,8,4,0.5,Liberty Hill,6A
boys,Carroway|boys,6,2,0.3333333333333333,Carroway,3A
boys,Caswell Depot High|boys,4,2,0.5,Cherry Hill North,2A
boys,Caswell I-50 Technical|boys,5,2,0.4,Cherry Hill South,8A
boys,Caswell School of Science and Industry|boys,9,5,0.5555555555555556,Arthur,5A
boys,Caswell University Prep|boys,7,2,0.2857142857142857,Palisade Prep,3A
boys,Caswell|boys,9,3,0.3333333333333333,Caswell,8A
boys,Cañada Grande|boys,12,8,0.6666666666666666,Cañada Grande,Group 1
boys,Cedarport|boys,3,1,0.3333333333333333,North San Francisco,7A
boys,Central Christian|boys,5,1,0.2,Winter Valley,3A
boys,Chaff Head|boys,6,2,0.3333333333333333,Chaff Head,2A
boys,Chaminade|boys,3,2,0.6666666666666666,Chaminade,6A
boys,Charleston-on-the-Coast|boys,8,3,0.375,Charleston-on-the-Coast,3A
boys,Cherry Hill East|boys,6,5,0.8333333333333334,Cherry Hill East,7A
boys,Chicago Island|boys,6,4,0.6666666666666666,Chicago Island,Group 2
boys,Christ the King|boys,8,3,0.375,Christ the King,1A
boys,Ciderhaven|boys,5,3,0.6,Ciderhaven,3A
boys,Cincinnati|boys,5,3,0.6,Cincinnati,Group 1
boys,Clara Cross|boys,1,1,1.0,Red Mesa,8A
boys,Clover Reach|boys,6,2,0.3333333333333333,Clover,5A
boys,Coast Prairie|boys,9,3,0.3333333333333333,Coast Prairie,1A
boys,Coastal Christian|boys,6,3,0.5,Coastal Christian,1A
boys,Commonwealth|boys,5,2,0.4,Commonwealth,9A
boys,Condon High|boys,8,3,0.375,Condon,1A
boys,Condotti Vanguard Academy|boys,2,2,1.0,Condotti Vanguard Academy,7A
boys,Coolidge|boys,8,4,0.5,Seagrove,9A
boys,Copper Bar|boys,5,4,0.8,Copper Bar,Group 2
boys,Copper Crossing|boys,8,3,0.375,Copper Gap,1A
boys,Copper Lake East|boys,14,6,0.42857142857142855,Bridgewater,6A
boys,Copper Lake West|boys,6,2,0.3333333333333333,Azurite,7A
boys,Copper Lake|boys,6,3,0.5,Copper Lake,7A
boys,Corliss Regional|boys,4,3,0.75,Corliss Regional,3A
boys,Cortland|boys,4,2,0.5,Cortland,9A
boys,Costa Verde North|boys,7,2,0.2857142857142857,Verde Highlands,5A
boys,Costa Verde|boys,8,2,0.25,Costa Verde,4A
boys,Cottonrock Point|boys,9,5,0.5555555555555556,Cottonrock Point,4A
boys,Cove High|boys,5,4,0.8,Cove,2A
boys,Covenant Christian|boys,10,4,0.4,Covenant Christian,Group 3
boys,Cradle Reach|boys,8,5,0.625,Cradle,2A
boys,Crane|boys,8,3,0.375,Crane,3A
boys,Crown Hill|boys,5,3,0.6,Crown Hill,7A
boys,Cub River Catholic|boys,2,2,1.0,Coldwater,Group 2
boys,Cutbank|boys,5,3,0.6,Cutbank,Group 2
boys,César Mendoza|boys,3,2,0.6666666666666666,De La Salle,9A
boys,Dahlberg School of Science and Industry|boys,11,5,0.45454545454545453,Hartford City,3A
boys,Dahlberg|boys,8,3,0.375,Dahlberg Summit,3A
boys,Daniel Gaines North|boys,6,4,0.6666666666666666,Tensas,7A
boys,Dawkins|boys,1,1,1.0,Dawkins,Group 2
boys,Delbarton|boys,9,6,0.6666666666666666,Delbarton,7A
boys,Depot High North|boys,6,4,0.6666666666666666,Natchez,Group 1
boys,Depot High|boys,7,4,0.5714285714285714,Passaic,4A
boys,Diamante|boys,6,2,0.3333333333333333,Diamante,Group 3
boys,Ditch Fork|boys,5,2,0.4,Ditch Fork,8A
boys,Dolores Huerta|boys,6,3,0.5,Huerta,9A
boys,Dovetail|boys,4,2,0.5,Dovetail,Group 3
boys,Doyle Junction|boys,5,2,0.4,Doyle Pass,4A
boys,Doyleville Union|boys,5,4,0.8,Doyleville Union,Group 3
boys,Draybrook Union|boys,5,1,0.2,Draybrook Union,2A
boys,Drayfield Foundry High|boys,8,6,0.75,Empire,Group 2
boys,Drayfield|boys,6,1,0.16666666666666666,Drayfield,Group 2
boys,Dry Lake|boys,6,3,0.5,Dry Lake,6A
boys,Dufur High|boys,11,5,0.45454545454545453,Dufur,1A
boys,Eastmont Christian|boys,3,3,1.0,Eastmont,4A
boys,Eatonville Central|boys,9,3,0.3333333333333333,Eatonville,Group 3
boys,Echevarria Foundry High|boys,7,3,0.42857142857142855,Bitterroot,Group 1
boys,Echevarria I-50 Technical|boys,8,1,0.125,Red Bluff,Group 1
boys,Echo High|boys,4,3,0.75,Echo,2A
boys,Eden County Christian|boys,3,1,0.3333333333333333,Eden,Group 2
boys,Edith Hart|boys,3,0,0.0,Bellarmine Prep,7A
boys,Edith Mercer|boys,5,4,0.8,Forest Park,9A
boys,Edith Tillman|boys,7,2,0.2857142857142857,Norwood Park,Group 2
boys,Edith Ward|boys,12,5,0.4166666666666667,Central West End,5A
boys,Eisenhower|boys,13,10,0.7692307692307693,Flume River,4A
boys,Eleanor Tillman|boys,11,8,0.7272727272727273,Anchor,3A
boys,Elena Mendoza North|boys,7,4,0.5714285714285714,Cahaba,Group 1
boys,Elena Petrenko|boys,4,2,0.5,Kingsway,Group 1
boys,Elena Petrov|boys,5,3,0.6,Talladega,9A
boys,Elgin High|boys,7,3,0.42857142857142855,Elgin,2A
boys,Elias Mercier|boys,3,1,0.3333333333333333,Cascade,5A
boys,Elk Bluff|boys,5,3,0.6,Elk Bluff,Group 3
boys,Elk Crossing|boys,11,5,0.45454545454545453,Elk Crossing,3A
boys,Elk Prairie|boys,7,4,0.5714285714285714,Carolina Island,1A
boys,Elk Run|boys,4,3,0.75,Elk Run,2A
boys,Elmburg|boys,11,5,0.45454545454545453,Mt Jacqueline,1A
boys,Elmfield|boys,4,3,0.75,Nurmes,Group 3
boys,Emerson|boys,7,2,0.2857142857142857,Emerson,6A
boys,Emigrant Trail|boys,9,5,0.5555555555555556,Trailhead,Group 2
boys,Emilia Jansen|boys,9,4,0.4444444444444444,Sharpstown,4A
boys,Emporia|boys,3,0,0.0,Emporia,Group 3
boys,Enterprise High|boys,5,2,0.4,Enterprise,2A
boys,Esteban Téllez|boys,7,4,0.5714285714285714,Sawtelle,Group 1
boys,Etchartville|boys,6,3,0.5,Etchartville,Group 1
boys,Etchart|boys,9,4,0.4444444444444444,Etchart,Group 3
boys,Evelyn Booker|boys,9,5,0.5555555555555556,Taft,4A
boys,Ewart City|boys,5,2,0.4,Cook City,8A
boys,Ewartville|boys,12,6,0.5,Fort Tabor,2A
boys,Featherstone Institute|boys,8,3,0.375,Featherstone Tech,1A
boys,Featherton|boys,8,3,0.375,Featherton,2A
boys,Fellows Mill Civic Leadership Academy|boys,10,4,0.4,Millworks,4A
boys,Fellows Mill International School|boys,8,4,0.5,Mill Bar,3A
boys,Fellows Mill|boys,10,7,0.7,Fellows Mill,4A
boys,Ferris Union|boys,3,0,0.0,Union Prairie,Group 3
boys,Fig Gap|boys,6,2,0.3333333333333333,Río Verde,2A
boys,Fletcher-Garrison Hall|boys,9,5,0.5555555555555556,Fletcher-Garrison Hall,3A
boys,Flume|boys,9,5,0.5555555555555556,Flume,1A
boys,Fogline|boys,11,6,0.5454545454545454,Fogline,2A
boys,Foothills Christian|boys,9,3,0.3333333333333333,Foothills Christian,1A
boys,Fort Carden|boys,6,3,0.5,Fort Carden,8A
boys,Fort Meriwether Breakwater|boys,6,4,0.6666666666666666,Breakwater,8A
boys,Fort Meriwether Foundry High North|boys,2,1,0.5,Westfield Friends,5A
boys,Fort Meriwether Foundry High|boys,8,5,0.625,Ironworks,6A
boys,Fort Meriwether|boys,6,3,0.5,Fort Meriwether,5A
boys,Fort Salish Independent School|boys,7,5,0.7142857142857143,Bayside Christian,6A
boys,Fort Salish|boys,17,5,0.29411764705882354,Fort Weller,4A
boys,Fort Valois School of Design and Engineering|boys,9,5,0.5555555555555556,Valois Bluffs,Group 1
boys,Fort Valois School of Public Service|boys,5,2,0.4,Sagebrush,Group 1
boys,Fort Valois|boys,5,2,0.4,Fort Valois,Group 1
boys,Foundry High|boys,2,0,0.0,Esperanza,9A
boys,Four Rivers Community School|boys,7,2,0.2857142857142857,Four Rivers Charter,2A
boys,Foxtail Meadows|boys,13,4,0.3076923076923077,Foxtail Meadows,5A
boys,Free Hill|boys,5,3,0.6,Free Hill,1A
boys,Frontier High|boys,1,0,0.0,Frontier,Group 1
boys,Furrow Crossing|boys,5,1,0.2,Furrow Crossing,5A
boys,Gabriel Montoya|boys,7,1,0.14285714285714285,Marlow,4A
boys,Gabriel Zúñiga|boys,9,4,0.4444444444444444,Longfellow,8A
boys,Gagarin School of Public Service|boys,3,2,0.6666666666666666,Star City,5A
boys,Gagarin|boys,1,1,1.0,Gagarin,4A
boys,Galena|boys,7,0,0.0,Galena,Group 2
boys,Galina Markov|boys,7,2,0.2857142857142857,Monroe,9A
boys,Galina Moroz|boys,9,6,0.6666666666666666,Windward,2A
boys,Galina Romanov|boys,5,3,0.6,Stagewater,Group 1
boys,Garazi Aramburu|boys,6,3,0.5,Ocean Park,Group 3
boys,Garazi Mendizabal|boys,5,2,0.4,Cedar,Group 2
boys,Garfield Park|boys,5,4,0.8,Reservoir Park,Group 2
boys,Garrity|boys,3,2,0.6666666666666666,Texas Beach,2A
boys,Garrow|boys,4,1,0.25,Garrow,5A
boys,George Washington Carver|boys,9,3,0.3333333333333333,Carver,6A
boys,Geraldine Cross|boys,3,3,1.0,Port Veles Episcopal,4A
boys,Gilhooly|boys,8,4,0.5,Gilhooly,2A
boys,Glenwood High|boys,12,5,0.4166666666666667,Glenwood,1A
boys,Gold Hollow|boys,14,4,0.2857142857142857,Gold Hollow,2A
boys,Gold Junction|boys,2,1,0.5,Seamus Town,2A
boys,Goldbank County|boys,6,4,0.6666666666666666,Goldbank County,3A
boys,Golden Gate|boys,2,2,1.0,Golden Gate,8A
boys,Goodman|boys,11,4,0.36363636363636365,Fort Bardsley,3A
boys,Grace Christian|boys,10,7,0.7,Grace Christian,1A
boys,Granite Bar|boys,12,7,0.5833333333333334,New Penzance Island,1A
boys,Granite Basin|boys,10,5,0.5,Granite Basin,2A
boys,Gravel Narrows|boys,13,9,0.6923076923076923,Gravel Narrows,Group 1
boys,Graymont|boys,7,2,0.2857142857142857,Georgia Mills,Group 3
boys,Greaves Aviation and Engineering Academy|boys,6,0,0.0,Skypark,Group 2
boys,Greaves|boys,5,2,0.4,Greaves,Group 1
boys,Green River High|boys,8,4,0.5,Green River,Group 1
boys,Gulch Bend|boys,12,6,0.5,West El Paso,6A
boys,Guthrie Catholic|boys,6,4,0.6666666666666666,Guthrie,Group 3
boys,Gwendolyn Brooks North|boys,6,2,0.3333333333333333,Lakewood,7A
boys,Gwendolyn Brooks|boys,10,5,0.5,Brooks,8A
boys,Haddon Siding|boys,9,3,0.3333333333333333,Haddon,2A
boys,Halbrook Technical|boys,5,3,0.6,Basin Gate,9A
boys,Halbrook Union|boys,4,3,0.75,Deaconsburg,7A
boys,Halbrook|boys,5,3,0.6,Halbrook,9A
boys,Halemere|boys,11,8,0.7272727272727273,Halemere,1A
boys,Halfway House|boys,5,2,0.4,Halfway House,2A
boys,Hampton Technical|boys,2,1,0.5,Hampton,Group 2
boys,Harbor Gate North|boys,6,2,0.3333333333333333,Van Buren,9A
boys,Harlan Cole|boys,4,3,0.75,Harlan,8A
boys,Harlan Tillman|boys,6,1,0.16666666666666666,Xavier College Prep,8A
boys,Harold Calder|boys,8,4,0.5,Tomales Bay,6A
boys,Harold Tillman North|boys,7,4,0.5714285714285714,Echevarria,Group 2
boys,Harold Tillman|boys,5,4,0.8,Copper Belt,Group 2
boys,Harold Williams|boys,5,4,0.8,Tuskegee,9A
boys,Harriman Maritime Academy|boys,9,3,0.3333333333333333,Kennedy,Group 1
boys,Harriman South|boys,5,0,0.0,Hidden Draw,Group 1
boys,Harriman|boys,11,8,0.7272727272727273,Harriman,Group 1
boys,Harrow School of Design and Engineering|boys,3,2,0.6666666666666666,New Boston,Group 2
boys,Harry Truman|boys,11,5,0.45454545454545453,Truman,4A
boys,Hawk Bar|boys,4,1,0.25,Hawk Bar,2A
boys,Hawk Lake Eastgate|boys,5,3,0.6,Oakhaven,6A
boys,Hawk Lake Southeast|boys,7,5,0.7142857142857143,Pine Barrens,5A
boys,Hazel Bennett|boys,9,3,0.3333333333333333,Benton Park,9A
boys,Henrik Keller|boys,6,3,0.5,W.H. Harrison,9A
boys,Herbert Hoover|boys,2,0,0.0,Hoover,4A
boys,Heritage Christian|boys,8,5,0.625,Longmeadow,1A
boys,Hermiston High|boys,6,3,0.5,Hermiston,5A
boys,Heron Slough|boys,5,5,1.0,Heron Slough,6A
boys,Hetfield|boys,5,3,0.6,Brynildson Hill,Group 3
boys,Holy Cross|boys,7,1,0.14285714285714285,Holy Cross,8A
boys,Homecroft Manufacturing and Technology Academy|boys,5,3,0.6,West Burlington,Group 3
boys,Homecroft|boys,4,2,0.5,Homecroft,Group 1
boys,Homestead North|boys,8,2,0.25,Garden Plain,Group 1
boys,Homestead|boys,9,7,0.7777777777777778,Homestead,Group 1
boys,Housatonic HS|boys,6,0,0.0,Housatonic,9A
boys,Huckle Butte|boys,7,4,0.5714285714285714,Huckle Butte,Group 3
boys,Huckle Lake|boys,14,9,0.6428571428571429,Mount Dylan Lake,1A
boys,Huntington High|boys,8,3,0.375,Huntington,2A
boys,Hydraulicwood|boys,10,8,0.8,Hydraulicwood,2A
boys,I-50 Technical North|boys,9,3,0.3333333333333333,Tuscarora,Group 1
boys,Ida B. Wells|boys,5,2,0.4,Wells,9A
boys,Idaho Valley|boys,5,2,0.4,Idaho Valley,Group 1
boys,Igor Chernov North|boys,3,0,0.0,Fillmore,7A
boys,Igor Chernov|boys,6,3,0.5,Taylor,8A
boys,Iker Aramburu North|boys,7,1,0.14285714285714285,Highland Park,5A
boys,Imani Cross|boys,5,2,0.4,Apalachicola,8A
boys,Imbler High|boys,7,3,0.42857142857142855,Imbler,2A
boys,Indigo Bend|boys,5,5,1.0,Indigo Bend,4A
boys,Indigo Rim|boys,9,1,0.1111111111111111,Indigo Rim,7A
boys,Ione High|boys,9,5,0.5555555555555556,Ione,1A
boys,Irina Kovalenko North|boys,7,4,0.5714285714285714,Arroyo Verde,9A
boys,Irina Kovalenko|boys,9,8,0.8888888888888888,Michaela East,4A
boys,Irrigon High|boys,7,4,0.5714285714285714,Irrigon,1A
boys,Irvington|boys,5,2,0.4,Irvington,Group 1
boys,Isabel Lucero|boys,3,0,0.0,El Sereno,7A
boys,Isaiah Booker|boys,8,4,0.5,Warren,4A
boys,Itziar Elorriaga|boys,7,6,0.8571428571428571,Elysian Valley,8A
boys,Itziar Lertxundi|boys,10,5,0.5,Noe Valley,Group 1
boys,Jackson Hole High|boys,3,0,0.0,Jackson Hole,Group 1
boys,James Gaines|boys,9,5,0.5555555555555556,Rogue Valley,9A
boys,James Madison North|boys,4,1,0.25,Hagerstown,Group 1
boys,Janice Bennett|boys,8,3,0.375,Calvary Christian,3A
boys,Janice Cole|boys,3,1,0.3333333333333333,Fallon,6A
boys,Javier Alvarado|boys,6,4,0.6666666666666666,Okefenokee,8A
boys,Javier Castañeda|boys,2,1,0.5,Kenwood,5A
boys,Javier Cárdenas North|boys,5,2,0.4,Casa Linda,6A
boys,Javier Villalba|boys,6,2,0.3333333333333333,Los Feliz,9A
boys,Jean Baptiste|boys,5,2,0.4,Baptiste,Group 2
boys,Jean Lindgren North|boys,6,5,0.8333333333333334,Harrisburgh,9A
boys,Jean Lindgren|boys,8,5,0.625,Bridgeport,6A
boys,Jeannette Freeman|boys,9,3,0.3333333333333333,Round Mountain,9A
boys,Jefferson School of Science and Technology North|boys,1,0,0.0,Evans Larsen Day,7A
boys,Jefferson School of Science and Technology|boys,2,0,0.0,Jefferson Science,9A
boys,Jessup Bar|boys,5,2,0.4,Jessup Bar,2A
boys,Jimmy Carter|boys,6,4,0.6666666666666666,Carter,9A
boys,John F. Kennedy North|boys,8,5,0.625,Box Canyon,Group 1
boys,John Lewis|boys,12,5,0.4166666666666667,Lewis,2A
boys,Jon Etxeberria North|boys,4,2,0.5,Chickasaw,Group 2
boys,Jon Garmendia|boys,7,6,0.8571428571428571,Pope Leo XIV,Group 1
boys,Joseph High|boys,3,0,0.0,Joseph,1A
boys,José Martí North|boys,9,5,0.5555555555555556,Belle Rive,5A
boys,José Martí|boys,7,5,0.7142857142857143,Trois Ilets,7A
boys,Juniper Ridge|boys,9,3,0.3333333333333333,Juniper Ridge,5A
boys,Katherine Booker|boys,5,3,0.6,Polk,9A
boys,Katherine Davenport|boys,8,3,0.375,Blue Mountain,4A
boys,Katherine Williams|boys,2,0,0.0,Pierce,9A
boys,Kearney|boys,5,3,0.6,Kearney,Group 3
boys,Keldale|boys,2,2,1.0,Espoo,Group 3
boys,Kelford Northwest|boys,2,0,0.0,Horseshoe Bend,3A
boys,Kelford|boys,5,2,0.4,Kelford,5A
boys,Kelview Union|boys,6,3,0.5,Iisalmi Union,Group 3
boys,Kendricks Landing|boys,11,8,0.7272727272727273,Kendricks Landing,Group 3
boys,Kernwood County|boys,7,2,0.2857142857142857,Kernwood County,6A
boys,Kernwood Lutheran|boys,6,2,0.3333333333333333,Kernwood Lutheran,1A
boys,Kettle Ridge|boys,6,2,0.3333333333333333,Kettle Ridge,7A
boys,Kilbride Switch South|boys,3,0,0.0,Switchback,3A
boys,Kilbride Switch|boys,5,3,0.6,Kilbride Switch,5A
boys,Klara Marchand|boys,10,6,0.6,Meriwether,9A
boys,Klickitat High|boys,8,5,0.625,Klickitat,1A
boys,La Grande High|boys,7,4,0.5714285714285714,La Grande,5A
boys,Lake Esperanza South|boys,6,4,0.6666666666666666,Malheur Flat,7A
boys,Lake Esperanza|boys,6,2,0.3333333333333333,Lake Esperanza,6A
boys,Laketown Regional|boys,11,6,0.5454545454545454,Laketown Regional,Group 2
boys,Langston Central|boys,7,3,0.42857142857142855,Singleton,Group 3
boys,Lanphere|boys,5,1,0.2,Lanphere,2A
boys,Larchmont Ridge|boys,5,3,0.6,Larchmont Ridge,8A
boys,Lars Bellini|boys,7,5,0.7142857142857143,Bernal Heights,9A
boys,Lars Mercier|boys,4,4,1.0,Shasta Agricultural,9A
boys,Las Norias|boys,9,2,0.2222222222222222,Las Norias,4A
boys,Las Palmas North|boys,5,3,0.6,Natchitoches,8A
boys,Las Palmas|boys,7,2,0.2857142857142857,Tuscaloosa,8A
boys,Latgaway|boys,10,7,0.7,Latgaway,Group 3
boys,Leidesdorff Academy of Music and Media|boys,7,4,0.5714285714285714,East Burlington,5A
boys,Leidesdorff|boys,3,1,0.3333333333333333,Leidesdorff,3A
boys,Leire Aramburu|boys,4,3,0.75,Furnace Creek,Group 1
boys,Leire Garmendia|boys,5,3,0.6,Potrero Hill,9A
boys,Lena Talltree|boys,7,3,0.42857142857142855,Dogpatch,8A
boys,Leonard Coleman|boys,5,4,0.8,Coleman,8A
boys,Lev Volkov|boys,8,5,0.625,Sherwood Estates,4A
boys,Lev Voronin|boys,5,5,1.0,Cole Valley,Group 1
boys,Levee Bluff|boys,10,8,0.8,Levee Bluff,1A
boys,Lillian Price|boys,4,3,0.75,North Coast,8A
boys,Lillian Stokes|boys,2,0,0.0,Franklin,8A
boys,Llerena East|boys,4,2,0.5,Juniper Well,5A
boys,Llerena|boys,3,2,0.6666666666666666,Llerena,6A
boys,Lodestone County High|boys,5,4,0.8,Lodestone County,Group 2
boys,Lodestone|boys,9,4,0.4444444444444444,Lodestone,Group 3
boys,Lonepine Canyon|boys,16,9,0.5625,Lonepine Canyon,4A
boys,Loomis City North|boys,11,5,0.45454545454545453,Charlotte,9A
boys,Loomis City|boys,5,1,0.2,Loomis City,5A
boys,Lorna Booker|boys,3,2,0.6666666666666666,Blue Grama,6A
boys,Lorraine Calder|boys,8,7,0.875,Morne Rouge,7A
boys,Los Remolinos Mission Bay|boys,6,4,0.6666666666666666,Estuary Bay,2A
boys,Los Remolinos|boys,7,6,0.8571428571428571,Los Remolinos,1A
boys,Los Robles|boys,7,3,0.42857142857142855,Los Robles,7A
boys,Lower Lake High|boys,9,6,0.6666666666666666,Lower Lake,8A
boys,Lucía Quiñones|boys,6,3,0.5,Edgewater,4A
boys,Lucía Villaseñor|boys,5,3,0.6,Glen Park,6A
boys,Lyle High|boys,13,10,0.7692307692307693,Lyle,1A
boys,Mabry Township|boys,2,0,0.0,Mabry Township,Group 3
boys,Mabryville|boys,3,1,0.3333333333333333,Virginia City,Group 3
boys,Madison|boys,8,3,0.375,Governor Woods,2A
boys,Madrigal Maritime Academy|boys,5,2,0.4,Maritime,6A
boys,Madrigal West Bench|boys,8,4,0.5,Benchlands,5A
boys,Madrigal|boys,14,8,0.5714285714285714,Madrigal,8A
boys,Mae Jemison|boys,8,2,0.25,Jemison,Group 1
boys,Maksim Karev|boys,9,3,0.3333333333333333,Excelsior,4A
boys,Malad County Christian|boys,5,3,0.6,Sixmile,Group 3
boys,Manuel Cordero|boys,6,3,0.5,Sotomayor,4A
boys,Manuel Robles|boys,1,1,1.0,Asteroid City,8A
boys,Manzanita Junction|boys,14,9,0.6428571428571429,Manzanita Junction,1A
boys,Manzanita Ridge|boys,8,1,0.125,Manzanita,6A
boys,Marcus Langston North|boys,9,4,0.4444444444444444,Garfield,3A
boys,Marcus Langston|boys,7,5,0.7142857142857143,Hayes,6A
boys,Marcus Mercer|boys,13,8,0.6153846153846154,Evenfall,6A
boys,Marcus Price North|boys,8,7,0.875,Driftwood,4A
boys,Marian Browne|boys,4,2,0.5,Riverview,Group 3
boys,Marian Cross|boys,10,8,0.8,Quail Hollow,Group 1
boys,Marina Moroz North|boys,7,5,0.7142857142857143,B. Harrison,7A
boys,Marina Moroz|boys,8,6,0.75,Cleveland,6A
boys,Marlow County|boys,10,6,0.6,Marlow County,1A
boys,Marshdale|boys,10,5,0.5,Fort Lassiter,Group 3
boys,Martin Luther|boys,9,3,0.3333333333333333,King,1A
boys,Matteo Dahl|boys,8,3,0.375,Bywater,7A
boys,McCrory|boys,2,0,0.0,McCrory,1A
boys,McLoughlin High|boys,7,6,0.8571428571428571,McLoughlin,2A
boys,Mercer City Technical Arts Academy|boys,3,2,0.6666666666666666,Twin Mills,9A
boys,Mercer City|boys,3,1,0.3333333333333333,Mercer City,7A
boys,Mercy Academy|boys,7,1,0.14285714285714285,Natchez Mercy,Group 3
boys,Meridian Regional|boys,4,1,0.25,Meridian Regional,2A
boys,Mesa Dorada|boys,4,1,0.25,Mesa Dorada,8A
boys,Mikel Echevarria|boys,5,0,0.0,Fir Valley,Group 1
boys,Mikel Garmendia|boys,2,2,1.0,Homeland,Group 2
boys,Mikel Zubieta|boys,7,4,0.5714285714285714,South Rim,2A
boys,Mikhail Sidorov|boys,2,0,0.0,Cap Rouge,6A
boys,Mila Chernov North|boys,5,3,0.6,Siberia,4A
boys,Mila Melnick|boys,9,3,0.3333333333333333,Sea Cliff,5A
boys,Mill Creek|boys,3,2,0.6666666666666666,Mill Creek,3A
boys,Milldale Union|boys,6,0,0.0,Sotkamo Union,Group 3
boys,Millport|boys,2,1,0.5,Vonjo City,Group 2
boys,Millview|boys,8,3,0.375,Kuusamo,Group 3
boys,Minnesota City|boys,3,1,0.3333333333333333,Minnesota City,8A
boys,Mirage Crossing|boys,9,6,0.6666666666666666,Mirage Crossing,Group 3
boys,Miren Garmendia|boys,2,0,0.0,Ibarra,Group 2
boys,Mission Bay|boys,7,3,0.42857142857142855,Mission Bay,9A
boys,Mission Ridge|boys,9,6,0.6666666666666666,Mission Ridge,2A
boys,Mission Terrace|boys,8,3,0.375,Mission Terrace,7A
boys,Money|boys,3,1,0.3333333333333333,Money,Group 2
boys,Monte Blanco|boys,2,0,0.0,Monte Blanco,3A
boys,Montelago|boys,10,3,0.3,Montelago,8A
boys,Moriarty|boys,5,2,0.4,Moriarty,6A
boys,Mother Lode|boys,1,0,0.0,Siskiyou Valley,4A
boys,Mount Horeb|boys,8,4,0.5,Mount Horeb,4A
boys,Mountain Gate|boys,8,1,0.125,Mountain Gate,3A
boys,Mountain View High|boys,1,1,1.0,Mountain View,8A
boys,Muskogee|boys,8,4,0.5,Muskogee,Group 2
boys,Nadia Chernov North|boys,5,2,0.4,Roosevelt,8A
boys,Nadia Chernov|boys,9,7,0.7777777777777778,C. Coolidge,6A
boys,Nadia Sidorov|boys,6,2,0.3333333333333333,Ride,6A
boys,Naomi Ellison|boys,9,5,0.5555555555555556,Starfield,6A
boys,Naomi Moss|boys,9,4,0.4444444444444444,Meyerland,5A
boys,Naomi Price|boys,4,1,0.25,Crown Paper,Group 2
boys,Naomi Ward|boys,4,3,0.75,Golden State,6A
boys,Nathaniel Cross North|boys,5,1,0.2,Miles Davis,5A
boys,Nathaniel Cross|boys,3,2,0.6666666666666666,Veles Harbor,7A
boys,Navrang|boys,1,0,0.0,Navrang,6A
boys,Naylor City|boys,6,4,0.6666666666666666,Naylor City,2A
boys,Naylors Landing|boys,7,2,0.2857142857142857,Naylors Landing,Group 3
boys,Nerea Urrutia|boys,9,4,0.4444444444444444,Blue Valley,Group 3
boys,Netherwood|boys,2,2,1.0,Netherwood,2A
boys,New Baltimore|boys,4,1,0.25,New Baltimore,Group 2
boys,New Hope Christian|boys,7,3,0.42857142857142855,New Hope Christian,1A
boys,New Leiden Classical Academy|boys,4,2,0.5,Vermeer,3A
boys,New Leiden|boys,9,2,0.2222222222222222,New Leiden,3A
boys,Newark River North|boys,8,3,0.375,River North,3A
boys,Newark River|boys,13,5,0.38461538461538464,Newark River,2A
boys,Nicodemus|boys,4,3,0.75,Nicodemus,Group 3
boys,Nicolás Ordoñez|boys,3,2,0.6666666666666666,Rockridge,9A
boys,Nicolás Quiñones|boys,3,3,1.0,Stonehaven,8A
boys,Nicolás Treviño|boys,6,6,1.0,Valera,1A
boys,Nicolás Villalba|boys,9,4,0.4444444444444444,Temescal,8A
boys,Nikolai Markov North|boys,4,2,0.5,Marigny,6A
boys,Nikolai Markov|boys,5,2,0.4,Christian Brothers,7A
boys,Nikolai Orlov|boys,4,3,0.75,Mater Dei,9A
boys,Ninemile|boys,4,1,0.25,Ninemile,Group 3
boys,Norbrook|boys,1,0,0.0,Norbrook,3A
boys,Norfolk Central|boys,11,3,0.2727272727272727,Norfolk,Group 2
boys,Norstead|boys,6,4,0.6666666666666666,Norstead,Group 3
boys,North Antler Regional|boys,10,6,0.6,North Antler Regional,2A
boys,North Fork|boys,8,4,0.5,Dry Fork,8A
boys,North Valley Christian|boys,8,2,0.25,Trailsend,3A
boys,Northgate|boys,4,2,0.5,Northgate,8A
boys,Northrup I-50 Technical|boys,7,4,0.5714285714285714,Northrup Tech,Group 3
boys,Northside Christian North|boys,3,1,0.3333333333333333,Toussaint,Group 2
boys,Novak|boys,9,5,0.5555555555555556,Novak,3A
boys,Nyssa High|boys,3,1,0.3333333333333333,Nyssa,2A
boys,Octavia Butler|boys,6,3,0.5,Butler,9A
boys,Odellville|boys,8,1,0.125,Odellville,1A
boys,Oksana Petrov|boys,4,3,0.75,Oak Forest,Group 2
boys,Oksana Romanov|boys,7,4,0.5714285714285714,Archbishop Gregory,8A
boys,Olive Head|boys,4,3,0.75,Olive Head,8A
boys,Olive Reach North|boys,6,3,0.5,Buckeye Ridge,4A
boys,Olive Reach|boys,5,4,0.8,Mendelssohn,5A
boys,Olivet County|boys,3,1,0.3333333333333333,Olivet County,8A
boys,Olivet Regional|boys,6,3,0.5,Silva,3A
boys,Ontario High|boys,2,1,0.5,Ontario,5A
boys,Opal Avery North|boys,1,0,0.0,Bush,5A
boys,Opal Avery|boys,8,5,0.625,Ford,5A
boys,Opal Stokes|boys,4,2,0.5,Dry Creek Co-op,5A
boys,Opal Tillman|boys,4,2,0.5,Granite,Group 1
boys,Orchard Gate North|boys,9,5,0.5555555555555556,Bois Neuf,6A
boys,Orchard Gate|boys,7,4,0.5714285714285714,Bellefontaine,7A
boys,Orchard Hill|boys,5,4,0.8,West Valderra,9A
boys,Orellana Canal View|boys,5,3,0.6,Canal View,9A
boys,Orellana Foundry High|boys,3,1,0.3333333333333333,Grizzly Gulch,4A
boys,Orellana School of Commerce|boys,5,2,0.4,Malpais,9A
boys,Orellana Treasure Valley|boys,5,2,0.4,Treasure Valley,9A
boys,Orellana|boys,8,3,0.375,Orellana Central,8A
boys,Orlova|boys,7,7,1.0,Orlova,4A
boys,Oscar Michaeux|boys,10,6,0.6,Michaeux,Group 3
boys,Oskar Bellini|boys,3,2,0.6666666666666666,Notre Dame,9A
boys,Oskar Weiss|boys,5,2,0.4,Waldo,8A
boys,Ostrander Union|boys,5,3,0.6,Ostrander Union,3A
boys,Owl Canyon|boys,8,3,0.375,Owl Canyon,3A
boys,Pacific Friends School|boys,3,2,0.6666666666666666,Pacific Friends,Group 2
boys,Pacific Gate|boys,7,4,0.5714285714285714,Pacific Gate,8A
boys,Paddock County|boys,6,4,0.6666666666666666,Paddock County,8A
boys,Paddock Institute|boys,3,1,0.3333333333333333,Paddock Tech,2A
boys,Parkside|boys,4,3,0.75,Parkside,7A
boys,Paul Robeson|boys,3,2,0.6666666666666666,Robeson,Group 1
boys,Pauli Booker|boys,10,3,0.3,Nightfall,6A
boys,Pavel Kovalenko|boys,2,0,0.0,Coles Creek,Group 1
boys,Pellburg|boys,8,3,0.375,Pellburg,2A
boys,Pellford|boys,6,2,0.3333333333333333,Pellford,1A
boys,Pendleton High|boys,4,2,0.5,Pendleton,5A
boys,Peregrine School|boys,7,4,0.5714285714285714,Peregrine,3A
boys,Perryville Civic Leadership Academy|boys,3,2,0.6666666666666666,Perry Green,5A
boys,Petersburg High|boys,4,2,0.5,Brown,Group 2
boys,Petra Bianchi|boys,2,1,0.5,Perryville,6A
boys,Petra Jansen|boys,5,4,0.8,Southern Pacific Tech,9A
boys,Petra Weiss North|boys,9,6,0.6666666666666666,Las Colinas,4A
boys,Pierre|boys,6,3,0.5,Pierre,Group 2
boys,Pilot Rock High|boys,5,3,0.6,Pilot Rock,1A
boys,Pine Eagle High|boys,4,2,0.5,Pine Eagle,2A
boys,Pine Siding|boys,13,4,0.3076923076923077,Pine,1A
boys,Pinecrest School|boys,3,3,1.0,Pinecrest,3A
boys,Plainfield Science|boys,3,0,0.0,Plainfield,8A
boys,Pomar|boys,6,4,0.6666666666666666,Pomar,3A
boys,Port Meridian Polytechnic|boys,4,2,0.5,Port Meridian North,2A
boys,Port Meridian South|boys,5,2,0.4,Port Meridian South,7A
boys,Port Meridian West|boys,1,1,1.0,Port Meridian Central,9A
boys,Port Veles Agricultural Sciences Academy|boys,4,2,0.5,Biden,5A
boys,Port Veles Civic Academy|boys,7,3,0.42857142857142855,Henson Prep,7A
boys,Port Veles Civic Leadership Academy|boys,10,7,0.7,Severn,6A
boys,Port Veles East|boys,3,2,0.6666666666666666,Clinton,7A
boys,Port Veles Foundry High|boys,7,4,0.5714285714285714,Seawall,8A
boys,Port Veles International Academy|boys,4,2,0.5,Veles Park,3A
boys,Port Veles|boys,13,3,0.23076923076923078,Coltrane,5A
boys,Porterfield|boys,4,2,0.5,Porterfield,2A
boys,Powder Valley High|boys,3,1,0.3333333333333333,Powder Valley,2A
boys,Presentation Academy|boys,5,3,0.6,Garrow North,3A
boys,Providence Academy North|boys,2,1,0.5,Minidoka,Group 2
boys,Providence Academy Valley|boys,13,8,0.6153846153846154,Meridian Valley,3A
boys,Providence Academy|boys,4,2,0.5,Providence Academy,5A
boys,Prune Siding|boys,5,3,0.6,Prunedale,2A
boys,Prune Springs|boys,8,3,0.375,Prune Springs,4A
boys,Puerto Alma|boys,5,5,1.0,Puerto Alma,2A
boys,Puerto Gallego School of Science and Industry|boys,3,2,0.6666666666666666,Gallego Bay,3A
boys,Puerto Gallego|boys,3,0,0.0,Puerto Gallego,6A
boys,Puerto de los Reyes School of Commerce|boys,5,2,0.4,Reyes Landing,7A
boys,Puerto de los Reyes|boys,11,6,0.5454545454545454,Puerto de los Reyes,8A
boys,Punta del Águila|boys,6,3,0.5,Punta del Águila,1A
boys,Purcell|boys,4,1,0.25,Purcell,9A
boys,Quarmont|boys,6,3,0.5,Quarmont,3A
boys,Quincy Union|boys,7,5,0.7142857142857143,Quincy,Group 3
boys,Rafael Escobedo|boys,6,2,0.3333333333333333,Bolton,8A
boys,Raft County Catholic|boys,10,5,0.5,Raft County Catholic,Group 3
boys,Ralph Bellamy|boys,6,0,0.0,Bellamy,7A
boys,Ralph Booker|boys,5,2,0.4,Obama,6A
boys,Ransom City Union|boys,13,6,0.46153846153846156,Ransom Pass,1A
boys,Ransom Spur|boys,5,2,0.4,Río Seco,2A
boys,Ransoms Landing|boys,11,5,0.45454545454545453,Ransoms Landing,1A
boys,Redfork West|boys,4,3,0.75,Redfork West,6A
boys,Redwood Coast|boys,10,3,0.3,Bienville,9A
boys,Redwood Glen|boys,13,9,0.6923076923076923,Redwood Glen,1A
boys,Renata Adler|boys,9,5,0.5555555555555556,Bracken,4A
boys,Rilland|boys,12,7,0.5833333333333334,Rilland,Group 3
boys,Rio San Juan|boys,5,4,0.8,Rio San Juan,Group 1
boys,Rita Moreno North|boys,3,0,0.0,Gentilly,6A
boys,Rita Moreno|boys,8,2,0.25,Moreno,6A
boys,River Plain|boys,5,3,0.6,Kinnickinny,9A
boys,Riverside High|boys,8,3,0.375,Riverside,5A
boys,Rock Springs High|boys,8,4,0.5,Rock Springs,Group 1
boys,Romare Bearden|boys,5,4,0.8,Romare Bearden,Group 1
boys,Romero-Finniski|boys,2,2,1.0,Romero-Finniski,7A
boys,Rosa Castañeda|boys,2,1,0.5,Tippecanoe,9A
boys,Rosa Salcedo|boys,5,3,0.6,Quarry Workers,8A
boys,Roscoe Bennett North|boys,6,4,0.6666666666666666,Narragansett,7A
boys,Rostova Junction Technical Arts Academy|boys,3,1,0.3333333333333333,Rostova Tech,Group 1
boys,Rostova Junction|boys,4,1,0.25,Rostova Junction,Group 2
boys,Ruby County Catholic|boys,3,2,0.6666666666666666,Carlin,Group 2
boys,Ruby Stokes North|boys,9,3,0.3333333333333333,Forks Harbor,8A
boys,Ruby Stokes|boys,6,3,0.5,Klamath,7A
boys,Rye Academy of Arts and Letters|boys,5,4,0.8,Barley Point,5A
boys,Rye|boys,4,3,0.75,Rye,5A
boys,Ryken|boys,6,4,0.6666666666666666,Ryken,4A
boys,Sadie Freeman|boys,7,5,0.7142857142857143,High Desert Co-op,Group 1
boys,Sage Lake|boys,7,1,0.14285714285714285,Sage Village,Group 3
boys,Sage Meadows|boys,3,2,0.6666666666666666,Galactica Plains,Group 3
boys,Sage Point|boys,2,2,1.0,California Canyons,3A
boys,Saint Francis|boys,5,4,0.8,Kingsley,5A
boys,Saltbush Reach|boys,5,2,0.4,Saltbush,Group 3
boys,Salvador Figueroa|boys,7,1,0.14285714285714285,Vesper,1A
boys,San Aurelio|boys,6,4,0.6666666666666666,San Aurelio,1A
boys,San Borondón Country Day School|boys,5,4,0.8,Hazel Country Day,5A
boys,San Borondón East|boys,6,2,0.3333333333333333,Borondón Mesa,4A
boys,San Borondón Environmental Sciences Academy|boys,3,0,0.0,Sotavento,8A
boys,San Borondón|boys,1,1,1.0,San Borondón,5A
boys,San Cordero East|boys,3,2,0.6666666666666666,Cordero Junction,6A
boys,San Cordero Maritime Academy|boys,2,0,0.0,Mission Butte,6A
boys,San Cordero School of Commerce|boys,12,7,0.5833333333333334,Mesa Verde,9A
boys,San Cordero|boys,4,1,0.25,San Cordero Central,4A
boys,San Dámaso Harbor Gate|boys,14,8,0.5714285714285714,J. Jackson,4A
boys,San Lorenzo|boys,3,2,0.6666666666666666,San Lorenzo,3A
boys,San Telmo Agricultural Sciences Academy|boys,2,1,0.5,Orchard Union,7A
boys,San Telmo|boys,5,1,0.2,San Telmo,6A
boys,San Tomás|boys,8,4,0.5,San Tomás,9A
boys,San Vito Regional|boys,6,4,0.6666666666666666,San Vito Regional,Group 2
boys,Sandhill Marsh|boys,11,7,0.6363636363636364,Sandhill Marsh,5A
boys,Santa Cruz del Norte|boys,5,2,0.4,Santa Cruz del Norte,7A
boys,Santa Laura North|boys,3,1,0.3333333333333333,Janeaway,4A
boys,Santa Laura|boys,6,3,0.5,Santa Laura,9A
boys,Santa Michaela Harbor Gate|boys,8,6,0.75,Tidegate,8A
boys,Santa Michaela|boys,9,7,0.7777777777777778,Santa Michaela,9A
boys,Scheelite County|boys,8,4,0.5,Scheelite County,Group 2
boys,Seafarer High|boys,5,3,0.6,Seafarer,9A
boys,Selbyville|boys,4,1,0.25,Selbyville,7A
boys,Sergei Belov|boys,11,4,0.36363636363636365,Shabazz,8A
boys,Serra Caverly|boys,5,4,0.8,Portola-Caverly,1A
boys,Serrano Applied Sciences Institute|boys,6,4,0.6666666666666666,Arroyo Seco,9A
boys,Serrano Depot High|boys,2,1,0.5,Cholla Flats,5A
boys,Serrano|boys,6,2,0.3333333333333333,Serrano,5A
boys,Sherman High|boys,6,2,0.3333333333333333,Sherman,2A
boys,Shiloh|boys,14,9,0.6428571428571429,Shiloh,3A
boys,Shirley Chisholm|boys,8,2,0.25,Chisholm,8A
boys,Silton Union|boys,4,2,0.5,Silton Ridge,1A
boys,Silver Glen|boys,5,2,0.4,Silver Glen,3A
boys,Silver Junction|boys,8,6,0.75,Silver Junction,Group 3
boys,Silver Lake|boys,10,3,0.3,Silver Lake,Group 3
boys,Sisters of Mercy|boys,10,8,0.8,Websterfield,5A
boys,Sixes|boys,4,2,0.5,Sixes,Group 3
boys,Sluice Crossing|boys,4,0,0.0,Crossing,7A
boys,Sluice Valley|boys,5,3,0.6,Sluice Valley,Group 2
boys,Snowline|boys,4,3,0.75,Snowline,9A
boys,Sofia Romanov North|boys,11,6,0.5454545454545454,Cheney,5A
boys,Sofía Aranda|boys,3,0,0.0,Montclair,8A
boys,Sofía Cordero|boys,8,5,0.625,J.Q. Adams,5A
boys,Soren Ekström|boys,4,2,0.5,Alderpoint,3A
boys,South Wheeler|boys,5,3,0.6,South Wheeler,Group 1
boys,Southern Jefferson Christian|boys,9,4,0.4444444444444444,Uplands,Group 3
boys,Southridge Christian|boys,5,5,1.0,Southridge Christian,9A
boys,Spring Harvest|boys,6,3,0.5,Spring Harvest,Group 2
boys,St. Agnes Academy|boys,2,1,0.5,Jacmel,7A
boys,St. Basil Academy|boys,4,3,0.75,Cahokia Mounds,5A
boys,St. Brigid Preparatory|boys,5,2,0.4,Kingston,Group 1
boys,St. Brigid School|boys,6,4,0.6666666666666666,Kuopio,Group 2
boys,St. Casimir High School North|boys,5,4,0.8,Casimir Creek,Group 3
boys,St. Casimir Preparatory|boys,7,4,0.5714285714285714,Brightwater,5A
boys,St. Catherine College Prep|boys,7,3,0.42857142857142855,Lizarra,Group 2
boys,St. Cecilia Academy|boys,5,3,0.6,Quartzburg,1A
boys,St. Dominic Academy|boys,4,2,0.5,Wildrye,Group 2
boys,St. Elian|boys,3,2,0.6666666666666666,Kimberly,2A
boys,St. Elias Academy|boys,7,4,0.5714285714285714,Port Ainsley,3A
boys,St. Elias College Prep|boys,7,2,0.2857142857142857,Aranaz,Group 2
boys,St. Elias School|boys,3,1,0.3333333333333333,Tidewater,6A
boys,St. Francis Xavier College Prep|boys,9,4,0.4444444444444444,South Pomar,2A
boys,St. Francis Xavier Preparatory|boys,6,1,0.16666666666666666,Clarendon,Group 2
boys,St. Gabriel Preparatory|boys,7,2,0.2857142857142857,Orchardgate,1A
boys,St. Genevieve High School|boys,10,5,0.5,Bravewoman,1A
boys,St. Genevieve|boys,11,6,0.5454545454545454,Whitegrass,1A
boys,St. Helena Academy|boys,7,1,0.14285714285714285,Helena Academy,4A
boys,St. Helena College Prep|boys,4,2,0.5,Swiss Hills Prep,7A
boys,St. Helena School|boys,5,3,0.6,Saltmarsh,3A
boys,St. Isidore|boys,7,4,0.5714285714285714,North Averill,5A
boys,St. Jerome Academy|boys,4,2,0.5,Isla Verde,1A
boys,St. Lucy|boys,9,5,0.5555555555555556,Tallgrass,3A
boys,St. Martin Preparatory|boys,7,5,0.7142857142857143,Greaves West,Group 2
boys,St. Michael Academy North|boys,10,4,0.4,Green Valley,Group 1
boys,St. Michael Academy|boys,11,5,0.45454545454545453,Harriman East,Group 2
boys,St. Nicholas College Prep|boys,9,5,0.5555555555555556,Natchez Prep,6A
boys,St. Olga College Prep|boys,7,4,0.5714285714285714,Mercer Latin,5A
boys,St. Perpetua Preparatory|boys,9,8,0.8888888888888888,St. Josephine Bakhita,1A
boys,St. Perpetua|boys,5,3,0.6,Farview,6A
boys,St. Sebastian Prep North|boys,3,2,0.6666666666666666,Sherwood Bench,8A
boys,St. Sebastian Prep|boys,9,4,0.4444444444444444,St. Sebastian Prep,3A
boys,St. Sophia Preparatory|boys,4,4,1.0,Marshfield Prep,8A
boys,St. Sophia School|boys,9,4,0.4444444444444444,North Wind,3A
boys,St. Teresa High School|boys,5,2,0.4,St. Teresa,Group 1
boys,St. Varian|boys,5,2,0.4,Hurston,6A
boys,St. Veronica|boys,3,2,0.6666666666666666,Yarrowfield,3A
boys,St. Vincent School|boys,11,3,0.2727272727272727,St. Vincent,6A
boys,Stagewater County High|boys,4,3,0.75,Wong,Group 2
boys,Standale|boys,9,6,0.6666666666666666,Lieksa,Group 3
boys,Stanfield High|boys,3,0,0.0,Stanfield,1A
boys,Star Valley Catholic|boys,6,3,0.5,Star Valley Catholic,Group 2
boys,Star Valley Regional|boys,1,1,1.0,Star Valley Regional,Group 2
boys,Starlake Canal View|boys,8,3,0.375,North Starlake,Group 3
boys,Starlake|boys,14,8,0.5714285714285714,Starlake,Group 3
boys,Starlight School of Science and Industry|boys,9,2,0.2222222222222222,Observatory,7A
boys,Starlight|boys,3,1,0.3333333333333333,Starlight,7A
boys,Steelbridge|boys,9,3,0.3333333333333333,Forge,4A
boys,Steelhead Divide|boys,9,4,0.4444444444444444,Steelhead Divide,3A
boys,Stone Meadows|boys,6,2,0.3333333333333333,Raahe,Group 3
boys,Stone Springs|boys,6,1,0.16666666666666666,Simmons,Group 1
boys,Sulphur Springs|boys,10,5,0.5,Sulphur Springs,4A
boys,Summervale Heights|boys,15,7,0.4666666666666667,Aspen Hollow,1A
boys,Summervale Northwest|boys,8,6,0.75,Star Hollow,3A
boys,Summervale|boys,6,5,0.8333333333333334,Summervale,3A
boys,Summit High|boys,3,0,0.0,Summit,8A
boys,Sutter Basin|boys,5,3,0.6,Sutter Basin,2A
boys,Svenja Adler|boys,8,3,0.375,East Range Agricultural,5A
boys,Svenja Bianchi|boys,6,5,0.8333333333333334,Tamarack,9A
boys,Svenja Ekström|boys,4,2,0.5,Memorial,8A
boys,Tailing Crossing-Ewart Bar Union|boys,7,5,0.7142857142857143,Fountain Park,2A
boys,Tallow|boys,7,4,0.5714285714285714,Tallow,2A
boys,Tamarack Harbor|boys,5,2,0.4,Tamarack Harbor,9A
boys,Tamarack Springs|boys,10,8,0.8,Mineral Springs,2A
boys,Tatiana Moroz North|boys,6,2,0.3333333333333333,Ironwood Flats,8A
boys,Telfair Country Day School|boys,7,2,0.2857142857142857,Telfair Country Day,9A
boys,Telfair|boys,5,4,0.8,Pacersburg,4A
boys,Teresa Escobedo|boys,9,5,0.5555555555555556,Canyon,4A
boys,Terrace Park|boys,4,0,0.0,Terrace Park,Group 1
boys,The Dalles High|boys,12,6,0.5,The Dalles,5A
boys,Thelma Avery|boys,11,7,0.6363636363636364,Readbury,9A
boys,Thelma Moss North|boys,6,3,0.5,Serenity Valley,7A
boys,Thelma Moss|boys,5,1,0.2,Roscoe Village,5A
boys,Thomas Ekström|boys,2,0,0.0,Lago Vista,8A
boys,Thomas Halvorsen|boys,2,0,0.0,Hollywood,8A
boys,Thomas Jansen North|boys,7,4,0.5714285714285714,Gershwin,5A
boys,Thomas Jansen|boys,5,2,0.4,Lone Pine,7A
boys,Thomas Moreau|boys,5,2,0.4,Elkhorn,2A
boys,Thornford|boys,9,5,0.5555555555555556,Thorn Summit,1A
boys,Three Saints|boys,8,3,0.375,Three Saints,4A
boys,Thurgood Marshall North|boys,9,5,0.5555555555555556,Carrollton,6A
boys,Thurgood Marshall|boys,6,4,0.6666666666666666,Marshall,9A
boys,Timber Crest North|boys,4,2,0.5,Crestline,4A
boys,Timber Crest|boys,4,4,1.0,Timber Crest,3A
boys,Timberline North|boys,6,3,0.5,Allegheny,Group 2
boys,Timberline|boys,5,4,0.8,Timberline,Group 2
boys,Tindall Heights|boys,7,3,0.42857142857142855,Montpelier,5A
boys,Tindall|boys,5,5,1.0,Tindall,5A
boys,Tomás Mendoza|boys,7,4,0.5714285714285714,Fairgrounds,5A
boys,Topeka West|boys,6,2,0.3333333333333333,Topeka,Group 3
boys,Treasure Valley North|boys,1,0,0.0,Petoskey,Group 2
boys,Treasure Valley|boys,8,3,0.375,Caney,Group 1
boys,Trinity Catholic|boys,4,2,0.5,Trinity Catholic,9A
boys,Trinity Christian|boys,6,4,0.6666666666666666,Stillwater,1A
boys,Trout Lake|boys,11,5,0.45454545454545453,Trout Lake,1A
boys,Tule Flat Lutheran|boys,6,1,0.16666666666666666,Reed Lake,1A
boys,Tule Flat|boys,9,4,0.4444444444444444,Tule Flat,3A
boys,Tule|boys,11,4,0.36363636363636365,New Bergen,4A
boys,Tungsten Reach|boys,6,2,0.3333333333333333,Tungsten,Group 3
boys,Tunnel Diggings|boys,6,3,0.5,Tunnel Diggings,4A
boys,Tunnelton|boys,5,0,0.0,Tunnelton,3A
boys,Tunnelwood|boys,5,4,0.8,Tunnelwood,3A
boys,Twin Rivers|boys,5,1,0.2,Twin Rivers,Group 3
boys,Ukiah High|boys,14,7,0.5,Ukiah,8A
boys,Umatilla High|boys,5,3,0.6,Umatilla,5A
boys,Union High|boys,7,4,0.5714285714285714,Union,2A
boys,Utah|boys,8,5,0.625,Utah,Group 1
boys,Valderra Aviation and Engineering Academy|boys,8,2,0.25,Coyote Bend,9A
boys,Valderra Technical Arts Academy|boys,5,4,0.8,D. Eisenhower,8A
boys,Valderra|boys,10,4,0.4,Valderra,8A
boys,Vale High|boys,7,2,0.2857142857142857,Vale,2A
boys,Valley Christian|boys,4,2,0.5,Valley Christian,6A
boys,Valley Forge North|boys,4,2,0.5,Forge Hollow,3A
boys,Valley Forge|boys,9,5,0.5555555555555556,Valley Forge,6A
boys,Vasquez North|boys,8,5,0.625,Fontainebleau,4A
boys,Vasquez|boys,4,3,0.75,Fruitvale,5A
boys,Vermillion|boys,1,1,1.0,Vermillion,Group 1
boys,Vernon Moss|boys,8,3,0.375,Playa Honda,1A
boys,Vesper Polytechnic Institute|boys,8,4,0.5,Funtsville,3A
boys,Vespertine|boys,4,3,0.75,Vespertine,8A
boys,Vessey Junction-Tailingford Union|boys,11,4,0.36363636363636365,Tailingford Union,1A
boys,Vessey Junction|boys,11,4,0.36363636363636365,Vessey Junction,2A
boys,Viktor Antonov|boys,8,5,0.625,Verrettes,6A
boys,Viktor Gromov|boys,3,2,0.6666666666666666,Armour Fields,Group 1
boys,Viktor Kareva|boys,4,1,0.25,Cedar Point,5A
boys,Villard|boys,5,3,0.6,Villard,2A
boys,Vista Terrace|boys,7,3,0.42857142857142855,Vista Terrace,9A
boys,Wales City|boys,7,7,1.0,Wales City,5A
boys,Wallowa High|boys,9,6,0.6666666666666666,Wallowa,1A
boys,Walnut Yard|boys,6,4,0.6666666666666666,South Simmons,2A
boys,Walter Hart North|boys,4,2,0.5,Wicomico,7A
boys,Walter Hart|boys,3,0,0.0,Kittery,5A
boys,Walter Mondale|boys,11,3,0.2727272727272727,Mondale,9A
boys,Weissburg|boys,8,4,0.5,Weissburg,4A
boys,Weller Regional|boys,10,7,0.7,Yandell,Group 3
boys,Wellsville County Catholic|boys,1,0,0.0,Hyrum,Group 2
boys,Welsh Plains Northwest|boys,11,7,0.6363636363636364,Grayston,3A
boys,Welsh Plains|boys,8,5,0.625,Welsh Plains,5A
boys,West Oberlin|boys,4,2,0.5,West Oberlin,Group 1
boys,Western Slope Christian|boys,10,2,0.2,Western Slope,3A
boys,Weston-McEwen High|boys,7,3,0.42857142857142855,Weston-McEwen,1A
boys,Westover|boys,4,2,0.5,Westover,8A
boys,Westside Christian|boys,4,3,0.75,Westside Christian,9A
boys,Wheatley|boys,5,1,0.2,Wheatley,1A
boys,Wheeler Academy|boys,10,4,0.4,Wheeler Academy,7A
boys,Wickbrook|boys,6,4,0.6666666666666666,Salmon Bay,1A
boys,Willow Creek|boys,8,6,0.75,Willow Creek,5A
boys,Windrow|boys,4,0,0.0,Windrow,Group 3
boys,Winifred Davenport|boys,7,3,0.42857142857142855,Lost River,7A
boys,Winifred Ellison|boys,3,2,0.6666666666666666,Kingwood,5A
boys,Winifred Stokes|boys,5,3,0.6,Mesa Co-op,7A
boys,Wishram High|boys,7,3,0.42857142857142855,Wishram,1A
boys,Wolf Gap International School|boys,9,3,0.3333333333333333,Wolf Gap International,2A
boys,Wolf Gap|boys,4,3,0.75,Corey Canyon,3A
boys,Wyoming Valley|boys,4,2,0.5,Wyoming Valley,Group 2
boys,Xabier Arregui|boys,9,5,0.5555555555555556,Sinkford,3A
boys,Xavier Robles|boys,8,5,0.625,Elk River,5A
boys,Yarburg|boys,5,1,0.2,Yarburg,2A
boys,Yarmere|boys,11,8,0.7272727272727273,Yarmere,1A
boys,Yelena Belov|boys,5,2,0.4,Pennsauke,9A
boys,Yelena Sokolov|boys,4,2,0.5,Bowerstock,8A
boys,Yuri Chernov|boys,4,3,0.75,Sunset Hills,8A
boys,Yuri Kochiyama|boys,6,3,0.5,Kochiyama,4A
boys,Zoya Orlov|boys,6,2,0.3333333333333333,Sacred Heart,7A
boys,Zubieta River Plain|boys,5,4,0.8,River Plain,Group 1
boys,Zubieta|boys,3,2,0.6666666666666666,Zubieta,Group 1
girls,Abbey Vale Orchard Hill|girls,9,5,0.5555555555555556,B.T. Washington,2A
girls,Abraham Lincoln|girls,5,2,0.4,Lincoln,8A
girls,Adela Robles North|girls,5,2,0.4,Cliffside,9A
girls,Adela Robles|girls,4,4,1.0,Biloxi Heights,4A
girls,Adela Villaseñor|girls,7,4,0.5714285714285714,Cape Jean,7A
girls,Adrian High|girls,6,3,0.5,Adrian,1A
girls,Agate|girls,2,0,0.0,Agate,Group 3
girls,Ainhoa Mendizabal|girls,8,5,0.625,Charles Harbor,Group 1
girls,Aitor Echevarria|girls,5,2,0.4,Point Loma,Group 1
girls,Aitor Zubieta|girls,4,3,0.75,Borough Beach,8A
girls,Alben Barkley|girls,13,4,0.3076923076923077,Barkley,2A
girls,Aldecoa Academy of Arts and Letters|girls,8,3,0.375,Coyote Springs,Group 1
girls,Aldecoa Applied Sciences Institute|girls,9,7,0.7777777777777778,Deadwood,Group 1
girls,Aldecoa Depot High|girls,5,2,0.4,Grant,Group 1
girls,Aldecoa|girls,9,5,0.5555555555555556,Aldecoa,Group 1
girls,Alder Landing Beacon Hill|girls,10,5,0.5,Bay Oregon,3A
girls,Alderfield|girls,5,2,0.4,Linden,1A
girls,Aldermont|girls,6,4,0.6666666666666666,Cape Angeles,2A
girls,Alderton|girls,7,3,0.42857142857142855,Alderton,1A
girls,Alina Belov|girls,6,1,0.16666666666666666,Clear Lake,Group 2
girls,All Saints Episcopal|girls,2,2,1.0,All Saints Episcopal,3A
girls,Altamonte Civic Leadership Academy|girls,12,5,0.4166666666666667,Senator Gray,8A
girls,Altamonte|girls,9,5,0.5555555555555556,Altamonte,8A
girls,Amaia Aramburu North|girls,11,4,0.36363636363636365,Belmonte South,1A
girls,Amaia Aramburu|girls,7,5,0.7142857142857143,K.B. Jackson,5A
girls,Amaia Echevarria|girls,7,4,0.5714285714285714,Redwood,Group 1
girls,Amaia Etxeberria|girls,3,2,0.6666666666666666,Boyle Heights,Group 1
girls,Amalia Escobedo|girls,3,1,0.3333333333333333,Petoskey Rock,7A
girls,Amelia Freeman North|girls,3,3,1.0,Casco,5A
girls,Amelia Freeman|girls,10,6,0.6,Nanticoke,5A
girls,Amelia|girls,10,5,0.5,Amelia,9A
girls,Amos Cross|girls,4,4,1.0,L.B. Johnson,9A
girls,Amos Moss|girls,3,3,1.0,Robledo,7A
girls,Ander Aramburu|girls,12,4,0.3333333333333333,Western Sky,Group 1
girls,Ander Arrieta|girls,4,1,0.25,Bolinas,6A
girls,Andrew Jackson North|girls,9,5,0.5555555555555556,Chaparral,8A
girls,Andrés Ibarra|girls,1,1,1.0,Monongahela,Group 1
girls,Andrés Valera North|girls,11,5,0.45454545454545453,Pawnee,6A
girls,Andrés Valera|girls,5,2,0.4,Basalt,4A
girls,Anneliese Halvorsen|girls,3,2,0.6666666666666666,Washington,8A
girls,Anneliese Ricci|girls,6,5,0.8333333333333334,Carondelet,9A
girls,Annie Springs Crater View|girls,7,5,0.7142857142857143,Crater View,8A
girls,Annie Springs|girls,9,5,0.5555555555555556,Annie Springs,2A
girls,Ansotegui Siding Commonwealth|girls,6,3,0.5,Pinebluffs,7A
girls,Antelope Butte|girls,13,9,0.6923076923076923,Antelope Butte,6A
girls,Anya Antonov|girls,9,4,0.4444444444444444,Mar Vista,9A
girls,Anya Belov|girls,9,3,0.3333333333333333,Arroyo,4A
girls,Anya Orlov|girls,6,3,0.5,Riviere Salee,1A
girls,Archbishop Doyle Prep|girls,3,1,0.3333333333333333,Doyle,6A
girls,Archbishop Quinlan|girls,7,3,0.42857142857142855,Quaking Aspen,1A
girls,Arlington High|girls,6,2,0.3333333333333333,Arlington,1A
girls,Arrieta Treasure Valley|girls,5,1,0.2,Canyonlands,7A
girls,Arrieta|girls,7,3,0.42857142857142855,Arrieta,9A
girls,Ashbrook|girls,8,6,0.75,Ashbrook,Group 3
girls,Ashbury Central North|girls,2,0,0.0,Kishwaukee,Group 2
girls,Ashbury Central|girls,2,1,0.5,Tallulah Central,Group 1
girls,Ashbury East|girls,5,2,0.4,Alameda,7A
girls,Ashbury Heights|girls,6,1,0.16666666666666666,Ashbury Central,9A
girls,Ashbury West|girls,9,0,0.0,Laurel Park,9A
girls,Ashfield|girls,5,3,0.6,California Beach,1A
girls,Ashwood|girls,13,6,0.46153846153846156,Gruesome Ridge,2A
girls,Aspen Harbor|girls,12,8,0.6666666666666666,East Simmons,Group 3
girls,Assay|girls,8,5,0.625,Assay,Group 3
girls,Astrid Ricci|girls,1,0,0.0,Jesuit,9A
girls,Atlanta|girls,6,2,0.3333333333333333,Atlanta,Group 1
girls,Aurelia Classical Academy|girls,3,3,1.0,Goodman,Group 1
girls,Aurelia|girls,1,1,1.0,Aurelia,Group 1
girls,Averill|girls,7,3,0.42857142857142855,Averill,4A
girls,Bahía Leal|girls,6,3,0.5,Bahía Leal,7A
girls,Baker High|girls,7,4,0.5714285714285714,Baker,5A
girls,Bancroft|girls,3,2,0.6666666666666666,Bancroft,3A
girls,Baptist HS|girls,2,1,0.5,Baptist,7A
girls,Barclay Golden Gate|girls,9,6,0.6666666666666666,Gate City,5A
girls,Barclay|girls,4,2,0.5,Barclay,3A
girls,Bardsley County High|girls,8,5,0.625,Violet City,3A
girls,Bardsley County|girls,6,2,0.3333333333333333,Bardsley County,8A
girls,Barley Gap|girls,8,7,0.875,Barley Gap,1A
girls,Barleyfield|girls,4,1,0.25,Barleyfield,4A
girls,Barlowe County High|girls,7,3,0.42857142857142855,Barlowe County,4A
girls,Basalt Fork|girls,7,4,0.5714285714285714,Río Salado,1A
girls,Basalt Prairie Union|girls,6,4,0.6666666666666666,Prairie,Group 3
girls,Bayard Rustin|girls,13,6,0.46153846153846156,Rustin,9A
girls,Beacon Hill|girls,7,3,0.42857142857142855,Beacon Hill,4A
girls,Beargrass Christian|girls,14,9,0.6428571428571429,Beargrass,Group 3
girls,Beatrice Davenport|girls,6,2,0.3333333333333333,Fort Halloran,4A
girls,Beatriz Salcedo|girls,5,3,0.6,Spring Branch,Group 1
girls,Beatriz Zamora|girls,7,5,0.7142857142857143,Tower Grove,9A
girls,Bellacosta|girls,3,3,1.0,Bellacosta,7A
girls,Bell|girls,5,3,0.6,Bell,8A
girls,Belmonte Agricultural Sciences Academy|girls,7,6,0.8571428571428571,Pelican Town,6A
girls,Belmonte Applied Sciences Institute|girls,8,4,0.5,Yazoo,2A
girls,Belmonte Civic Leadership Academy|girls,5,4,0.8,Keeler,9A
girls,Belmonte Classical Academy|girls,9,2,0.2222222222222222,J. Madison,7A
girls,Belmonte Health Sciences Academy|girls,10,4,0.4,Dusty Spur,6A
girls,Belmonte Northwest|girls,9,5,0.5555555555555556,Kokomo,Group 1
girls,Belmonte River Plain|girls,8,3,0.375,Chillicothe,Group 1
girls,Belmonte Technical Arts Academy|girls,3,0,0.0,Sojourner Truth,4A
girls,Belmonte|girls,8,4,0.5,Belmonte,6A
girls,Belyakov Academy of Music and Media|girls,2,1,0.5,Walter-Kenny,4A
girls,Belyakov Agricultural Sciences Academy|girls,4,3,0.75,Mickey Mantle,9A
girls,Belyakov Depot High|girls,6,1,0.16666666666666666,Anse Doree,8A
girls,Belyakov Environmental Sciences Academy|girls,6,3,0.5,Friendship City,9A
girls,Belyakov Polytechnic Institute|girls,7,5,0.7142857142857143,Morne Caribou Polytechnic,5A
girls,Belyakov River Plain North|girls,6,3,0.5,Lycee Valmont,6A
girls,Belyakov River Plain|girls,4,2,0.5,Grand Fond,5A
girls,Belyakov School of Science and Industry|girls,4,3,0.75,Kongisburg,8A
girls,Belyakov|girls,3,1,0.3333333333333333,East Moscow,8A
girls,Benchton|girls,7,4,0.5714285714285714,Benchton,5A
girls,Bend Senior High|girls,10,8,0.8,Bend Senior,8A
girls,Benedetti|girls,6,5,0.8333333333333334,Benedetti,6A
girls,Benjamin Banneker|girls,5,2,0.4,Banneker,9A
girls,Benton Cross|girls,9,7,0.7777777777777778,Benton Cross,2A
girls,Berrio|girls,8,5,0.625,Berrio,3A
girls,Bethel Christian|girls,8,6,0.75,Bethel Christian,2A
girls,Beulah Landing|girls,11,6,0.5454545454545454,Beulah Landing,1A
girls,Bidwell City|girls,10,7,0.7,Alfalfa City,1A
girls,Bidwell County|girls,8,5,0.625,County Line,1A
girls,Bidwell|girls,11,7,0.6363636363636364,Bidwell,1A
girls,Bishop Ferraro|girls,6,1,0.16666666666666666,Ferraro,2A
girls,Black Springs|girls,5,1,0.2,Black Springs,9A
girls,Blackbird Canyon|girls,9,4,0.4444444444444444,Tallulah Canyon,4A
girls,Blackpine North|girls,13,6,0.46153846153846156,Ravenwood,4A
girls,Blackpine|girls,7,6,0.8571428571428571,Blackpine,5A
girls,Boley Union|girls,3,1,0.3333333333333333,Boley,Group 2
girls,Bonds|girls,3,0,0.0,Bonds,Group 2
girls,Boyerstown North|girls,2,0,0.0,Alder Crossing,7A
girls,Boyerstown|girls,7,5,0.7142857142857143,Boyerstown,5A
girls,Brackwood Union|girls,7,3,0.42857142857142855,Brackwood Pass,1A
girls,Breakwater North|girls,6,4,0.6666666666666666,Lighthouse,7A
girls,Breakwater|girls,5,1,0.2,Tide Point,5A
girls,Bridger Regional|girls,5,4,0.8,Bridger Regional,Group 2
girls,Brookmont|girls,2,2,1.0,Brookmont,7A
girls,Buckeye Bend|girls,10,3,0.3,Wyalusing,4A
girls,Burdensome|girls,3,1,0.3333333333333333,Burdensome,Group 2
girls,Burnt River High|girls,1,0,0.0,Burnt River,1A
girls,Cabo Esperanza Technical Arts Academy|girls,9,4,0.4444444444444444,Cabo Esperanza Tech,3A
girls,Calasanz Prep|girls,7,1,0.14285714285714285,Calasanz Prep,4A
girls,Caldera High|girls,14,5,0.35714285714285715,Caldera,8A
girls,Calderwood School|girls,4,4,1.0,Calderwood,3A
girls,Calder|girls,5,0,0.0,Calder,6A
girls,Calvary Chapel Ditch Fork|girls,10,7,0.7,Cassius,1A
girls,Calvary Chapel Kilbride Switch|girls,5,2,0.4,Gottschalk-Herman,2A
girls,Calvary Chapel Olivet|girls,4,2,0.5,Banfield Day,1A
girls,Camden Flat|girls,10,5,0.5,Camden Flat,1A
girls,Canaan Bend|girls,7,2,0.2857142857142857,Canaan Bend,2A
girls,Canal View North|girls,5,2,0.4,Lateral Seven,5A
girls,Canal View|girls,12,5,0.4166666666666667,Springfield,6A
girls,Carden City|girls,7,5,0.7142857142857143,Carden City,Group 1
girls,Carmen Cordero|girls,8,4,0.5,Bannock,9A
girls,Carmen Valera|girls,7,3,0.42857142857142855,Ferris,9A
girls,Carmina|girls,2,1,0.5,Carmina,Group 2
girls,Carroway School of Public Service|girls,11,5,0.45454545454545453,Liberty Hill,6A
girls,Carroway|girls,4,2,0.5,Carroway,3A
girls,Caswell Depot High|girls,5,3,0.6,Cherry Hill North,2A
girls,Caswell I-50 Technical|girls,14,9,0.6428571428571429,Cherry Hill South,8A
girls,Caswell School of Science and Industry|girls,11,7,0.6363636363636364,Arthur,5A
girls,Caswell University Prep|girls,5,2,0.4,Palisade Prep,3A
girls,Caswell|girls,6,4,0.6666666666666666,Caswell,8A
girls,Cañada Grande|girls,3,0,0.0,Cañada Grande,Group 1
girls,Cedarport|girls,3,1,0.3333333333333333,North San Francisco,7A
girls,Central Christian|girls,8,2,0.25,Winter Valley,3A
girls,Chaff Head|girls,10,3,0.3,Chaff Head,2A
girls,Chaminade|girls,3,2,0.6666666666666666,Chaminade,6A
girls,Charleston-on-the-Coast|girls,7,3,0.42857142857142855,Charleston-on-the-Coast,3A
girls,Cherry Hill East|girls,3,2,0.6666666666666666,Cherry Hill East,7A
girls,Chicago Island|girls,6,2,0.3333333333333333,Chicago Island,Group 2
girls,Christ the King|girls,7,5,0.7142857142857143,Christ the King,1A
girls,Ciderhaven|girls,2,0,0.0,Ciderhaven,3A
girls,Cincinnati|girls,8,6,0.75,Cincinnati,Group 1
girls,Clara Cross|girls,5,3,0.6,Red Mesa,8A
girls,Clover Reach|girls,2,0,0.0,Clover,5A
girls,Coast Prairie|girls,11,6,0.5454545454545454,Coast Prairie,1A
girls,Coastal Christian|girls,6,4,0.6666666666666666,Coastal Christian,1A
girls,Commonwealth|girls,9,7,0.7777777777777778,Commonwealth,9A
girls,Condon High|girls,4,3,0.75,Condon,1A
girls,Condotti Vanguard Academy|girls,1,0,0.0,Condotti Vanguard Academy,7A
girls,Coolidge|girls,6,3,0.5,Seagrove,9A
girls,Copper Bar|girls,6,1,0.16666666666666666,Copper Bar,Group 2
girls,Copper Crossing|girls,6,4,0.6666666666666666,Copper Gap,1A
girls,Copper Lake East|girls,8,3,0.375,Bridgewater,6A
girls,Copper Lake West|girls,5,3,0.6,Azurite,7A
girls,Copper Lake|girls,6,4,0.6666666666666666,Copper Lake,7A
girls,Corliss Regional|girls,3,0,0.0,Corliss Regional,3A
girls,Cortland|girls,7,3,0.42857142857142855,Cortland,9A
girls,Costa Verde North|girls,9,3,0.3333333333333333,Verde Highlands,5A
girls,Costa Verde|girls,10,4,0.4,Costa Verde,4A
girls,Cottonrock Point|girls,6,3,0.5,Cottonrock Point,4A
girls,Cove High|girls,10,4,0.4,Cove,2A
girls,Covenant Christian|girls,5,0,0.0,Covenant Christian,Group 3
girls,Cradle Reach|girls,6,4,0.6666666666666666,Cradle,2A
girls,Crane|girls,11,7,0.6363636363636364,Crane,3A
girls,Crown Hill|girls,5,1,0.2,Crown Hill,7A
girls,Cub River Catholic|girls,3,1,0.3333333333333333,Coldwater,Group 2
girls,Cutbank|girls,7,3,0.42857142857142855,Cutbank,Group 2
girls,César Mendoza|girls,6,3,0.5,De La Salle,9A
girls,Dahlberg School of Science and Industry|girls,14,8,0.5714285714285714,Hartford City,3A
girls,Dahlberg|girls,1,0,0.0,Dahlberg Summit,3A
girls,Daniel Gaines North|girls,10,5,0.5,Tensas,7A
girls,Daniel Gaines|girls,5,3,0.6,Vicksburg,7A
girls,Dawkins|girls,3,2,0.6666666666666666,Dawkins,Group 2
girls,Delbarton|girls,6,4,0.6666666666666666,Delbarton,7A
girls,Depot High North|girls,9,3,0.3333333333333333,Natchez,Group 1
girls,Depot High|girls,12,10,0.8333333333333334,Passaic,4A
girls,Diamante|girls,6,3,0.5,Diamante,Group 3
girls,Ditch Fork|girls,6,3,0.5,Ditch Fork,8A
girls,Dolores Huerta|girls,6,4,0.6666666666666666,Huerta,9A
girls,Dovetail|girls,6,3,0.5,Dovetail,Group 3
girls,Doyle Junction|girls,3,2,0.6666666666666666,Doyle Pass,4A
girls,Doyleville Union|girls,4,1,0.25,Doyleville Union,Group 3
girls,Draybrook Union|girls,3,2,0.6666666666666666,Draybrook Union,2A
girls,Drayfield Foundry High|girls,5,1,0.2,Empire,Group 2
girls,Drayfield|girls,5,3,0.6,Drayfield,Group 2
girls,Dry Lake|girls,8,4,0.5,Dry Lake,6A
girls,Dufur High|girls,5,3,0.6,Dufur,1A
girls,Eagleton|girls,8,2,0.25,Eagleton,Group 3
girls,Eastgate North|girls,5,2,0.4,Eastgate North,6A
girls,Eastmont Christian|girls,5,3,0.6,Eastmont,4A
girls,Eatonville Central|girls,10,2,0.2,Eatonville,Group 3
girls,Echevarria Foundry High|girls,2,2,1.0,Bitterroot,Group 1
girls,Echevarria I-50 Technical|girls,8,4,0.5,Red Bluff,Group 1
girls,Echo High|girls,3,1,0.3333333333333333,Echo,2A
girls,Eden County Christian|girls,12,10,0.8333333333333334,Eden,Group 2
girls,Edith Hart|girls,4,3,0.75,Bellarmine Prep,7A
girls,Edith Mercer|girls,1,1,1.0,Forest Park,9A
girls,Edith Tillman|girls,4,3,0.75,Norwood Park,Group 2
girls,Edith Ward|girls,10,7,0.7,Central West End,5A
girls,Eisenhower|girls,7,4,0.5714285714285714,Flume River,4A
girls,Eleanor Tillman|girls,8,2,0.25,Anchor,3A
girls,Elena Mendoza North|girls,7,3,0.42857142857142855,Cahaba,Group 1
girls,Elena Petrenko|girls,4,2,0.5,Kingsway,Group 1
girls,Elena Petrov|girls,7,4,0.5714285714285714,Talladega,9A
girls,Elgin High|girls,4,1,0.25,Elgin,2A
girls,Elias Mercier|girls,13,8,0.6153846153846154,Cascade,5A
girls,Elk Bluff|girls,12,7,0.5833333333333334,Elk Bluff,Group 3
girls,Elk Crossing|girls,8,5,0.625,Elk Crossing,3A
girls,Elk Prairie|girls,4,1,0.25,Carolina Island,1A
girls,Elk Run|girls,7,3,0.42857142857142855,Elk Run,2A
girls,Ella Baker|girls,7,5,0.7142857142857143,E. Baker,Group 2
girls,Elmburg|girls,7,1,0.14285714285714285,Mt Jacqueline,1A
girls,Elmfield|girls,7,5,0.7142857142857143,Nurmes,Group 3
girls,Emerson|girls,8,8,1.0,Emerson,6A
girls,Emigrant Trail|girls,6,3,0.5,Trailhead,Group 2
girls,Emilia Jansen|girls,10,7,0.7,Sharpstown,4A
girls,Emporia|girls,4,2,0.5,Emporia,Group 3
girls,Enterprise High|girls,10,5,0.5,Enterprise,2A
girls,Esteban Téllez|girls,10,6,0.6,Sawtelle,Group 1
girls,Etchartville|girls,4,2,0.5,Etchartville,Group 1
girls,Etchart|girls,11,5,0.45454545454545453,Etchart,Group 3
girls,Evelyn Booker|girls,7,6,0.8571428571428571,Taft,4A
girls,Ewart City|girls,7,5,0.7142857142857143,Cook City,8A
girls,Ewartville|girls,9,4,0.4444444444444444,Fort Tabor,2A
girls,Featherstone Institute|girls,5,1,0.2,Featherstone Tech,1A
girls,Featherton|girls,10,5,0.5,Featherton,2A
girls,Fellows Mill Civic Leadership Academy|girls,11,2,0.18181818181818182,Millworks,4A
girls,Fellows Mill International School|girls,6,2,0.3333333333333333,Mill Bar,3A
girls,Fellows Mill|girls,4,2,0.5,Fellows Mill,4A
girls,Ferris Union|girls,7,2,0.2857142857142857,Union Prairie,Group 3
girls,Fig Gap|girls,9,4,0.4444444444444444,Río Verde,2A
girls,Fletcher-Garrison Hall|girls,11,9,0.8181818181818182,Fletcher-Garrison Hall,3A
girls,Flume|girls,10,5,0.5,Flume,1A
girls,Fogline|girls,4,1,0.25,Fogline,2A
girls,Foothills Christian|girls,6,3,0.5,Foothills Christian,1A
girls,Fort Carden|girls,8,4,0.5,Fort Carden,8A
girls,Fort Meriwether Breakwater|girls,8,6,0.75,Breakwater,8A
girls,Fort Meriwether Foundry High North|girls,1,1,1.0,Westfield Friends,5A
girls,Fort Meriwether Foundry High|girls,6,3,0.5,Ironworks,6A
girls,Fort Meriwether|girls,7,3,0.42857142857142855,Fort Meriwether,5A
girls,Fort Salish Independent School|girls,6,2,0.3333333333333333,Bayside Christian,6A
girls,Fort Salish|girls,8,7,0.875,Fort Weller,4A
girls,Fort Valois School of Design and Engineering|girls,11,5,0.45454545454545453,Valois Bluffs,Group 1
girls,Fort Valois School of Public Service|girls,1,0,0.0,Sagebrush,Group 1
girls,Fort Valois|girls,10,6,0.6,Fort Valois,Group 1
girls,Foundry High|girls,3,0,0.0,Esperanza,9A
girls,Four Rivers Community School|girls,6,1,0.16666666666666666,Four Rivers Charter,2A
girls,Foxtail Meadows|girls,6,2,0.3333333333333333,Foxtail Meadows,5A
girls,Free Hill|girls,11,4,0.36363636363636365,Free Hill,1A
girls,Frontier High|girls,4,1,0.25,Frontier,Group 1
girls,Furrow Crossing|girls,9,6,0.6666666666666666,Furrow Crossing,5A
girls,Gabriel Montoya|girls,15,7,0.4666666666666667,Marlow,4A
girls,Gabriel Zúñiga|girls,3,1,0.3333333333333333,Longfellow,8A
girls,Gagarin School of Public Service|girls,5,4,0.8,Star City,5A
girls,Gagarin|girls,4,2,0.5,Gagarin,4A
girls,Galena|girls,5,3,0.6,Galena,Group 2
girls,Galina Markov|girls,5,3,0.6,Monroe,9A
girls,Galina Moroz|girls,8,4,0.5,Windward,2A
girls,Galina Romanov|girls,7,4,0.5714285714285714,Stagewater,Group 1
girls,Garazi Aramburu|girls,10,4,0.4,Ocean Park,Group 3
girls,Garazi Mendizabal|girls,4,3,0.75,Cedar,Group 2
girls,Garfield Park|girls,10,4,0.4,Reservoir Park,Group 2
girls,Garrity|girls,6,5,0.8333333333333334,Texas Beach,2A
girls,Garrow|girls,8,5,0.625,Garrow,5A
girls,George Washington Carver|girls,6,5,0.8333333333333334,Carver,6A
girls,Geraldine Cross|girls,2,1,0.5,Port Veles Episcopal,4A
girls,Gilhooly|girls,10,5,0.5,Gilhooly,2A
girls,Glenwood High|girls,6,0,0.0,Glenwood,1A
girls,Gold Hollow|girls,10,5,0.5,Gold Hollow,2A
girls,Gold Junction|girls,5,0,0.0,Seamus Town,2A
girls,Goldbank County|girls,6,3,0.5,Goldbank County,3A
girls,Golden Gate|girls,3,2,0.6666666666666666,Golden Gate,8A
girls,Goodman|girls,6,3,0.5,Fort Bardsley,3A
girls,Grace Christian|girls,4,3,0.75,Grace Christian,1A
girls,Grace Lee Boggs|girls,4,2,0.5,Boggs,5A
girls,Granite Bar|girls,12,5,0.4166666666666667,New Penzance Island,1A
girls,Granite Basin|girls,7,2,0.2857142857142857,Granite Basin,2A
girls,Gravel Narrows|girls,8,4,0.5,Gravel Narrows,Group 1
girls,Graymont|girls,8,1,0.125,Georgia Mills,Group 3
girls,Greaves Aviation and Engineering Academy|girls,5,4,0.8,Skypark,Group 2
girls,Greaves|girls,3,0,0.0,Greaves,Group 1
girls,Green River High|girls,9,5,0.5555555555555556,Green River,Group 1
girls,Greta Adler|girls,6,3,0.5,Topanga,7A
girls,Gulch Bend|girls,3,1,0.3333333333333333,West El Paso,6A
girls,Guthrie Catholic|girls,6,4,0.6666666666666666,Guthrie,Group 3
girls,Gwendolyn Brooks North|girls,7,4,0.5714285714285714,Lakewood,7A
girls,Gwendolyn Brooks|girls,11,6,0.5454545454545454,Brooks,8A
girls,Haddon Siding|girls,12,6,0.5,Haddon,2A
girls,Halbrook Technical|girls,8,2,0.25,Basin Gate,9A
girls,Halbrook Union|girls,4,2,0.5,Deaconsburg,7A
girls,Halbrook|girls,8,6,0.75,Halbrook,9A
girls,Halemere|girls,11,5,0.45454545454545453,Halemere,1A
girls,Halfway House|girls,5,2,0.4,Halfway House,2A
girls,Hampton Technical|girls,4,3,0.75,Hampton,Group 2
girls,Harbor Gate North|girls,4,3,0.75,Van Buren,9A
girls,Harlan Cole|girls,4,2,0.5,Harlan,8A
girls,Harlan Tillman|girls,6,2,0.3333333333333333,Xavier College Prep,8A
girls,Harold Calder|girls,8,3,0.375,Tomales Bay,6A
girls,Harold Tillman North|girls,5,0,0.0,Echevarria,Group 2
girls,Harold Tillman|girls,4,3,0.75,Copper Belt,Group 2
girls,Harold Williams|girls,3,1,0.3333333333333333,Tuskegee,9A
girls,Harriman Maritime Academy|girls,9,6,0.6666666666666666,Kennedy,Group 1
girls,Harriman South|girls,7,3,0.42857142857142855,Hidden Draw,Group 1
girls,Harriman|girls,9,2,0.2222222222222222,Harriman,Group 1
girls,Harrow School of Design and Engineering|girls,6,0,0.0,New Boston,Group 2
girls,Harry Truman|girls,5,2,0.4,Truman,4A
girls,Hawk Bar|girls,1,0,0.0,Hawk Bar,2A
girls,Hawk Lake Eastgate|girls,2,2,1.0,Oakhaven,6A
girls,Hawk Lake Southeast|girls,2,2,1.0,Pine Barrens,5A
girls,Hawk Lake|girls,3,1,0.3333333333333333,Hawk Lake,6A
girls,Hazel Bennett|girls,8,7,0.875,Benton Park,9A
girls,Hazel Hart|girls,4,1,0.25,Oak Meyer,2A
girls,Henrik Keller|girls,7,2,0.2857142857142857,W.H. Harrison,9A
girls,Herbert Hoover|girls,4,2,0.5,Hoover,4A
girls,Heritage Christian|girls,7,6,0.8571428571428571,Longmeadow,1A
girls,Hermiston High|girls,5,3,0.6,Hermiston,5A
girls,Heron Slough|girls,3,2,0.6666666666666666,Heron Slough,6A
girls,Hetfield|girls,6,1,0.16666666666666666,Brynildson Hill,Group 3
girls,Holy Cross|girls,11,4,0.36363636363636365,Holy Cross,8A
girls,Homecroft Manufacturing and Technology Academy|girls,10,5,0.5,West Burlington,Group 3
girls,Homecroft|girls,9,2,0.2222222222222222,Homecroft,Group 1
girls,Homestead North|girls,10,4,0.4,Garden Plain,Group 1
girls,Homestead|girls,9,2,0.2222222222222222,Homestead,Group 1
girls,Housatonic HS|girls,5,2,0.4,Housatonic,9A
girls,Huckle Butte|girls,10,4,0.4,Huckle Butte,Group 3
girls,Huckle Lake|girls,14,10,0.7142857142857143,Mount Dylan Lake,1A
girls,Huntington High|girls,8,3,0.375,Huntington,2A
girls,Hydraulicwood|girls,6,5,0.8333333333333334,Hydraulicwood,2A
girls,I-50 Technical North|girls,12,4,0.3333333333333333,Tuscarora,Group 1
girls,Ida B. Wells|girls,5,2,0.4,Wells,9A
girls,Idaho Valley|girls,5,3,0.6,Idaho Valley,Group 1
girls,Igor Chernov North|girls,6,4,0.6666666666666666,Fillmore,7A
girls,Igor Chernov|girls,5,3,0.6,Taylor,8A
girls,Iker Aramburu North|girls,8,3,0.375,Highland Park,5A
girls,Imani Cross|girls,1,0,0.0,Apalachicola,8A
girls,Imbler High|girls,3,0,0.0,Imbler,2A
girls,Indigo Bend|girls,6,4,0.6666666666666666,Indigo Bend,4A
girls,Indigo Rim|girls,9,6,0.6666666666666666,Indigo Rim,7A
girls,Ione High|girls,4,2,0.5,Ione,1A
girls,Irina Kovalenko North|girls,7,5,0.7142857142857143,Arroyo Verde,9A
girls,Irina Kovalenko|girls,10,5,0.5,Michaela East,4A
girls,Irrigon High|girls,7,5,0.7142857142857143,Irrigon,1A
girls,Irvington|girls,6,4,0.6666666666666666,Irvington,Group 1
girls,Isabel Lucero|girls,1,1,1.0,El Sereno,7A
girls,Isabel Montalvo|girls,11,4,0.36363636363636365,Magnolia Park,4A
girls,Isaiah Booker|girls,4,2,0.5,Warren,4A
girls,Itziar Elorriaga|girls,13,9,0.6923076923076923,Elysian Valley,8A
girls,Itziar Lertxundi|girls,10,5,0.5,Noe Valley,Group 1
girls,Jackson Hole High|girls,2,1,0.5,Jackson Hole,Group 1
girls,James Baldwin|girls,1,0,0.0,Baldwin,8A
girls,James Gaines|girls,9,4,0.4444444444444444,Rogue Valley,9A
girls,James Madison North|girls,7,4,0.5714285714285714,Hagerstown,Group 1
girls,Janice Bennett|girls,6,2,0.3333333333333333,Calvary Christian,3A
girls,Janice Cole|girls,9,6,0.6666666666666666,Fallon,6A
girls,Javier Alvarado|girls,6,2,0.3333333333333333,Okefenokee,8A
girls,Javier Castañeda|girls,6,1,0.16666666666666666,Kenwood,5A
girls,Javier Cárdenas North|girls,5,1,0.2,Casa Linda,6A
girls,Javier Villalba|girls,4,1,0.25,Los Feliz,9A
girls,Jean Baptiste|girls,8,4,0.5,Baptiste,Group 2
girls,Jean Lindgren North|girls,8,6,0.75,Harrisburgh,9A
girls,Jean Lindgren|girls,7,5,0.7142857142857143,Bridgeport,6A
girls,Jeannette Freeman|girls,4,1,0.25,Round Mountain,9A
girls,Jefferson School of Science and Technology|girls,5,2,0.4,Jefferson Science,9A
girls,Jessup Bar|girls,12,7,0.5833333333333334,Jessup Bar,2A
girls,Jimmy Carter|girls,6,4,0.6666666666666666,Carter,9A
girls,John F. Kennedy North|girls,7,2,0.2857142857142857,Box Canyon,Group 1
girls,John Lewis|girls,4,2,0.5,Lewis,2A
girls,Jon Etxeberria North|girls,5,3,0.6,Chickasaw,Group 2
girls,Jon Garmendia|girls,7,6,0.8571428571428571,Pope Leo XIV,Group 1
girls,Joseph High|girls,4,3,0.75,Joseph,1A
girls,José Martí North|girls,3,2,0.6666666666666666,Belle Rive,5A
girls,José Martí|girls,8,3,0.375,Trois Ilets,7A
girls,Juniper Ridge|girls,6,1,0.16666666666666666,Juniper Ridge,5A
girls,Katherine Booker|girls,9,7,0.7777777777777778,Polk,9A
girls,Katherine Davenport|girls,8,6,0.75,Blue Mountain,4A
girls,Katherine Whitaker|girls,7,4,0.5714285714285714,Brookside,6A
girls,Katherine Williams|girls,8,2,0.25,Pierce,9A
girls,Kearney|girls,5,3,0.6,Kearney,Group 3
girls,Kelford Northwest|girls,4,4,1.0,Horseshoe Bend,3A
girls,Kelford|girls,6,4,0.6666666666666666,Kelford,5A
girls,Kelview Union|girls,3,2,0.6666666666666666,Iisalmi Union,Group 3
girls,Kendricks Landing|girls,9,3,0.3333333333333333,Kendricks Landing,Group 3
girls,Kernwood County|girls,10,7,0.7,Kernwood County,6A
girls,Kernwood Lutheran|girls,9,5,0.5555555555555556,Kernwood Lutheran,1A
girls,Kettle Ridge|girls,9,7,0.7777777777777778,Kettle Ridge,7A
girls,Kilbride Hall|girls,10,5,0.5,Kilbride Hall,1A
girls,Kilbride Switch South|girls,7,4,0.5714285714285714,Switchback,3A
girls,Kilbride Switch|girls,4,1,0.25,Kilbride Switch,5A
girls,Klara Marchand|girls,6,5,0.8333333333333334,Meriwether,9A
girls,Klickitat High|girls,3,2,0.6666666666666666,Klickitat,1A
girls,La Grande High|girls,2,1,0.5,La Grande,5A
girls,Lake Esperanza South|girls,6,3,0.5,Malheur Flat,7A
girls,Lake Esperanza|girls,10,5,0.5,Lake Esperanza,6A
girls,Laketown Regional|girls,8,4,0.5,Laketown Regional,Group 2
girls,Langston Central|girls,5,2,0.4,Singleton,Group 3
girls,Lanphere|girls,5,0,0.0,Lanphere,2A
girls,Larchmont Ridge|girls,7,1,0.14285714285714285,Larchmont Ridge,8A
girls,Lars Bellini|girls,8,4,0.5,Bernal Heights,9A
girls,Lars Mercier|girls,2,2,1.0,Shasta Agricultural,9A
girls,Las Norias|girls,4,1,0.25,Las Norias,4A
girls,Las Palmas North|girls,6,6,1.0,Natchitoches,8A
girls,Las Palmas|girls,5,1,0.2,Tuscaloosa,8A
girls,Latgaway|girls,7,6,0.8571428571428571,Latgaway,Group 3
girls,Leidesdorff Academy of Music and Media|girls,3,0,0.0,East Burlington,5A
girls,Leidesdorff|girls,3,2,0.6666666666666666,Leidesdorff,3A
girls,Leire Aramburu|girls,4,3,0.75,Furnace Creek,Group 1
girls,Leire Garmendia|girls,3,0,0.0,Potrero Hill,9A
girls,Lena Talltree|girls,3,2,0.6666666666666666,Dogpatch,8A
girls,Leonard Coleman|girls,4,1,0.25,Coleman,8A
girls,Lev Volkov|girls,5,1,0.2,Sherwood Estates,4A
girls,Lev Voronin|girls,9,3,0.3333333333333333,Cole Valley,Group 1
girls,Levee Bluff|girls,6,3,0.5,Levee Bluff,1A
girls,Lillian Price|girls,4,2,0.5,North Coast,8A
girls,Lillian Stokes|girls,7,3,0.42857142857142855,Franklin,8A
girls,Llerena East|girls,5,0,0.0,Juniper Well,5A
girls,Llerena|girls,8,4,0.5,Llerena,6A
girls,Lodestone County High|girls,5,2,0.4,Lodestone County,Group 2
girls,Lodestone|girls,5,3,0.6,Lodestone,Group 3
girls,Lonepine Canyon|girls,8,4,0.5,Lonepine Canyon,4A
girls,Loomis City North|girls,7,5,0.7142857142857143,Charlotte,9A
girls,Loomis City|girls,6,2,0.3333333333333333,Loomis City,5A
girls,Lorna Booker|girls,4,2,0.5,Blue Grama,6A
girls,Lorraine Calder|girls,4,1,0.25,Morne Rouge,7A
girls,Los Maderos|girls,7,3,0.42857142857142855,Los Maderos,2A
girls,Los Remolinos Mission Bay|girls,7,3,0.42857142857142855,Estuary Bay,2A
girls,Los Remolinos|girls,3,1,0.3333333333333333,Los Remolinos,1A
girls,Los Robles|girls,6,3,0.5,Los Robles,7A
girls,Lower Lake High|girls,6,3,0.5,Lower Lake,8A
girls,Lucía Quiñones|girls,6,5,0.8333333333333334,Edgewater,4A
girls,Lucía Villaseñor|girls,9,4,0.4444444444444444,Glen Park,6A
girls,Lyle High|girls,9,7,0.7777777777777778,Lyle,1A
girls,Mabry Township|girls,8,4,0.5,Mabry Township,Group 3
girls,Mabryville|girls,2,1,0.5,Virginia City,Group 3
girls,Madison|girls,6,4,0.6666666666666666,Governor Woods,2A
girls,Madrigal Maritime Academy|girls,5,1,0.2,Maritime,6A
girls,Madrigal West Bench|girls,9,4,0.4444444444444444,Benchlands,5A
girls,Madrigal|girls,10,5,0.5,Madrigal,8A
girls,Mae Jemison|girls,4,1,0.25,Jemison,Group 1
girls,Maksim Karev|girls,6,2,0.3333333333333333,Excelsior,4A
girls,Malad County Christian|girls,5,3,0.6,Sixmile,Group 3
girls,Manuel Cordero|girls,4,1,0.25,Sotomayor,4A
girls,Manuel Robles|girls,5,3,0.6,Asteroid City,8A
girls,Manzanita Junction|girls,19,11,0.5789473684210527,Manzanita Junction,1A
girls,Manzanita Ridge|girls,6,4,0.6666666666666666,Manzanita,6A
girls,Marcus Langston North|girls,12,4,0.3333333333333333,Garfield,3A
girls,Marcus Langston|girls,2,1,0.5,Hayes,6A
girls,Marcus Mercer|girls,3,0,0.0,Evenfall,6A
girls,Marcus Price North|girls,6,4,0.6666666666666666,Driftwood,4A
girls,Marian Browne|girls,9,5,0.5555555555555556,Riverview,Group 3
girls,Marian Cross|girls,6,4,0.6666666666666666,Quail Hollow,Group 1
girls,Marina Moroz North|girls,8,4,0.5,B. Harrison,7A
girls,Marina Moroz|girls,3,0,0.0,Cleveland,6A
girls,Marlow County|girls,8,4,0.5,Marlow County,1A
girls,Marsh Depot|girls,7,1,0.14285714285714285,Jersey City,9A
girls,Marshdale|girls,11,6,0.5454545454545454,Fort Lassiter,Group 3
girls,Martin Luther|girls,5,1,0.2,King,1A
girls,Matteo Dahl|girls,7,3,0.42857142857142855,Bywater,7A
girls,McCrory|girls,1,1,1.0,McCrory,1A
girls,McLoughlin High|girls,2,1,0.5,McLoughlin,2A
girls,Mercer City Technical Arts Academy|girls,7,5,0.7142857142857143,Twin Mills,9A
girls,Mercer City|girls,8,5,0.625,Mercer City,7A
girls,Mercy Academy|girls,15,5,0.3333333333333333,Natchez Mercy,Group 3
girls,Meridian Regional|girls,6,4,0.6666666666666666,Meridian Regional,2A
girls,Meridia|girls,10,5,0.5,Meridia,Group 3
girls,Mesa Dorada|girls,1,0,0.0,Mesa Dorada,8A
girls,Metropolitan Country Day School|girls,6,4,0.6666666666666666,Metropolitan Country Day,5A
girls,Mikel Garmendia|girls,5,5,1.0,Homeland,Group 2
girls,Mikel Zubieta|girls,8,5,0.625,South Rim,2A
girls,Mikhail Sidorov|girls,4,2,0.5,Cap Rouge,6A
girls,Mila Chernov North|girls,3,1,0.3333333333333333,Siberia,4A
girls,Mila Melnick|girls,8,4,0.5,Sea Cliff,5A
girls,Mill Creek|girls,4,3,0.75,Mill Creek,3A
girls,Milldale Union|girls,4,1,0.25,Sotkamo Union,Group 3
girls,Millport|girls,6,2,0.3333333333333333,Vonjo City,Group 2
girls,Millview|girls,11,7,0.6363636363636364,Kuusamo,Group 3
girls,Minnesota City|girls,6,5,0.8333333333333334,Minnesota City,8A
girls,Mirage Crossing|girls,9,7,0.7777777777777778,Mirage Crossing,Group 3
girls,Miren Garmendia|girls,5,3,0.6,Ibarra,Group 2
girls,Mission Bay|girls,9,3,0.3333333333333333,Mission Bay,9A
girls,Mission Ridge|girls,7,4,0.5714285714285714,Mission Ridge,2A
girls,Mission Terrace North|girls,2,1,0.5,Ortega Terrace,7A
girls,Mission Terrace|girls,5,2,0.4,Mission Terrace,7A
girls,Money|girls,8,3,0.375,Money,Group 2
girls,Monte Blanco|girls,6,4,0.6666666666666666,Monte Blanco,3A
girls,Montelago|girls,6,3,0.5,Montelago,8A
girls,Moriarty|girls,5,2,0.4,Moriarty,6A
girls,Mother Lode|girls,5,2,0.4,Siskiyou Valley,4A
girls,Mount Horeb|girls,9,3,0.3333333333333333,Mount Horeb,4A
girls,Mountain Gate|girls,15,8,0.5333333333333333,Mountain Gate,3A
girls,Mountain View High|girls,1,0,0.0,Mountain View,8A
girls,Muskogee|girls,7,4,0.5714285714285714,Muskogee,Group 2
girls,Nadia Chernov North|girls,5,3,0.6,Roosevelt,8A
girls,Nadia Chernov|girls,8,5,0.625,C. Coolidge,6A
girls,Nadia Sidorov|girls,5,1,0.2,Ride,6A
girls,Naomi Ellison|girls,5,2,0.4,Starfield,6A
girls,Naomi Moss|girls,3,1,0.3333333333333333,Meyerland,5A
girls,Naomi Price|girls,4,1,0.25,Crown Paper,Group 2
girls,Naomi Ward|girls,5,5,1.0,Golden State,6A
girls,Nathaniel Cross North|girls,10,2,0.2,Miles Davis,5A
girls,Nathaniel Cross|girls,2,2,1.0,Veles Harbor,7A
girls,Nathaniel Ward|girls,4,1,0.25,Juniper Agricultural,7A
girls,Navrang|girls,6,2,0.3333333333333333,Navrang,6A
girls,Naylor City|girls,10,3,0.3,Naylor City,2A
girls,Naylors Landing|girls,10,9,0.9,Naylors Landing,Group 3
girls,Nerea Urrutia|girls,5,4,0.8,Blue Valley,Group 3
girls,Netherwood|girls,8,4,0.5,Netherwood,2A
girls,New Baltimore|girls,4,3,0.75,New Baltimore,Group 2
girls,New Hope Christian|girls,4,2,0.5,New Hope Christian,1A
girls,New Leiden Classical Academy|girls,1,1,1.0,Vermeer,3A
girls,New Leiden|girls,10,8,0.8,New Leiden,3A
girls,Newark River North|girls,9,3,0.3333333333333333,River North,3A
girls,Newark River|girls,4,3,0.75,Newark River,2A
girls,Nicodemus|girls,13,8,0.6153846153846154,Nicodemus,Group 3
girls,Nicolás Ordoñez|girls,3,3,1.0,Rockridge,9A
girls,Nicolás Quiñones|girls,7,2,0.2857142857142857,Stonehaven,8A
girls,Nicolás Treviño|girls,9,9,1.0,Valera,1A
girls,Nicolás Villalba|girls,8,4,0.5,Temescal,8A
girls,Nikolai Markov North|girls,4,1,0.25,Marigny,6A
girls,Nikolai Markov|girls,2,1,0.5,Christian Brothers,7A
girls,Nikolai Orlov|girls,5,3,0.6,Mater Dei,9A
girls,Ninemile|girls,5,1,0.2,Ninemile,Group 3
girls,Norbrook|girls,4,1,0.25,Norbrook,3A
girls,Norfolk Central|girls,4,2,0.5,Norfolk,Group 2
girls,Norstead|girls,8,6,0.75,Norstead,Group 3
girls,North Antler Regional|girls,4,3,0.75,North Antler Regional,2A
girls,North Fork|girls,6,5,0.8333333333333334,Dry Fork,8A
girls,North Valley Christian|girls,8,2,0.25,Trailsend,3A
girls,Northgate|girls,11,3,0.2727272727272727,Northgate,8A
girls,Northrup I-50 Technical|girls,7,4,0.5714285714285714,Northrup Tech,Group 3
girls,Northside Christian North|girls,2,2,1.0,Toussaint,Group 2
girls,Novak|girls,11,5,0.45454545454545453,Novak,3A
girls,Nyssa High|girls,6,3,0.5,Nyssa,2A
girls,Octavia Butler|girls,7,2,0.2857142857142857,Butler,9A
girls,Odellville|girls,13,2,0.15384615384615385,Odellville,1A
girls,Oksana Petrov|girls,10,6,0.6,Oak Forest,Group 2
girls,Oksana Romanov|girls,6,3,0.5,Archbishop Gregory,8A
girls,Olive Head|girls,8,4,0.5,Olive Head,8A
girls,Olive Reach North|girls,6,3,0.5,Buckeye Ridge,4A
girls,Olive Reach|girls,8,5,0.625,Mendelssohn,5A
girls,Olivet County|girls,5,3,0.6,Olivet County,8A
girls,Olivet Regional|girls,8,3,0.375,Silva,3A
girls,Ontario High|girls,11,4,0.36363636363636365,Ontario,5A
girls,Opal Avery North|girls,4,0,0.0,Bush,5A
girls,Opal Avery|girls,9,6,0.6666666666666666,Ford,5A
girls,Opal Stokes|girls,9,1,0.1111111111111111,Dry Creek Co-op,5A
girls,Opal Tillman|girls,6,3,0.5,Granite,Group 1
girls,Orchard Gate North|girls,6,4,0.6666666666666666,Bois Neuf,6A
girls,Orchard Gate|girls,10,4,0.4,Bellefontaine,7A
girls,Orchard Hill|girls,6,3,0.5,West Valderra,9A
girls,Orellana Canal View|girls,5,3,0.6,Canal View,9A
girls,Orellana Foundry High|girls,6,2,0.3333333333333333,Grizzly Gulch,4A
girls,Orellana School of Commerce|girls,4,2,0.5,Malpais,9A
girls,Orellana Treasure Valley|girls,8,5,0.625,Treasure Valley,9A
girls,Orellana|girls,7,5,0.7142857142857143,Orellana Central,8A
girls,Orlova|girls,9,3,0.3333333333333333,Orlova,4A
girls,Oscar Michaeux|girls,8,4,0.5,Michaeux,Group 3
girls,Oskar Bellini|girls,1,0,0.0,Notre Dame,9A
girls,Oskar Weiss|girls,8,6,0.75,Waldo,8A
girls,Ostrander Union|girls,5,2,0.4,Ostrander Union,3A
girls,Owl Canyon|girls,5,4,0.8,Owl Canyon,3A
girls,Pacific Friends School|girls,2,0,0.0,Pacific Friends,Group 2
girls,Pacific Gate|girls,7,2,0.2857142857142857,Pacific Gate,8A
girls,Paddock County|girls,9,4,0.4444444444444444,Paddock County,8A
girls,Paddock Institute|girls,8,8,1.0,Paddock Tech,2A
girls,Parkside|girls,4,2,0.5,Parkside,7A
girls,Paul Robeson|girls,7,3,0.42857142857142855,Robeson,Group 1
girls,Pauli Booker|girls,5,2,0.4,Nightfall,6A
girls,Pavel Kovalenko|girls,4,1,0.25,Coles Creek,Group 1
girls,Pear Slough|girls,4,4,1.0,Pear Slough,5A
girls,Pellburg|girls,7,3,0.42857142857142855,Pellburg,2A
girls,Pellford|girls,7,3,0.42857142857142855,Pellford,1A
girls,Pendleton High|girls,3,0,0.0,Pendleton,5A
girls,Peregrine School|girls,8,5,0.625,Peregrine,3A
girls,Perryville Civic Leadership Academy|girls,7,1,0.14285714285714285,Perry Green,5A
girls,Petersburg High|girls,4,3,0.75,Brown,Group 2
girls,Petra Bianchi|girls,4,2,0.5,Perryville,6A
girls,Petra Jansen|girls,3,1,0.3333333333333333,Southern Pacific Tech,9A
girls,Petra Weiss North|girls,7,3,0.42857142857142855,Las Colinas,4A
girls,Pierre|girls,6,1,0.16666666666666666,Pierre,Group 2
girls,Pilot Rock High|girls,4,3,0.75,Pilot Rock,1A
girls,Pine Eagle High|girls,7,4,0.5714285714285714,Pine Eagle,2A
girls,Pine Siding|girls,10,2,0.2,Pine,1A
girls,Pinecrest School|girls,8,2,0.25,Pinecrest,3A
girls,Plainfield Science|girls,4,1,0.25,Plainfield,8A
girls,Pomar|girls,2,2,1.0,Pomar,3A
girls,Port Meridian Polytechnic|girls,7,5,0.7142857142857143,Port Meridian North,2A
girls,Port Meridian South|girls,4,1,0.25,Port Meridian South,7A
girls,Port Meridian West|girls,1,1,1.0,Port Meridian Central,9A
girls,Port Veles Agricultural Sciences Academy|girls,7,6,0.8571428571428571,Biden,5A
girls,Port Veles Civic Academy|girls,3,2,0.6666666666666666,Henson Prep,7A
girls,Port Veles Civic Leadership Academy|girls,9,6,0.6666666666666666,Severn,6A
girls,Port Veles East|girls,9,3,0.3333333333333333,Clinton,7A
girls,Port Veles Foundry High|girls,3,2,0.6666666666666666,Seawall,8A
girls,Port Veles International Academy|girls,6,6,1.0,Veles Park,3A
girls,Port Veles|girls,13,7,0.5384615384615384,Coltrane,5A
girls,Porterfield|girls,6,5,0.8333333333333334,Porterfield,2A
girls,Powder Valley High|girls,5,1,0.2,Powder Valley,2A
girls,Presentation Academy|girls,7,7,1.0,Garrow North,3A
girls,Providence Academy North|girls,2,0,0.0,Minidoka,Group 2
girls,Providence Academy Valley|girls,7,4,0.5714285714285714,Meridian Valley,3A
girls,Providence Academy|girls,9,5,0.5555555555555556,Providence Academy,5A
girls,Prune Siding|girls,11,6,0.5454545454545454,Prunedale,2A
girls,Prune Springs|girls,8,3,0.375,Prune Springs,4A
girls,Puerto Alma|girls,4,3,0.75,Puerto Alma,2A
girls,Puerto Gallego School of Science and Industry|girls,2,2,1.0,Gallego Bay,3A
girls,Puerto Gallego|girls,4,0,0.0,Puerto Gallego,6A
girls,Puerto de los Reyes School of Commerce|girls,8,5,0.625,Reyes Landing,7A
girls,Puerto de los Reyes|girls,3,1,0.3333333333333333,Puerto de los Reyes,8A
girls,Punta del Águila|girls,8,5,0.625,Punta del Águila,1A
girls,Purcell|girls,3,0,0.0,Purcell,9A
girls,Quarmont|girls,1,1,1.0,Quarmont,3A
girls,Quincy Union|girls,10,5,0.5,Quincy,Group 3
girls,Rafael Escobedo|girls,7,2,0.2857142857142857,Bolton,8A
girls,Raft County Catholic|girls,10,5,0.5,Raft County Catholic,Group 3
girls,Ralph Bellamy|girls,4,1,0.25,Bellamy,7A
girls,Ralph Booker|girls,8,3,0.375,Obama,6A
girls,Ransom City Union|girls,4,2,0.5,Ransom Pass,1A
girls,Ransom Spur|girls,7,1,0.14285714285714285,Río Seco,2A
girls,Ransoms Landing|girls,11,7,0.6363636363636364,Ransoms Landing,1A
girls,Redfork West|girls,8,3,0.375,Redfork West,6A
girls,Redwood Coast|girls,8,3,0.375,Bienville,9A
girls,Redwood Glen|girls,11,5,0.45454545454545453,Redwood Glen,1A
girls,Renata Adler|girls,13,7,0.5384615384615384,Bracken,4A
girls,Rentie Grove|girls,9,4,0.4444444444444444,Jamaica,1A
girls,Richmond Technical|girls,2,1,0.5,Richmond,Group 2
girls,Rilland|girls,14,4,0.2857142857142857,Rilland,Group 3
girls,Rimrock Valley|girls,3,0,0.0,New Ballard,2A
girls,Rimrock|girls,4,3,0.75,Rimrock,Group 3
girls,Rio San Juan|girls,4,3,0.75,Rio San Juan,Group 1
girls,Rita Moreno North|girls,1,0,0.0,Gentilly,6A
girls,Rita Moreno|girls,6,3,0.5,Moreno,6A
girls,River Plain|girls,4,1,0.25,Kinnickinny,9A
girls,Riverside High|girls,7,4,0.5714285714285714,Riverside,5A
girls,Rock Springs High|girls,11,8,0.7272727272727273,Rock Springs,Group 1
girls,Romare Bearden|girls,7,5,0.7142857142857143,Romare Bearden,Group 1
girls,Romero-Finniski|girls,2,1,0.5,Romero-Finniski,7A
girls,Rosa Castañeda|girls,6,1,0.16666666666666666,Tippecanoe,9A
girls,Rosa Salcedo|girls,5,4,0.8,Quarry Workers,8A
girls,Roscoe Bennett North|girls,6,2,0.3333333333333333,Narragansett,7A
girls,Rostova Junction Technical Arts Academy|girls,10,6,0.6,Rostova Tech,Group 1
girls,Rostova Junction|girls,6,3,0.5,Rostova Junction,Group 2
girls,Ruby County Catholic|girls,8,4,0.5,Carlin,Group 2
girls,Ruby Stokes North|girls,11,7,0.6363636363636364,Forks Harbor,8A
girls,Ruby Stokes|girls,8,6,0.75,Klamath,7A
girls,Rye Academy of Arts and Letters|girls,8,5,0.625,Barley Point,5A
girls,Rye|girls,2,1,0.5,Rye,5A
girls,Ryken|girls,10,6,0.6,Ryken,4A
girls,Sadie Freeman|girls,4,2,0.5,High Desert Co-op,Group 1
girls,Sage Lake|girls,9,4,0.4444444444444444,Sage Village,Group 3
girls,Sage Meadows|girls,3,1,0.3333333333333333,Galactica Plains,Group 3
girls,Sage Point|girls,2,1,0.5,California Canyons,3A
girls,Saint Francis|girls,2,1,0.5,Kingsley,5A
girls,Saltbush Reach|girls,4,3,0.75,Saltbush,Group 3
girls,Salvador Figueroa|girls,5,2,0.4,Vesper,1A
girls,San Aurelio|girls,15,8,0.5333333333333333,San Aurelio,1A
girls,San Borondón Civic Academy|girls,4,2,0.5,Rumsfeld Hill,7A
girls,San Borondón Country Day School|girls,3,3,1.0,Hazel Country Day,5A
girls,San Borondón East|girls,7,5,0.7142857142857143,Borondón Mesa,4A
girls,San Borondón Environmental Sciences Academy|girls,3,0,0.0,Sotavento,8A
girls,San Borondón|girls,7,5,0.7142857142857143,San Borondón,5A
girls,San Cordero East|girls,6,4,0.6666666666666666,Cordero Junction,6A
girls,San Cordero Maritime Academy|girls,10,4,0.4,Mission Butte,6A
girls,San Cordero School of Commerce|girls,4,1,0.25,Mesa Verde,9A
girls,San Cordero|girls,5,1,0.2,San Cordero Central,4A
girls,San Dámaso Harbor Gate|girls,3,2,0.6666666666666666,J. Jackson,4A
girls,San Dámaso|girls,7,4,0.5714285714285714,San Dámaso,6A
girls,San Lorenzo|girls,2,0,0.0,San Lorenzo,3A
girls,San Telmo Agricultural Sciences Academy|girls,3,1,0.3333333333333333,Orchard Union,7A
girls,San Telmo|girls,7,0,0.0,San Telmo,6A
girls,San Tomás|girls,9,4,0.4444444444444444,San Tomás,9A
girls,San Vito Regional|girls,7,4,0.5714285714285714,San Vito Regional,Group 2
girls,Sandhill Marsh|girls,7,3,0.42857142857142855,Sandhill Marsh,5A
girls,Santa Cruz del Norte|girls,3,2,0.6666666666666666,Santa Cruz del Norte,7A
girls,Santa Laura North|girls,3,0,0.0,Janeaway,4A
girls,Santa Laura|girls,5,1,0.2,Santa Laura,9A
girls,Santa Michaela Harbor Gate|girls,10,5,0.5,Tidegate,8A
girls,Santa Michaela|girls,10,3,0.3,Santa Michaela,9A
girls,Scheelite County|girls,8,3,0.375,Scheelite County,Group 2
girls,Seafarer High|girls,5,3,0.6,Seafarer,9A
girls,Selbyville|girls,5,1,0.2,Selbyville,7A
girls,Sergei Belov|girls,3,1,0.3333333333333333,Shabazz,8A
girls,Serra Caverly|girls,4,2,0.5,Portola-Caverly,1A
girls,Serrano Applied Sciences Institute|girls,7,3,0.42857142857142855,Arroyo Seco,9A
girls,Serrano Depot High|girls,8,3,0.375,Cholla Flats,5A
girls,Serrano|girls,7,3,0.42857142857142855,Serrano,5A
girls,Sherman High|girls,4,1,0.25,Sherman,2A
girls,Shiloh|girls,9,7,0.7777777777777778,Shiloh,3A
girls,Shirley Chisholm|girls,3,1,0.3333333333333333,Chisholm,8A
girls,Silton Union|girls,4,3,0.75,Silton Ridge,1A
girls,Silver Glen|girls,1,1,1.0,Silver Glen,3A
girls,Silver Junction|girls,11,1,0.09090909090909091,Silver Junction,Group 3
girls,Silver Lake|girls,7,2,0.2857142857142857,Silver Lake,Group 3
girls,Sisters of Mercy|girls,5,2,0.4,Websterfield,5A
girls,Sixes|girls,6,4,0.6666666666666666,Sixes,Group 3
girls,Sluice Crossing|girls,5,2,0.4,Crossing,7A
girls,Sluice Valley|girls,5,2,0.4,Sluice Valley,Group 2
girls,Snowline|girls,8,6,0.75,Snowline,9A
girls,Sofia Romanov North|girls,6,3,0.5,Cheney,5A
girls,Sofia Romanov|girls,6,1,0.16666666666666666,Chesapeake,8A
girls,Sofía Aranda|girls,6,3,0.5,Montclair,8A
girls,Sofía Cordero|girls,6,4,0.6666666666666666,J.Q. Adams,5A
girls,Soren Ekström|girls,8,1,0.125,Alderpoint,3A
girls,South Wheeler|girls,8,2,0.25,South Wheeler,Group 1
girls,Southern Jefferson Christian|girls,9,4,0.4444444444444444,Uplands,Group 3
girls,Southridge Christian|girls,1,1,1.0,Southridge Christian,9A
girls,Spring Harvest|girls,6,3,0.5,Spring Harvest,Group 2
girls,St. Agnes Academy|girls,2,1,0.5,Jacmel,7A
girls,St. Agnes Preparatory|girls,3,2,0.6666666666666666,Montelago West,4A
girls,St. Basil Academy|girls,7,4,0.5714285714285714,Cahokia Mounds,5A
girls,St. Basil School|girls,11,3,0.2727272727272727,St. Ignatius,6A
girls,St. Brigid Preparatory|girls,5,2,0.4,Kingston,Group 1
girls,St. Brigid School|girls,6,5,0.8333333333333334,Kuopio,Group 2
girls,St. Casimir High School North|girls,7,5,0.7142857142857143,Casimir Creek,Group 3
girls,St. Casimir High School|girls,7,4,0.5714285714285714,Harriman Lyceum,Group 2
girls,St. Casimir Preparatory|girls,11,5,0.45454545454545453,Brightwater,5A
girls,St. Catherine College Prep|girls,4,4,1.0,Lizarra,Group 2
girls,St. Cecilia Academy|girls,9,1,0.1111111111111111,Quartzburg,1A
girls,St. Dominic Academy|girls,6,4,0.6666666666666666,Wildrye,Group 2
girls,St. Elian|girls,2,1,0.5,Kimberly,2A
girls,St. Elias Academy|girls,7,3,0.42857142857142855,Port Ainsley,3A
girls,St. Elias College Prep|girls,2,0,0.0,Aranaz,Group 2
girls,St. Elias School|girls,7,6,0.8571428571428571,Tidewater,6A
girls,St. Francis Xavier College Prep|girls,9,6,0.6666666666666666,South Pomar,2A
girls,St. Francis Xavier Preparatory|girls,4,3,0.75,Clarendon,Group 2
girls,St. Gabriel Preparatory|girls,13,6,0.46153846153846156,Orchardgate,1A
girls,St. Genevieve High School|girls,7,3,0.42857142857142855,Bravewoman,1A
girls,St. Genevieve|girls,6,1,0.16666666666666666,Whitegrass,1A
girls,St. Helena Academy|girls,8,4,0.5,Helena Academy,4A
girls,St. Helena College Prep|girls,7,4,0.5714285714285714,Swiss Hills Prep,7A
girls,St. Helena School|girls,10,2,0.2,Saltmarsh,3A
girls,St. Isidore|girls,7,5,0.7142857142857143,North Averill,5A
girls,St. Jerome Academy|girls,6,3,0.5,Isla Verde,1A
girls,St. Lucy|girls,7,1,0.14285714285714285,Tallgrass,3A
girls,St. Martin Preparatory|girls,9,6,0.6666666666666666,Greaves West,Group 2
girls,St. Michael Academy North|girls,11,9,0.8181818181818182,Green Valley,Group 1
girls,St. Michael Academy|girls,4,1,0.25,Harriman East,Group 2
girls,St. Nicholas College Prep|girls,10,5,0.5,Natchez Prep,6A
girls,St. Olga College Prep|girls,5,1,0.2,Mercer Latin,5A
girls,St. Perpetua Preparatory|girls,7,3,0.42857142857142855,St. Josephine Bakhita,1A
girls,St. Perpetua|girls,7,2,0.2857142857142857,Farview,6A
girls,St. Raphael College Prep|girls,5,2,0.4,Elk Bluff West,Group 3
girls,St. Sebastian Prep North|girls,11,4,0.36363636363636365,Sherwood Bench,8A
girls,St. Sebastian Prep|girls,9,4,0.4444444444444444,St. Sebastian Prep,3A
girls,St. Sophia Preparatory|girls,5,2,0.4,Marshfield Prep,8A
girls,St. Sophia School|girls,5,2,0.4,North Wind,3A
girls,St. Teresa High School|girls,6,5,0.8333333333333334,St. Teresa,Group 1
girls,St. Varian|girls,13,8,0.6153846153846154,Hurston,6A
girls,St. Veronica|girls,6,1,0.16666666666666666,Yarrowfield,3A
girls,St. Vincent School|girls,7,1,0.14285714285714285,St. Vincent,6A
girls,Stagewater County High|girls,8,6,0.75,Wong,Group 2
girls,Standale|girls,7,5,0.7142857142857143,Lieksa,Group 3
girls,Stanfield High|girls,1,1,1.0,Stanfield,1A
girls,Star Valley Catholic|girls,10,4,0.4,Star Valley Catholic,Group 2
girls,Starlake Canal View|girls,13,9,0.6923076923076923,North Starlake,Group 3
girls,Starlake|girls,10,5,0.5,Starlake,Group 3
girls,Starlight School of Science and Industry|girls,3,2,0.6666666666666666,Observatory,7A
girls,Starlight|girls,6,1,0.16666666666666666,Starlight,7A
girls,Steelbridge|girls,12,8,0.6666666666666666,Forge,4A
girls,Steelhead Divide|girls,9,4,0.4444444444444444,Steelhead Divide,3A
girls,Stone Meadows|girls,6,3,0.5,Raahe,Group 3
girls,Stone Springs|girls,1,1,1.0,Simmons,Group 1
girls,Sulphur Springs|girls,7,4,0.5714285714285714,Sulphur Springs,4A
girls,Summervale Heights|girls,8,3,0.375,Aspen Hollow,1A
girls,Summervale Northwest|girls,9,6,0.6666666666666666,Star Hollow,3A
girls,Summervale|girls,10,4,0.4,Summervale,3A
girls,Summit High|girls,16,4,0.25,Summit,8A
girls,Sutter Basin|girls,5,2,0.4,Sutter Basin,2A
girls,Svenja Adler|girls,7,5,0.7142857142857143,East Range Agricultural,5A
girls,Svenja Bianchi|girls,10,5,0.5,Tamarack,9A
girls,Svenja Ekström|girls,10,6,0.6,Memorial,8A
girls,Tailing Crossing-Ewart Bar Union|girls,8,4,0.5,Fountain Park,2A
girls,Tallow|girls,6,4,0.6666666666666666,Tallow,2A
girls,Tamarack Harbor|girls,4,0,0.0,Tamarack Harbor,9A
girls,Tamarack Springs|girls,8,5,0.625,Mineral Springs,2A
girls,Tatiana Moroz North|girls,7,3,0.42857142857142855,Ironwood Flats,8A
girls,Telfair Country Day School|girls,9,4,0.4444444444444444,Telfair Country Day,9A
girls,Telfair|girls,9,4,0.4444444444444444,Pacersburg,4A
girls,Teresa Escobedo|girls,4,3,0.75,Canyon,4A
girls,Terrace Park|girls,4,1,0.25,Terrace Park,Group 1
girls,The Dalles High|girls,8,5,0.625,The Dalles,5A
girls,Thelma Avery|girls,7,6,0.8571428571428571,Readbury,9A
girls,Thelma Moss North|girls,6,5,0.8333333333333334,Serenity Valley,7A
girls,Thelma Moss|girls,11,8,0.7272727272727273,Roscoe Village,5A
girls,Thelma Stokes|girls,14,7,0.5,Iron Gate,6A
girls,Thomas Ekström|girls,5,1,0.2,Lago Vista,8A
girls,Thomas Halvorsen|girls,3,1,0.3333333333333333,Hollywood,8A
girls,Thomas Jansen North|girls,12,7,0.5833333333333334,Gershwin,5A
girls,Thomas Jansen|girls,6,4,0.6666666666666666,Lone Pine,7A
girls,Thomas Moreau|girls,7,3,0.42857142857142855,Elkhorn,2A
girls,Thornford|girls,6,4,0.6666666666666666,Thorn Summit,1A
girls,Three Saints|girls,10,5,0.5,Three Saints,4A
girls,Thurgood Marshall North|girls,13,3,0.23076923076923078,Carrollton,6A
girls,Thurgood Marshall|girls,9,6,0.6666666666666666,Marshall,9A
girls,Timber Crest North|girls,12,9,0.75,Crestline,4A
girls,Timber Crest|girls,6,5,0.8333333333333334,Timber Crest,3A
girls,Timberline North|girls,4,2,0.5,Allegheny,Group 2
girls,Timberline|girls,4,2,0.5,Timberline,Group 2
girls,Tindall Heights|girls,5,4,0.8,Montpelier,5A
girls,Tindall|girls,6,3,0.5,Tindall,5A
girls,Tomás Mendoza|girls,6,3,0.5,Fairgrounds,5A
girls,Topeka West|girls,8,4,0.5,Topeka,Group 3
girls,Treasure Valley North|girls,5,3,0.6,Petoskey,Group 2
girls,Treasure Valley|girls,11,7,0.6363636363636364,Caney,Group 1
girls,Trinity Catholic|girls,9,6,0.6666666666666666,Trinity Catholic,9A
girls,Trinity Christian|girls,5,2,0.4,Stillwater,1A
girls,Trout Lake|girls,9,3,0.3333333333333333,Trout Lake,1A
girls,Trout Point|girls,6,4,0.6666666666666666,North Simmons,Group 3
girls,Tule Flat Lutheran|girls,5,1,0.2,Reed Lake,1A
girls,Tule Flat|girls,15,5,0.3333333333333333,Tule Flat,3A
girls,Tule|girls,9,6,0.6666666666666666,New Bergen,4A
girls,Tungsten Reach|girls,9,4,0.4444444444444444,Tungsten,Group 3
girls,Tunnel Diggings|girls,7,3,0.42857142857142855,Tunnel Diggings,4A
girls,Tunnelton|girls,7,3,0.42857142857142855,Tunnelton,3A
girls,Tunnelwood|girls,12,6,0.5,Tunnelwood,3A
girls,Twin Rivers|girls,4,0,0.0,Twin Rivers,Group 3
girls,Ukiah High|girls,9,4,0.4444444444444444,Ukiah,8A
girls,Umatilla High|girls,8,5,0.625,Umatilla,5A
girls,Union High|girls,7,5,0.7142857142857143,Union,2A
girls,Utah|girls,6,3,0.5,Utah,Group 1
girls,Valderra Aviation and Engineering Academy|girls,2,2,1.0,Coyote Bend,9A
girls,Valderra Technical Arts Academy|girls,7,4,0.5714285714285714,D. Eisenhower,8A
girls,Valderra|girls,6,4,0.6666666666666666,Valderra,8A
girls,Vale High|girls,5,3,0.6,Vale,2A
girls,Valley Christian|girls,4,3,0.75,Valley Christian,6A
girls,Valley Forge North|girls,8,5,0.625,Forge Hollow,3A
girls,Valley Forge|girls,12,6,0.5,Valley Forge,6A
girls,Vasquez North|girls,10,1,0.1,Fontainebleau,4A
girls,Vasquez|girls,8,2,0.25,Fruitvale,5A
girls,Vermillion|girls,3,1,0.3333333333333333,Vermillion,Group 1
girls,Vernon Moss North|girls,4,1,0.25,Harmony,7A
girls,Vernon Moss|girls,8,3,0.375,Playa Honda,1A
girls,Vesper Polytechnic Institute|girls,3,2,0.6666666666666666,Funtsville,3A
girls,Vespertine|girls,3,1,0.3333333333333333,Vespertine,8A
girls,Vessey Junction-Tailingford Union|girls,7,3,0.42857142857142855,Tailingford Union,1A
girls,Vessey Junction|girls,6,3,0.5,Vessey Junction,2A
girls,Viktor Antonov|girls,6,5,0.8333333333333334,Verrettes,6A
girls,Viktor Gromov|girls,6,4,0.6666666666666666,Armour Fields,Group 1
girls,Viktor Kareva|girls,11,5,0.45454545454545453,Cedar Point,5A
girls,Villard|girls,5,4,0.8,Villard,2A
girls,Vista Terrace|girls,12,9,0.75,Vista Terrace,9A
girls,Wales City|girls,9,4,0.4444444444444444,Wales City,5A
girls,Wallowa High|girls,8,5,0.625,Wallowa,1A
girls,Walnut Yard|girls,8,2,0.25,South Simmons,2A
girls,Walter Hart North|girls,3,0,0.0,Wicomico,7A
girls,Walter Hart|girls,10,6,0.6,Kittery,5A
girls,Walter Mondale|girls,6,3,0.5,Mondale,9A
girls,Weissburg|girls,3,3,1.0,Weissburg,4A
girls,Weller Regional|girls,12,7,0.5833333333333334,Yandell,Group 3
girls,Wellsville County Catholic|girls,2,0,0.0,Hyrum,Group 2
girls,Welsh Plains Northwest|girls,6,1,0.16666666666666666,Grayston,3A
girls,Welsh Plains|girls,8,1,0.125,Welsh Plains,5A
girls,West Oberlin|girls,3,1,0.3333333333333333,West Oberlin,Group 1
girls,Western Slope Christian|girls,8,3,0.375,Western Slope,3A
girls,Weston-McEwen High|girls,6,3,0.5,Weston-McEwen,1A
girls,Westover|girls,4,2,0.5,Westover,8A
girls,Westside Christian|girls,5,1,0.2,Westside Christian,9A
girls,Wheatley|girls,9,1,0.1111111111111111,Wheatley,1A
girls,Wheeler Academy|girls,7,5,0.7142857142857143,Wheeler Academy,7A
girls,Wickbrook|girls,9,3,0.3333333333333333,Salmon Bay,1A
girls,Willow Creek|girls,8,4,0.5,Willow Creek,5A
girls,Windrow|girls,9,3,0.3333333333333333,Windrow,Group 3
girls,Winifred Booker North|girls,16,7,0.4375,Carden Pass,6A
girls,Winifred Davenport|girls,5,0,0.0,Lost River,7A
girls,Winifred Ellison|girls,9,6,0.6666666666666666,Kingwood,5A
girls,Winifred Stokes|girls,5,2,0.4,Mesa Co-op,7A
girls,Wishram High|girls,3,1,0.3333333333333333,Wishram,1A
girls,Wolf Gap International School|girls,11,5,0.45454545454545453,Wolf Gap International,2A
girls,Wolf Gap|girls,7,3,0.42857142857142855,Corey Canyon,3A
girls,Woodrow Wilson North|girls,13,11,0.8461538461538461,Hackensack,5A
girls,Wyoming Valley|girls,8,5,0.625,Wyoming Valley,Group 2
girls,Xabier Arregui|girls,7,5,0.7142857142857143,Sinkford,3A
girls,Xavier Robles|girls,7,3,0.42857142857142855,Elk River,5A
girls,Yarburg|girls,6,2,0.3333333333333333,Yarburg,2A
girls,Yarmere|girls,7,5,0.7142857142857143,Yarmere,1A
girls,Yelena Belov|girls,7,4,0.5714285714285714,Pennsauke,9A
girls,Yelena Sokolov|girls,8,7,0.875,Bowerstock,8A
girls,Yuri Chernov|girls,9,2,0.2222222222222222,Sunset Hills,8A
girls,Yuri Kochiyama|girls,13,7,0.5384615384615384,Kochiyama,4A
girls,Zoya Orlov|girls,7,2,0.2857142857142857,Sacred Heart,7A
girls,Zubieta River Plain|girls,1,0,0.0,River Plain,Group 1
girls,Zubieta|girls,8,2,0.25,Zubieta,Group 1
