program_id,program_name,gender,championship_group,rank,coefficient,trend,season_points,seasons_of_history,bootstrap,as_of_world_year,window_world_years,breakdown_json,class_rank,record,state_finish,state_champion,rank_gap
Calvary Chapel Olivet|boys,Banfield Day,boys,1A,1,137.9,1.4000000000000057,17.0,60,0,59,59 58 57 56 55 54 53 52 51,"[[59, 17.0, 1.0], [58, 27.0, 1.0], [57, 39.0, 1.0], [56, 39.0, 0.6], [55, 39.0, 0.6], [54, 10.0, 0.6], [53, 0.0, 0.3], [52, 4.0, 0.3], [51, 3.0, 0.3]]",1,26-1,Quarterfinalist,0,0
Calvary Chapel Ditch Fork|boys,Cassius,boys,1A,2,135.2,24.299999999999983,39.0,60,0,59,59 58 57 56 55 54 53 52 51,"[[59, 39.0, 1.0], [58, 24.0, 1.0], [57, 26.0, 1.0], [56, 24.0, 0.6], [55, 24.0, 0.6], [54, 17.0, 0.6], [53, 17.0, 0.3], [52, 7.0, 0.3], [51, 0.0, 0.3]]",2,32-1,Champion,1,0
Elmburg|boys,Mt Jacqueline,boys,1A,3,104.2,-10.800000000000011,0.0,60,0,59,59 58 57 56 55 54 53 52 51,"[[59, 0.0, 1.0], [58, 39.0, 1.0], [57, 25.0, 1.0], [56, 27.0, 0.6], [55, 16.0, 0.6], [54, 24.0, 0.6], [53, 0.0, 0.3], [52, 0.0, 0.3], [51, 0.0, 0.3]]",49,10-17,Wards,0,-46
Alderfield|boys,Linden,boys,1A,4,100.0,-4.800000000000011,10.0,60,0,59,59 58 57 56 55 54 53 52 51,"[[59, 10.0, 1.0], [58, 11.0, 1.0], [57, 10.0, 1.0], [56, 16.0, 0.6], [55, 27.0, 0.6], [54, 39.0, 0.6], [53, 17.0, 0.3], [52, 38.0, 0.3], [51, 11.0, 0.3]]",4,23-4,Octofinalist,0,0
Barley Gap|boys,Barley Gap,boys,1A,5,87.5,-11.5,0.0,60,0,59,59 58 57 56 55 54 53 52 51,"[[59, 0.0, 1.0], [58, 25.0, 1.0], [57, 25.0, 1.0], [56, 25.0, 0.6], [55, 17.0, 0.6], [54, 10.0, 0.6], [53, 4.0, 0.3], [52, 17.0, 0.3], [51, 0.0, 0.3]]",58,6-13,Areas,0,-53
Los Remolinos|boys,Los Remolinos,boys,1A,6,84.3,21.099999999999994,27.0,60,0,59,59 58 57 56 55 54 53 52 51,"[[59, 27.0, 1.0], [58, 16.0, 1.0], [57, 11.0, 1.0], [56, 11.0, 0.6], [55, 25.0, 0.6], [54, 10.0, 0.6], [53, 0.0, 0.3], [52, 0.0, 0.3], [51, 9.0, 0.3]]",7,31-3,Finalist,0,-1
Coastal Christian|boys,Coastal Christian,boys,1A,7,74.3,16.4,24.0,60,0,59,59 58 57 56 55 54 53 52 51,"[[59, 24.0, 1.0], [58, 16.0, 1.0], [57, 7.0, 1.0], [56, 19.0, 0.6], [55, 10.0, 0.6], [54, 11.0, 0.6], [53, 0.0, 0.3], [52, 0.0, 0.3], [51, 11.0, 0.3]]",5,29-6,Semifinalist,0,2
Silton Union|boys,Silton Ridge,boys,1A,8,67.8,21.4,25.0,60,0,59,59 58 57 56 55 54 53 52 51,"[[59, 25.0, 1.0], [58, 16.0, 1.0], [57, 16.0, 1.0], [56, 9.0, 0.6], [55, 8.0, 0.6], [54, 1.0, 0.6], [53, 0.0, 0.3], [52, 0.0, 0.3], [51, 0.0, 0.3]]",6,30-3,Semifinalist,0,2
Archbishop Quinlan|boys,Quaking Aspen,boys,1A,9,66.6,8.599999999999994,16.0,60,0,59,59 58 57 56 55 54 53 52 51,"[[59, 16.0, 1.0], [58, 10.0, 1.0], [57, 10.0, 1.0], [56, 11.0, 0.6], [55, 10.0, 0.6], [54, 25.0, 0.6], [53, 10.0, 0.3], [52, 0.0, 0.3], [51, 0.0, 0.3]]",8,26-6,Quarterfinalist,0,1
Bidwell|boys,Bidwell,boys,1A,10,65.5,7.200000000000003,16.0,60,0,59,59 58 57 56 55 54 53 52 51,"[[59, 16.0, 1.0], [58, 17.0, 1.0], [57, 10.0, 1.0], [56, 16.0, 0.6], [55, 10.0, 0.6], [54, 11.0, 0.6], [53, 0.0, 0.3], [52, 1.0, 0.3], [51, 0.0, 0.3]]",9,23-5,Quarterfinalist,0,1
Joseph High|boys,Joseph,boys,1A,11,59.8,1.000000000000007,10.0,35,0,59,59 58 57 56 55 54 53 52 51,"[[59, 10.0, 1.0], [58, 8.0, 1.0], [57, 16.0, 1.0], [56, 6.0, 0.6], [55, 11.0, 0.6], [54, 10.0, 0.6], [53, 12.0, 0.3], [52, 10.0, 0.3], [51, 10.0, 0.3]]",3,22-3,Octofinalist,0,8
Pellford|boys,Pellford,boys,1A,12,57.6,9.299999999999995,16.0,43,0,59,59 58 57 56 55 54 53 52 51,"[[59, 16.0, 1.0], [58, 10.0, 1.0], [57, 16.0, 1.0], [56, 10.0, 0.6], [55, 4.0, 0.6], [54, 7.0, 0.6], [53, 0.0, 0.3], [52, 10.0, 0.3], [51, 0.0, 0.3]]",11,24-6,Quarterfinalist,0,1
Serra Caverly|boys,Portola-Caverly,boys,1A,13,52.89999999999999,-5.0,10.0,60,0,59,59 58 57 56 55 54 53 52 51,"[[59, 10.0, 1.0], [58, 0.0, 1.0], [57, 0.0, 1.0], [56, 0.0, 0.6], [55, 16.0, 0.6], [54, 27.0, 0.6], [53, 11.0, 0.3], [52, 8.0, 0.3], [51, 38.0, 0.3]]",10,21-6,Octofinalist,0,3
Bidwell City|boys,Alfalfa City,boys,1A,14,51.8,5.799999999999997,9.0,60,0,59,59 58 57 56 55 54 53 52 51,"[[59, 9.0, 1.0], [58, 13.0, 1.0], [57, 16.0, 1.0], [56, 8.0, 0.6], [55, 14.0, 0.6], [54, 0.0, 0.6], [53, 0.0, 0.3], [52, 0.0, 0.3], [51, 2.0, 0.3]]",14,24-10,Round of 24,0,0
St. Genevieve High School|boys,Bravewoman,boys,1A,15,44.1,-18.700000000000003,0.0,20,0,59,59 58 57 56 55 54 53 52 51,"[[59, 0.0, 1.0], [58, 0.0, 1.0], [57, 0.0, 1.0], [56, 10.0, 0.6], [55, 9.0, 0.6], [54, 10.0, 0.6], [53, 39.0, 0.3], [52, 26.0, 0.3], [51, 24.0, 0.3]]",77,5-22,Areas,0,-62
Thornford|boys,Thorn Summit,boys,1A,16,43.8,0.0,7.0,60,0,59,59 58 57 56 55 54 53 52 51,"[[59, 7.0, 1.0], [58, 0.0, 1.0], [57, 8.0, 1.0], [56, 10.0, 0.6], [55, 12.0, 0.6], [54, 16.0, 0.6], [53, 10.0, 0.3], [52, 0.0, 0.3], [51, 10.0, 0.3]]",31,17-12,Round of 24,0,-15
St. Perpetua Preparatory|boys,St. Josephine Bakhita,boys,1A,17,42.9,9.6,16.0,60,0,59,59 58 57 56 55 54 53 52 51,"[[59, 16.0, 1.0], [58, 9.0, 1.0], [57, 14.0, 1.0], [56, 1.0, 0.6], [55, 0.0, 0.6], [54, 0.0, 0.6], [53, 8.0, 0.3], [52, 0.0, 0.3], [51, 3.0, 0.3]]",25,22-10,Octofinalist,0,-8
Wickbrook|boys,Salmon Bay,boys,1A,18,39.3,-4.899999999999999,0.0,60,0,59,59 58 57 56 55 54 53 52 51,"[[59, 0.0, 1.0], [58, 10.0, 1.0], [57, 11.0, 1.0], [56, 10.0, 0.6], [55, 6.0, 0.6], [54, 0.0, 0.6], [53, 3.0, 0.3], [52, 9.0, 0.3], [51, 17.0, 0.3]]",34,12-14,Parastate,0,-16
Burnt River High|boys,Burnt River,boys,1A,19,38.2,-8.799999999999997,0.0,35,0,59,59 58 57 56 55 54 53 52 51,"[[59, 0.0, 1.0], [58, 8.0, 1.0], [57, 11.0, 1.0], [56, 16.0, 0.6], [55, 16.0, 0.6], [54, 0.0, 0.6], [53, 0.0, 0.3], [52, 0.0, 0.3], [51, 0.0, 0.3]]",80,2-19,Areas,0,-61
Klickitat High|boys,Klickitat,boys,1A,20,37.8,5.100000000000001,13.0,35,0,59,59 58 57 56 55 54 53 52 51,"[[59, 13.0, 1.0], [58, 11.0, 1.0], [57, 0.0, 1.0], [56, 10.0, 0.6], [55, 7.0, 0.6], [54, 1.0, 0.6], [53, 10.0, 0.3], [52, 0.0, 0.3], [51, 0.0, 0.3]]",12,21-9,Octofinalist,0,8
Dufur High|boys,Dufur,boys,1A,21,37.1,5.5,11.0,35,0,59,59 58 57 56 55 54 53 52 51,"[[59, 11.0, 1.0], [58, 9.0, 1.0], [57, 9.0, 1.0], [56, 1.0, 0.6], [55, 0.0, 0.6], [54, 8.0, 0.6], [53, 0.0, 0.3], [52, 0.0, 0.3], [51, 9.0, 0.3]]",15,21-7,Round of 24,0,6
Nicolás Treviño|boys,Valera,boys,1A,22,36.8,14.799999999999995,16.0,20,0,59,59 58 57 56 55 54 53 52 51,"[[59, 16.0, 1.0], [58, 11.0, 1.0], [57, 8.0, 1.0], [56, 3.0, 0.6], [55, 0.0, 0.6], [54, 0.0, 0.6], [53, 0.0, 0.3], [52, 0.0, 0.3], [51, 0.0, 0.3]]",21,27-10,Octofinalist,0,1
Adrian High|boys,Adrian,boys,1A,23,35.099999999999994,-1.3000000000000045,0.0,35,0,59,59 58 57 56 55 54 53 52 51,"[[59, 0.0, 1.0], [58, 9.0, 1.0], [57, 6.0, 1.0], [56, 1.0, 0.6], [55, 0.0, 0.6], [54, 17.0, 0.6], [53, 3.0, 0.3], [52, 11.0, 0.3], [51, 17.0, 0.3]]",42,13-12,Wards,0,-19
San Aurelio|boys,San Aurelio,boys,1A,24,33.6,0.5,10.0,60,0,59,59 58 57 56 55 54 53 52 51,"[[59, 10.0, 1.0], [58, 1.0, 1.0], [57, 10.0, 1.0], [56, 8.0, 0.6], [55, 3.0, 0.6], [54, 2.0, 0.6], [53, 8.0, 0.3], [52, 8.0, 0.3], [51, 0.0, 0.3]]",17,20-6,Octofinalist,0,7
Camden Flat|boys,Camden Flat,boys,1A,25,32.9,-5.299999999999997,0.0,60,0,59,59 58 57 56 55 54 53 52 51,"[[59, 0.0, 1.0], [58, 3.0, 1.0], [57, 11.0, 1.0], [56, 11.0, 0.6], [55, 10.0, 0.6], [54, 5.0, 0.6], [53, 3.0, 0.3], [52, 7.0, 0.3], [51, 1.0, 0.3]]",40,14-12,Wards,0,-15
Levee Bluff|boys,Levee Bluff,boys,1A,26,32.5,1.5,8.0,60,0,59,59 58 57 56 55 54 53 52 51,"[[59, 8.0, 1.0], [58, 1.0, 1.0], [57, 1.0, 1.0], [56, 2.0, 0.6], [55, 10.0, 0.6], [54, 16.0, 0.6], [53, 19.0, 0.3], [52, 0.0, 0.3], [51, 0.0, 0.3]]",19,25-5,Round of 24,0,7
Summervale Heights|boys,Aspen Hollow,boys,1A,27,31.6,0.6999999999999993,5.0,60,0,59,59 58 57 56 55 54 53 52 51,"[[59, 5.0, 1.0], [58, 9.0, 1.0], [57, 11.0, 1.0], [56, 4.0, 0.6], [55, 7.0, 0.6], [54, 0.0, 0.6], [53, 0.0, 0.3], [52, 0.0, 0.3], [51, 0.0, 0.3]]",29,16-13,Parastate,0,-2
Yarmere|boys,Yarmere,boys,1A,28,28.8,3.0,3.0,60,0,59,59 58 57 56 55 54 53 52 51,"[[59, 3.0, 1.0], [58, 13.0, 1.0], [57, 8.0, 1.0], [56, 0.0, 0.6], [55, 8.0, 0.6], [54, 0.0, 0.6], [53, 0.0, 0.3], [52, 0.0, 0.3], [51, 0.0, 0.3]]",23,17-10,Parastate,0,5
Manzanita Junction|boys,Manzanita Junction,boys,1A,29,25.2,5.0,9.0,60,0,59,59 58 57 56 55 54 53 52 51,"[[59, 9.0, 1.0], [58, 3.0, 1.0], [57, 0.0, 1.0], [56, 10.0, 0.6], [55, 7.0, 0.6], [54, 5.0, 0.6], [53, 0.0, 0.3], [52, 0.0, 0.3], [51, 0.0, 0.3]]",16,25-10,Round of 24,0,13
St. Cecilia Academy|boys,Quartzburg,boys,1A,30,24.5,0.0,0.0,60,0,59,59 58 57 56 55 54 53 52 51,"[[59, 0.0, 1.0], [58, 16.0, 1.0], [57, 4.0, 1.0], [56, 0.0, 0.6], [55, 0.0, 0.6], [54, 0.0, 0.6], [53, 0.0, 0.3], [52, 5.0, 0.3], [51, 10.0, 0.3]]",69,6-17,Areas,0,-39
Ione High|boys,Ione,boys,1A,31,24.2,2.8000000000000007,10.0,35,0,59,59 58 57 56 55 54 53 52 51,"[[59, 10.0, 1.0], [58, 1.0, 1.0], [57, 0.0, 1.0], [56, 0.0, 0.6], [55, 1.0, 0.6], [54, 9.0, 0.6], [53, 24.0, 0.3], [52, 0.0, 0.3], [51, 0.0, 0.3]]",13,19-7,Octofinalist,0,18
Ashfield|boys,California Beach,boys,1A,32,23.9,-5.099999999999998,0.0,60,0,59,59 58 57 56 55 54 53 52 51,"[[59, 0.0, 1.0], [58, 0.0, 1.0], [57, 8.0, 1.0], [56, 0.0, 0.6], [55, 0.0, 0.6], [54, 10.0, 0.6], [53, 0.0, 0.3], [52, 17.0, 0.3], [51, 16.0, 0.3]]",47,14-13,Wards,0,-15
Irrigon High|boys,Irrigon,boys,1A,33,23.7,-11.3,0.0,35,0,59,59 58 57 56 55 54 53 52 51,"[[59, 0.0, 1.0], [58, 0.0, 1.0], [57, 0.0, 1.0], [56, 5.0, 0.6], [55, 0.0, 0.6], [54, 14.0, 0.6], [53, 7.0, 0.3], [52, 24.0, 0.3], [51, 10.0, 0.3]]",50,11-17,Areas,0,-17
Copper Crossing|boys,Copper Gap,boys,1A,34,23.1,-7.200000000000003,0.0,60,0,59,59 58 57 56 55 54 53 52 51,"[[59, 0.0, 1.0], [58, 0.0, 1.0], [57, 0.0, 1.0], [56, 0.0, 0.6], [55, 10.0, 0.6], [54, 11.0, 0.6], [53, 24.0, 0.3], [52, 11.0, 0.3], [51, 0.0, 0.3]]",60,8-14,Wards,0,-26
Featherstone Institute|boys,Featherstone Tech,boys,1A,35,23.1,-9.400000000000002,0.0,60,0,59,59 58 57 56 55 54 53 52 51,"[[59, 0.0, 1.0], [58, 0.0, 1.0], [57, 0.0, 1.0], [56, 4.0, 0.6], [55, 0.0, 0.6], [54, 9.0, 0.6], [53, 26.0, 0.3], [52, 25.0, 0.3], [51, 0.0, 0.3]]",76,3-20,Areas,0,-41
Vernon Moss|boys,Playa Honda,boys,1A,36,19.2,-15.599999999999998,0.0,60,0,59,59 58 57 56 55 54 53 52 51,"[[59, 0.0, 1.0], [58, 0.0, 1.0], [57, 0.0, 1.0], [56, 12.0, 0.6], [55, 0.0, 0.6], [54, 4.0, 0.6], [53, 11.0, 0.3], [52, 10.0, 0.3], [51, 11.0, 0.3]]",48,9-14,Areas,0,-12
Foothills Christian|boys,Foothills Christian,boys,1A,37,18.4,-3.6000000000000014,0.0,60,0,59,59 58 57 56 55 54 53 52 51,"[[59, 0.0, 1.0], [58, 4.0, 1.0], [57, 9.0, 1.0], [56, 9.0, 0.6], [55, 0.0, 0.6], [54, 0.0, 0.6], [53, 0.0, 0.3], [52, 0.0, 0.3], [51, 0.0, 0.3]]",33,13-13,Parastate,0,4
Kernwood Lutheran|boys,Kernwood Lutheran,boys,1A,38,16.2,-5.699999999999999,0.0,60,0,59,59 58 57 56 55 54 53 52 51,"[[59, 0.0, 1.0], [58, 0.0, 1.0], [57, 0.0, 1.0], [56, 0.0, 0.6], [55, 0.0, 0.6], [54, 0.0, 0.6], [53, 11.0, 0.3], [52, 17.0, 0.3], [51, 26.0, 0.3]]",70,9-21,Areas,0,-32
Trout Lake|boys,Trout Lake,boys,1A,39,15.9,-9.6,0.0,60,0,59,59 58 57 56 55 54 53 52 51,"[[59, 0.0, 1.0], [58, 0.0, 1.0], [57, 0.0, 1.0], [56, 0.0, 0.6], [55, 0.0, 0.6], [54, 1.0, 0.6], [53, 16.0, 0.3], [52, 11.0, 0.3], [51, 24.0, 0.3]]",43,12-16,Wards,0,-4
Weston-McEwen High|boys,Weston-McEwen,boys,1A,40,15.2,-3.700000000000003,1.0,35,0,59,59 58 57 56 55 54 53 52 51,"[[59, 1.0, 1.0], [58, 0.0, 1.0], [57, 7.0, 1.0], [56, 11.0, 0.6], [55, 0.0, 0.6], [54, 1.0, 0.6], [53, 0.0, 0.3], [52, 0.0, 0.3], [51, 0.0, 0.3]]",24,17-12,Parastate,0,16
Pine Siding|boys,Pine,boys,1A,41,13.4,0.6999999999999993,1.0,60,0,59,59 58 57 56 55 54 53 52 51,"[[59, 1.0, 1.0], [58, 0.0, 1.0], [57, 1.0, 1.0], [56, 0.0, 0.6], [55, 8.0, 0.6], [54, 11.0, 0.6], [53, 0.0, 0.3], [52, 0.0, 0.3], [51, 0.0, 0.3]]",32,16-16,Semi-Conference,0,9
Anya Orlov|boys,Riviere Salee,boys,1A,42,13.2,-5.100000000000001,0.0,60,0,59,59 58 57 56 55 54 53 52 51,"[[59, 0.0, 1.0], [58, 0.0, 1.0], [57, 0.0, 1.0], [56, 0.0, 0.6], [55, 0.0, 0.6], [54, 1.0, 0.6], [53, 11.0, 0.3], [52, 17.0, 0.3], [51, 14.0, 0.3]]",53,9-15,Wards,0,-11
Glenwood High|boys,Glenwood,boys,1A,43,11.6,1.0,1.0,35,0,59,59 58 57 56 55 54 53 52 51,"[[59, 1.0, 1.0], [58, 10.0, 1.0], [57, 0.0, 1.0], [56, 0.0, 0.6], [55, 1.0, 0.6], [54, 0.0, 0.6], [53, 0.0, 0.3], [52, 0.0, 0.3], [51, 0.0, 0.3]]",28,16-15,Challengers,0,15
Brackwood Union|boys,Brackwood Pass,boys,1A,44,11.3,3.200000000000001,5.0,60,0,59,59 58 57 56 55 54 53 52 51,"[[59, 5.0, 1.0], [58, 3.0, 1.0], [57, 0.0, 1.0], [56, 0.0, 0.6], [55, 0.0, 0.6], [54, 0.0, 0.6], [53, 0.0, 0.3], [52, 1.0, 0.3], [51, 10.0, 0.3]]",27,14-15,Round of 24,0,17
Wheatley|boys,Wheatley,boys,1A,45,9.9,-0.8999999999999986,0.0,60,0,59,59 58 57 56 55 54 53 52 51,"[[59, 0.0, 1.0], [58, 0.0, 1.0], [57, 0.0, 1.0], [56, 0.0, 0.6], [55, 11.0, 0.6], [54, 0.0, 0.6], [53, 3.0, 0.3], [52, 8.0, 0.3], [51, 0.0, 0.3]]",57,6-15,Areas,0,-12
Wishram High|boys,Wishram,boys,1A,46,9.9,-2.3999999999999986,0.0,35,0,59,59 58 57 56 55 54 53 52 51,"[[59, 0.0, 1.0], [58, 0.0, 1.0], [57, 0.0, 1.0], [56, 0.0, 0.6], [55, 0.0, 0.6], [54, 11.0, 0.6], [53, 8.0, 0.3], [52, 3.0, 0.3], [51, 0.0, 0.3]]",62,6-16,Areas,0,-16
Lyle High|boys,Lyle,boys,1A,47,9.4,-3.8000000000000007,4.0,35,0,59,59 58 57 56 55 54 53 52 51,"[[59, 4.0, 1.0], [58, 3.0, 1.0], [57, 0.0, 1.0], [56, 0.0, 0.6], [55, 1.0, 0.6], [54, 0.0, 0.6], [53, 1.0, 0.3], [52, 5.0, 0.3], [51, 0.0, 0.3]]",18,21-10,Round of 24,0,29
Redwood Glen|boys,Redwood Glen,boys,1A,48,9.0,9.0,9.0,60,0,59,59 58 57 56 55 54 53 52 51,"[[59, 9.0, 1.0], [58, 0.0, 1.0], [57, 0.0, 1.0], [56, 0.0, 0.6], [55, 0.0, 0.6], [54, 0.0, 0.6], [53, 0.0, 0.3], [52, 0.0, 0.3], [51, 0.0, 0.3]]",20,22-10,Round of 24,0,28
Granite Bar|boys,New Penzance Island,boys,1A,49,6.9,-5.099999999999998,0.0,60,0,59,59 58 57 56 55 54 53 52 51,"[[59, 0.0, 1.0], [58, 0.0, 1.0], [57, 0.0, 1.0], [56, 0.0, 0.6], [55, 0.0, 0.6], [54, 0.0, 0.6], [53, 8.0, 0.3], [52, 8.0, 0.3], [51, 7.0, 0.3]]",64,7-21,Wards,0,-15
Tule Flat Lutheran|boys,Reed Lake,boys,1A,50,6.299999999999999,-3.3000000000000007,0.0,25,0,59,59 58 57 56 55 54 53 52 51,"[[59, 0.0, 1.0], [58, 0.0, 1.0], [57, 0.0, 1.0], [56, 0.0, 0.6], [55, 0.0, 0.6], [54, 0.0, 0.6], [53, 1.0, 0.3], [52, 9.0, 0.3], [51, 11.0, 0.3]]",78,4-19,Areas,0,-28
Marlow County|boys,Marlow County,boys,1A,51,6.0,-1.200000000000001,0.0,60,0,59,59 58 57 56 55 54 53 52 51,"[[59, 0.0, 1.0], [58, 0.0, 1.0], [57, 0.0, 1.0], [56, 3.0, 0.6], [55, 1.0, 0.6], [54, 3.0, 0.6], [53, 0.0, 0.3], [52, 3.0, 0.3], [51, 3.0, 0.3]]",56,9-16,Areas,0,-5
Wallowa High|boys,Wallowa,boys,1A,52,6.0,6.0,6.0,35,0,59,59 58 57 56 55 54 53 52 51,"[[59, 6.0, 1.0], [58, 0.0, 1.0], [57, 0.0, 1.0], [56, 0.0, 0.6], [55, 0.0, 0.6], [54, 0.0, 0.6], [53, 0.0, 0.3], [52, 0.0, 0.3], [51, 0.0, 0.3]]",22,18-11,Parastate,0,30
Halemere|boys,Halemere,boys,1A,53,5.4,0.6000000000000005,3.0,60,0,59,59 58 57 56 55 54 53 52 51,"[[59, 3.0, 1.0], [58, 0.0, 1.0], [57, 0.0, 1.0], [56, 0.0, 0.6], [55, 0.0, 0.6], [54, 0.0, 0.6], [53, 8.0, 0.3], [52, 0.0, 0.3], [51, 0.0, 0.3]]",30,15-11,Parastate,0,23
New Hope Christian|boys,New Hope Christian,boys,1A,54,5.4,-2.7,0.0,60,0,59,59 58 57 56 55 54 53 52 51,"[[59, 0.0, 1.0], [58, 0.0, 1.0], [57, 0.0, 1.0], [56, 0.0, 0.6], [55, 0.0, 0.6], [54, 0.0, 0.6], [53, 9.0, 0.3], [52, 0.0, 0.3], [51, 9.0, 0.3]]",39,13-14,Areas,0,15
St. Genevieve|boys,Whitegrass,boys,1A,55,5.1,0.0,0.0,60,0,59,59 58 57 56 55 54 53 52 51,"[[59, 0.0, 1.0], [58, 0.0, 1.0], [57, 0.0, 1.0], [56, 0.0, 0.6], [55, 0.0, 0.6], [54, 0.0, 0.6], [53, 0.0, 0.3], [52, 0.0, 0.3], [51, 17.0, 0.3]]",36,11-13,Wards,0,19
Vessey Junction-Tailingford Union|boys,Tailingford Union,boys,1A,56,4.9,3.0000000000000004,3.0,60,0,59,59 58 57 56 55 54 53 52 51,"[[59, 3.0, 1.0], [58, 0.0, 1.0], [57, 1.0, 1.0], [56, 0.0, 0.6], [55, 0.0, 0.6], [54, 0.0, 0.6], [53, 0.0, 0.3], [52, 3.0, 0.3], [51, 0.0, 0.3]]",37,15-17,Parastate,0,19
Huckle Lake|boys,Mount Dylan Lake,boys,1A,57,4.8,1.7999999999999998,3.0,60,0,59,59 58 57 56 55 54 53 52 51,"[[59, 3.0, 1.0], [58, 0.0, 1.0], [57, 0.0, 1.0], [56, 3.0, 0.6], [55, 0.0, 0.6], [54, 0.0, 0.6], [53, 0.0, 0.3], [52, 0.0, 0.3], [51, 0.0, 0.3]]",26,15-14,Challengers,0,31
St. Gabriel Preparatory|boys,Orchardgate,boys,1A,58,4.5,-2.1,0.0,60,0,59,59 58 57 56 55 54 53 52 51,"[[59, 0.0, 1.0], [58, 0.0, 1.0], [57, 0.0, 1.0], [56, 0.0, 0.6], [55, 0.0, 0.6], [54, 0.0, 0.6], [53, 0.0, 0.3], [52, 7.0, 0.3], [51, 8.0, 0.3]]",71,5-21,Areas,0,-13
Grace Christian|boys,Grace Christian,boys,1A,59,3.7,-1.8999999999999997,0.0,60,0,59,59 58 57 56 55 54 53 52 51,"[[59, 0.0, 1.0], [58, 0.0, 1.0], [57, 1.0, 1.0], [56, 1.0, 0.6], [55, 1.0, 0.6], [54, 0.0, 0.6], [53, 5.0, 0.3], [52, 0.0, 0.3], [51, 0.0, 0.3]]",55,12-18,Areas,0,4
Amaia Aramburu North|boys,Belmonte South,boys,1A,60,3.6,0.0,0.0,20,0,59,59 58 57 56 55 54 53 52 51,"[[59, 0.0, 1.0], [58, 0.0, 1.0], [57, 0.0, 1.0], [56, 0.0, 0.6], [55, 6.0, 0.6], [54, 0.0, 0.6], [53, 0.0, 0.3], [52, 0.0, 0.3], [51, 0.0, 0.3]]",72,5-16,Areas,0,-12
Martin Luther|boys,King,boys,1A,61,3.3,-1.7999999999999998,0.0,60,0,59,59 58 57 56 55 54 53 52 51,"[[59, 0.0, 1.0], [58, 0.0, 1.0], [57, 0.0, 1.0], [56, 0.0, 0.6], [55, 1.0, 0.6], [54, 0.0, 0.6], [53, 6.0, 0.3], [52, 3.0, 0.3], [51, 0.0, 0.3]]",67,9-18,Areas,0,-6
McCrory|boys,McCrory,boys,1A,62,3.3,-3.3,0.0,43,0,59,59 58 57 56 55 54 53 52 51,"[[59, 0.0, 1.0], [58, 0.0, 1.0], [57, 0.0, 1.0], [56, 0.0, 0.6], [55, 0.0, 0.6], [54, 0.0, 0.6], [53, 11.0, 0.3], [52, 0.0, 0.3], [51, 0.0, 0.3]]",82,0-28,Areas,0,-20
Coast Prairie|boys,Coast Prairie,boys,1A,63,3.0,-0.8999999999999999,0.0,43,0,59,59 58 57 56 55 54 53 52 51,"[[59, 0.0, 1.0], [58, 0.0, 1.0], [57, 0.0, 1.0], [56, 0.0, 0.6], [55, 0.0, 0.6], [54, 0.0, 0.6], [53, 0.0, 0.3], [52, 10.0, 0.3], [51, 0.0, 0.3]]",65,8-18,Areas,0,-2
Condon High|boys,Condon,boys,1A,64,3.0,-3.0,0.0,35,0,59,59 58 57 56 55 54 53 52 51,"[[59, 0.0, 1.0], [58, 0.0, 1.0], [57, 0.0, 1.0], [56, 0.0, 0.6], [55, 0.0, 0.6], [54, 0.0, 0.6], [53, 0.0, 0.3], [52, 0.0, 0.3], [51, 10.0, 0.3]]",54,7-16,Wards,0,10
Elk Prairie|boys,Carolina Island,boys,1A,65,3.0,2.1,3.0,60,0,59,59 58 57 56 55 54 53 52 51,"[[59, 3.0, 1.0], [58, 0.0, 1.0], [57, 0.0, 1.0], [56, 0.0, 0.6], [55, 0.0, 0.6], [54, 0.0, 0.6], [53, 0.0, 0.3], [52, 0.0, 0.3], [51, 0.0, 0.3]]",38,14-16,Semi-Conference,0,27
Punta del Águila|boys,Punta del Águila,boys,1A,66,3.0,0.0,0.0,43,0,59,59 58 57 56 55 54 53 52 51,"[[59, 0.0, 1.0], [58, 0.0, 1.0], [57, 0.0, 1.0], [56, 0.0, 0.6], [55, 0.0, 0.6], [54, 0.0, 0.6], [53, 0.0, 0.3], [52, 10.0, 0.3], [51, 0.0, 0.3]]",73,6-23,Areas,0,-7
Pilot Rock High|boys,Pilot Rock,boys,1A,67,2.9,-0.5,1.0,35,0,59,59 58 57 56 55 54 53 52 51,"[[59, 1.0, 1.0], [58, 1.0, 1.0], [57, 0.0, 1.0], [56, 0.0, 0.6], [55, 0.0, 0.6], [54, 0.0, 0.6], [53, 0.0, 0.3], [52, 3.0, 0.3], [51, 0.0, 0.3]]",51,10-13,Wards,0,16
Flume|boys,Flume,boys,1A,68,2.7,-3.3000000000000003,0.0,43,0,59,59 58 57 56 55 54 53 52 51,"[[59, 0.0, 1.0], [58, 0.0, 1.0], [57, 0.0, 1.0], [56, 0.0, 0.6], [55, 0.0, 0.6], [54, 0.0, 0.6], [53, 0.0, 0.3], [52, 0.0, 0.3], [51, 9.0, 0.3]]",45,11-17,Sectionals,0,23
Odellville|boys,Odellville,boys,1A,69,1.5,0.0,0.0,43,0,59,59 58 57 56 55 54 53 52 51,"[[59, 0.0, 1.0], [58, 0.0, 1.0], [57, 0.0, 1.0], [56, 0.0, 0.6], [55, 0.0, 0.6], [54, 0.0, 0.6], [53, 0.0, 0.3], [52, 0.0, 0.3], [51, 5.0, 0.3]]",61,8-18,Areas,0,8
Christ the King|boys,Christ the King,boys,1A,70,1.0,0.0,0.0,60,0,59,59 58 57 56 55 54 53 52 51,"[[59, 0.0, 1.0], [58, 0.0, 1.0], [57, 1.0, 1.0], [56, 0.0, 0.6], [55, 0.0, 0.6], [54, 0.0, 0.6], [53, 0.0, 0.3], [52, 0.0, 0.3], [51, 0.0, 0.3]]",35,13-11,Wards,0,35
Arlington High|boys,Arlington,boys,1A,71,0.8999999999999999,-1.9,0.0,35,0,59,59 58 57 56 55 54 53 52 51,"[[59, 0.0, 1.0], [58, 0.0, 1.0], [57, 0.0, 1.0], [56, 1.0, 0.6], [55, 0.0, 0.6], [54, 0.0, 0.6], [53, 0.0, 0.3], [52, 1.0, 0.3], [51, 0.0, 0.3]]",74,3-21,Areas,0,-3
Stanfield High|boys,Stanfield,boys,1A,72,0.8999999999999999,-0.8999999999999999,0.0,35,0,59,59 58 57 56 55 54 53 52 51,"[[59, 0.0, 1.0], [58, 0.0, 1.0], [57, 0.0, 1.0], [56, 0.0, 0.6], [55, 0.0, 0.6], [54, 0.0, 0.6], [53, 3.0, 0.3], [52, 0.0, 0.3], [51, 0.0, 0.3]]",81,0-26,Areas,0,-9
Alderton|boys,Alderton,boys,1A,73,0.3,0.0,0.0,43,0,59,59 58 57 56 55 54 53 52 51,"[[59, 0.0, 1.0], [58, 0.0, 1.0], [57, 0.0, 1.0], [56, 0.0, 0.6], [55, 0.0, 0.6], [54, 0.0, 0.6], [53, 0.0, 0.3], [52, 0.0, 0.3], [51, 1.0, 0.3]]",59,8-17,Areas,0,14
Beulah Landing|boys,Beulah Landing,boys,1A,74,0.3,0.0,0.0,43,0,59,59 58 57 56 55 54 53 52 51,"[[59, 0.0, 1.0], [58, 0.0, 1.0], [57, 0.0, 1.0], [56, 0.0, 0.6], [55, 0.0, 0.6], [54, 0.0, 0.6], [53, 0.0, 0.3], [52, 0.0, 0.3], [51, 1.0, 0.3]]",41,10-14,Areas,0,33
Bidwell County|boys,County Line,boys,1A,75,0.0,0.0,0.0,60,0,59,59 58 57 56 55 54 53 52 51,"[[59, 0.0, 1.0], [58, 0.0, 1.0], [57, 0.0, 1.0], [56, 0.0, 0.6], [55, 0.0, 0.6], [54, 0.0, 0.6], [53, 0.0, 0.3], [52, 0.0, 0.3], [51, 0.0, 0.3]]",68,5-18,Areas,0,7
Free Hill|boys,Free Hill,boys,1A,76,0.0,0.0,0.0,43,0,59,59 58 57 56 55 54 53 52 51,"[[59, 0.0, 1.0], [58, 0.0, 1.0], [57, 0.0, 1.0], [56, 0.0, 0.6], [55, 0.0, 0.6], [54, 0.0, 0.6], [53, 0.0, 0.3], [52, 0.0, 0.3], [51, 0.0, 0.3]]",79,4-23,Areas,0,-3
Heritage Christian|boys,Longmeadow,boys,1A,77,0.0,-0.8999999999999999,0.0,60,0,59,59 58 57 56 55 54 53 52 51,"[[59, 0.0, 1.0], [58, 0.0, 1.0], [57, 0.0, 1.0], [56, 0.0, 0.6], [55, 0.0, 0.6], [54, 0.0, 0.6], [53, 0.0, 0.3], [52, 0.0, 0.3], [51, 0.0, 0.3]]",66,8-18,Areas,0,11
Ransom City Union|boys,Ransom Pass,boys,1A,78,0.0,-4.8,0.0,60,0,59,59 58 57 56 55 54 53 52 51,"[[59, 0.0, 1.0], [58, 0.0, 1.0], [57, 0.0, 1.0], [56, 0.0, 0.6], [55, 0.0, 0.6], [54, 0.0, 0.6], [53, 0.0, 0.3], [52, 0.0, 0.3], [51, 0.0, 0.3]]",63,8-20,Areas,0,15
Ransoms Landing|boys,Ransoms Landing,boys,1A,79,0.0,-0.3,0.0,60,0,59,59 58 57 56 55 54 53 52 51,"[[59, 0.0, 1.0], [58, 0.0, 1.0], [57, 0.0, 1.0], [56, 0.0, 0.6], [55, 0.0, 0.6], [54, 0.0, 0.6], [53, 0.0, 0.3], [52, 0.0, 0.3], [51, 0.0, 0.3]]",46,9-17,Areas,0,33
Salvador Figueroa|boys,Vesper,boys,1A,80,0.0,0.0,0.0,60,0,59,59 58 57 56 55 54 53 52 51,"[[59, 0.0, 1.0], [58, 0.0, 1.0], [57, 0.0, 1.0], [56, 0.0, 0.6], [55, 0.0, 0.6], [54, 0.0, 0.6], [53, 0.0, 0.3], [52, 0.0, 0.3], [51, 0.0, 0.3]]",75,3-21,Areas,0,5
St. Jerome Academy|boys,Isla Verde,boys,1A,81,0.0,0.0,0.0,60,0,59,59 58 57 56 55 54 53 52 51,"[[59, 0.0, 1.0], [58, 0.0, 1.0], [57, 0.0, 1.0], [56, 0.0, 0.6], [55, 0.0, 0.6], [54, 0.0, 0.6], [53, 0.0, 0.3], [52, 0.0, 0.3], [51, 0.0, 0.3]]",44,11-12,Areas,0,37
Trinity Christian|boys,Stillwater,boys,1A,82,0.0,0.0,0.0,60,0,59,59 58 57 56 55 54 53 52 51,"[[59, 0.0, 1.0], [58, 0.0, 1.0], [57, 0.0, 1.0], [56, 0.0, 0.6], [55, 0.0, 0.6], [54, 0.0, 0.6], [53, 0.0, 0.3], [52, 0.0, 0.3], [51, 0.0, 0.3]]",52,9-12,Wards,0,30
Porterfield|boys,Porterfield,boys,2A,1,194.40000000000003,18.00000000000003,39.0,60,0,59,59 58 57 56 55 54 53 52 51,"[[59, 39.0, 1.0], [58, 39.0, 1.0], [57, 39.0, 1.0], [56, 39.0, 0.6], [55, 38.0, 0.6], [54, 39.0, 0.6], [53, 16.0, 0.3], [52, 10.0, 0.3], [51, 0.0, 0.3]]",3,31-2,Champion,1,-2
Garrity|boys,Texas Beach,boys,2A,2,118.3,9.000000000000014,27.0,60,0,59,59 58 57 56 55 54 53 52 51,"[[59, 27.0, 1.0], [58, 27.0, 1.0], [57, 25.0, 1.0], [56, 27.0, 0.6], [55, 9.0, 0.6], [54, 17.0, 0.6], [53, 8.0, 0.3], [52, 0.0, 0.3], [51, 17.0, 0.3]]",2,28-1,Finalist,0,0
Tailing Crossing-Ewart Bar Union|boys,Fountain Park,boys,2A,3,87.89999999999999,-4.100000000000023,10.0,60,0,59,59 58 57 56 55 54 53 52 51,"[[59, 10.0, 1.0], [58, 10.0, 1.0], [57, 16.0, 1.0], [56, 24.0, 0.6], [55, 16.0, 0.6], [54, 26.0, 0.6], [53, 7.0, 0.3], [52, 26.0, 0.3], [51, 8.0, 0.3]]",8,23-4,Octofinalist,0,-5
Netherwood|boys,Netherwood,boys,2A,4,85.3,8.100000000000009,25.0,60,0,59,59 58 57 56 55 54 53 52 51,"[[59, 25.0, 1.0], [58, 8.0, 1.0], [57, 10.0, 1.0], [56, 10.0, 0.6], [55, 10.0, 0.6], [54, 24.0, 0.6], [53, 27.0, 0.3], [52, 17.0, 0.3], [51, 9.0, 0.3]]",1,28-1,Semifinalist,0,3
Calvary Chapel Kilbride Switch|boys,Gottschalk-Herman,boys,2A,5,79.80000000000001,15.800000000000011,25.0,60,0,59,59 58 57 56 55 54 53 52 51,"[[59, 25.0, 1.0], [58, 10.0, 1.0], [57, 10.0, 1.0], [56, 17.0, 0.6], [55, 17.0, 0.6], [54, 11.0, 0.6], [53, 8.0, 0.3], [52, 10.0, 0.3], [51, 8.0, 0.3]]",7,31-2,Semifinalist,0,-2
Draybrook Union|boys,Draybrook Union,boys,2A,6,78.6,-1.1999999999999886,10.0,60,0,59,59 58 57 56 55 54 53 52 51,"[[59, 10.0, 1.0], [58, 8.0, 1.0], [57, 12.0, 1.0], [56, 16.0, 0.6], [55, 25.0, 0.6], [54, 26.0, 0.6], [53, 16.0, 0.3], [52, 10.0, 0.3], [51, 2.0, 0.3]]",13,22-7,Octofinalist,0,-7
Aldermont|boys,Cape Angeles,boys,2A,7,78.19999999999999,-8.599999999999994,11.0,60,0,59,59 58 57 56 55 54 53 52 51,"[[59, 11.0, 1.0], [58, 9.0, 1.0], [57, 9.0, 1.0], [56, 25.0, 0.6], [55, 24.0, 0.6], [54, 16.0, 0.6], [53, 25.0, 0.3], [52, 2.0, 0.3], [51, 7.0, 0.3]]",22,19-10,Round of 32,0,-15
Villard|boys,Villard,boys,2A,8,77.8,11.700000000000005,16.0,60,0,59,59 58 57 56 55 54 53 52 51,"[[59, 16.0, 1.0], [58, 16.0, 1.0], [57, 26.0, 1.0], [56, 10.0, 0.6], [55, 12.0, 0.6], [54, 11.0, 0.6], [53, 0.0, 0.3], [52, 0.0, 0.3], [51, 0.0, 0.3]]",4,25-3,Quarterfinalist,0,4
Elk Run|boys,Elk Run,boys,2A,9,77.4,-9.099999999999994,0.0,43,0,59,59 58 57 56 55 54 53 52 51,"[[59, 0.0, 1.0], [58, 25.0, 1.0], [57, 11.0, 1.0], [56, 10.0, 0.6], [55, 27.0, 0.6], [54, 17.0, 0.6], [53, 16.0, 0.3], [52, 10.0, 0.3], [51, 4.0, 0.3]]",61,4-19,Sectionals,0,-52
Meridian Regional|boys,Meridian Regional,boys,2A,10,75.19999999999999,3.5999999999999943,16.0,60,0,59,59 58 57 56 55 54 53 52 51,"[[59, 16.0, 1.0], [58, 16.0, 1.0], [57, 9.0, 1.0], [56, 16.0, 0.6], [55, 13.0, 0.6], [54, 0.0, 0.6], [53, 16.0, 0.3], [52, 24.0, 0.3], [51, 16.0, 0.3]]",9,20-6,Quarterfinalist,0,1
Vale High|boys,Vale,boys,2A,11,69.7,-15.700000000000005,0.0,35,0,59,59 58 57 56 55 54 53 52 51,"[[59, 0.0, 1.0], [58, 24.0, 1.0], [57, 16.0, 1.0], [56, 10.0, 0.6], [55, 8.0, 0.6], [54, 12.0, 0.6], [53, 0.0, 0.3], [52, 0.0, 0.3], [51, 39.0, 0.3]]",47,9-16,Sectionals,0,-36
Caswell Depot High|boys,Cherry Hill North,boys,2A,12,63.39999999999999,-1.4210854715202004e-14,10.0,43,0,59,59 58 57 56 55 54 53 52 51,"[[59, 10.0, 1.0], [58, 10.0, 1.0], [57, 8.0, 1.0], [56, 10.0, 0.6], [55, 10.0, 0.6], [54, 9.0, 0.6], [53, 11.0, 0.3], [52, 39.0, 0.3], [51, 10.0, 0.3]]",10,23-7,Octofinalist,0,2
Granite Basin|boys,Granite Basin,boys,2A,13,62.8,3.6000000000000014,13.0,60,0,59,59 58 57 56 55 54 53 52 51,"[[59, 13.0, 1.0], [58, 10.0, 1.0], [57, 11.0, 1.0], [56, 16.0, 0.6], [55, 11.0, 0.6], [54, 10.0, 0.6], [53, 2.0, 0.3], [52, 10.0, 0.3], [51, 10.0, 0.3]]",21,15-12,Round of 32,0,-8
Elgin High|boys,Elgin,boys,2A,14,57.8,-3.6000000000000014,0.0,35,0,59,59 58 57 56 55 54 53 52 51,"[[59, 0.0, 1.0], [58, 17.0, 1.0], [57, 24.0, 1.0], [56, 9.0, 0.6], [55, 8.0, 0.6], [54, 11.0, 0.6], [53, 0.0, 0.3], [52, 0.0, 0.3], [51, 0.0, 0.3]]",57,5-20,Sectionals,0,-43
Huntington High|boys,Huntington,boys,2A,15,56.5,-12.700000000000005,6.0,35,0,59,59 58 57 56 55 54 53 52 51,"[[59, 6.0, 1.0], [58, 13.0, 1.0], [57, 6.0, 1.0], [56, 10.0, 0.6], [55, 1.0, 0.6], [54, 5.0, 0.6], [53, 39.0, 0.3], [52, 17.0, 0.3], [51, 17.0, 0.3]]",29,17-17,Round of 32,0,-14
Nyssa High|boys,Nyssa,boys,2A,16,55.9,-2.9000000000000057,8.0,35,0,59,59 58 57 56 55 54 53 52 51,"[[59, 8.0, 1.0], [58, 17.0, 1.0], [57, 9.0, 1.0], [56, 10.0, 0.6], [55, 10.0, 0.6], [54, 11.0, 0.6], [53, 11.0, 0.3], [52, 0.0, 0.3], [51, 0.0, 0.3]]",12,21-3,Round of 32,0,4
Fogline|boys,Fogline,boys,2A,17,55.3,2.3999999999999986,11.0,43,0,59,59 58 57 56 55 54 53 52 51,"[[59, 11.0, 1.0], [58, 9.0, 1.0], [57, 17.0, 1.0], [56, 8.0, 0.6], [55, 10.0, 0.6], [54, 4.0, 0.6], [53, 9.0, 0.3], [52, 8.0, 0.3], [51, 0.0, 0.3]]",18,20-11,Round of 32,0,-1
Puerto Alma|boys,Puerto Alma,boys,2A,18,52.49999999999999,12.099999999999994,16.0,60,0,59,59 58 57 56 55 54 53 52 51,"[[59, 16.0, 1.0], [58, 10.0, 1.0], [57, 16.0, 1.0], [56, 9.0, 0.6], [55, 8.0, 0.6], [54, 0.0, 0.6], [53, 1.0, 0.3], [52, 0.0, 0.3], [51, 0.0, 0.3]]",6,25-4,Quarterfinalist,0,12
John Lewis|boys,Lewis,boys,2A,19,52.2,-6.799999999999997,4.0,60,0,59,59 58 57 56 55 54 53 52 51,"[[59, 4.0, 1.0], [58, 3.0, 1.0], [57, 8.0, 1.0], [56, 12.0, 0.6], [55, 12.0, 0.6], [54, 16.0, 0.6], [53, 8.0, 0.3], [52, 10.0, 0.3], [51, 26.0, 0.3]]",31,16-15,Parastate,0,-12
Four Rivers Community School|boys,Four Rivers Charter,boys,2A,20,48.2,1.6999999999999955,6.0,35,0,59,59 58 57 56 55 54 53 52 51,"[[59, 6.0, 1.0], [58, 9.0, 1.0], [57, 11.0, 1.0], [56, 10.0, 0.6], [55, 16.0, 0.6], [54, 9.0, 0.6], [53, 1.0, 0.3], [52, 3.0, 0.3], [51, 0.0, 0.3]]",39,17-17,Parastate,0,-19
Galina Moroz|boys,Windward,boys,2A,21,48.1,14.499999999999991,18.0,20,0,59,59 58 57 56 55 54 53 52 51,"[[59, 18.0, 1.0], [58, 10.0, 1.0], [57, 3.0, 1.0], [56, 8.0, 0.6], [55, 10.0, 0.6], [54, 10.0, 0.6], [53, 1.0, 0.3], [52, 0.0, 0.3], [51, 0.0, 0.3]]",23,22-10,Quarterfinalist,0,-2
Mikel Zubieta|boys,South Rim,boys,2A,22,47.39999999999999,-7.800000000000011,2.0,20,0,59,59 58 57 56 55 54 53 52 51,"[[59, 2.0, 1.0], [58, 7.0, 1.0], [57, 9.0, 1.0], [56, 11.0, 0.6], [55, 17.0, 0.6], [54, 10.0, 0.6], [53, 6.0, 0.3], [52, 6.0, 0.3], [51, 10.0, 0.3]]",44,10-16,Conference,0,-22
Gold Junction|boys,Seamus Town,boys,2A,23,45.1,2.699999999999996,10.0,60,0,59,59 58 57 56 55 54 53 52 51,"[[59, 10.0, 1.0], [58, 10.0, 1.0], [57, 8.0, 1.0], [56, 10.0, 0.6], [55, 8.0, 0.6], [54, 9.0, 0.6], [53, 1.0, 0.3], [52, 0.0, 0.3], [51, 2.0, 0.3]]",11,23-4,Octofinalist,0,12
Madison|boys,Governor Woods,boys,2A,24,43.8,5.899999999999999,10.0,60,0,59,59 58 57 56 55 54 53 52 51,"[[59, 10.0, 1.0], [58, 10.0, 1.0], [57, 10.0, 1.0], [56, 8.0, 0.6], [55, 10.0, 0.6], [54, 0.0, 0.6], [53, 0.0, 0.3], [52, 0.0, 0.3], [51, 10.0, 0.3]]",5,24-7,Octofinalist,0,19
Sutter Basin|boys,Sutter Basin,boys,2A,25,42.5,3.000000000000007,9.0,43,0,59,59 58 57 56 55 54 53 52 51,"[[59, 9.0, 1.0], [58, 10.0, 1.0], [57, 10.0, 1.0], [56, 12.0, 0.6], [55, 3.0, 0.6], [54, 1.0, 0.6], [53, 4.0, 0.3], [52, 8.0, 0.3], [51, 1.0, 0.3]]",25,20-9,Round of 32,0,0
Pine Eagle High|boys,Pine Eagle,boys,2A,26,40.4,5.100000000000001,10.0,35,0,59,59 58 57 56 55 54 53 52 51,"[[59, 10.0, 1.0], [58, 10.0, 1.0], [57, 9.0, 1.0], [56, 4.0, 0.6], [55, 1.0, 0.6], [54, 8.0, 0.6], [53, 0.0, 0.3], [52, 0.0, 0.3], [51, 12.0, 0.3]]",15,21-7,Octofinalist,0,11
Tamarack Springs|boys,Mineral Springs,boys,2A,27,38.6,6.600000000000001,9.0,60,0,59,59 58 57 56 55 54 53 52 51,"[[59, 9.0, 1.0], [58, 7.0, 1.0], [57, 7.0, 1.0], [56, 6.0, 0.6], [55, 10.0, 0.6], [54, 10.0, 0.6], [53, 0.0, 0.3], [52, 0.0, 0.3], [51, 0.0, 0.3]]",19,21-12,Round of 32,0,8
Mission Ridge|boys,Mission Ridge,boys,2A,28,37.00000000000001,3.500000000000007,7.0,60,0,59,59 58 57 56 55 54 53 52 51,"[[59, 7.0, 1.0], [58, 8.0, 1.0], [57, 10.0, 1.0], [56, 8.0, 0.6], [55, 1.0, 0.6], [54, 9.0, 0.6], [53, 0.0, 0.3], [52, 4.0, 0.3], [51, 0.0, 0.3]]",28,19-13,Parastate,0,0
Jessup Bar|boys,Jessup Bar,boys,2A,29,33.800000000000004,-0.3999999999999986,4.0,60,0,59,59 58 57 56 55 54 53 52 51,"[[59, 4.0, 1.0], [58, 7.0, 1.0], [57, 12.0, 1.0], [56, 2.0, 0.6], [55, 10.0, 0.6], [54, 1.0, 0.6], [53, 2.0, 0.3], [52, 0.0, 0.3], [51, 8.0, 0.3]]",32,17-10,Parastate,0,-3
Featherton|boys,Featherton,boys,2A,30,32.4,9.4,11.0,43,0,59,59 58 57 56 55 54 53 52 51,"[[59, 11.0, 1.0], [58, 11.0, 1.0], [57, 5.0, 1.0], [56, 4.0, 0.6], [55, 5.0, 0.6], [54, 0.0, 0.6], [53, 0.0, 0.3], [52, 0.0, 0.3], [51, 0.0, 0.3]]",16,21-12,Octofinalist,0,14
Port Meridian Polytechnic|boys,Port Meridian North,boys,2A,31,31.6,-4.800000000000001,1.0,44,0,59,59 58 57 56 55 54 53 52 51,"[[59, 1.0, 1.0], [58, 1.0, 1.0], [57, 8.0, 1.0], [56, 7.0, 0.6], [55, 6.0, 0.6], [54, 10.0, 0.6], [53, 10.0, 0.3], [52, 10.0, 0.3], [51, 6.0, 0.3]]",49,8-16,Wards,0,-18
Cradle Reach|boys,Cradle,boys,2A,32,31.5,8.600000000000001,9.0,60,0,59,59 58 57 56 55 54 53 52 51,"[[59, 9.0, 1.0], [58, 8.0, 1.0], [57, 7.0, 1.0], [56, 1.0, 0.6], [55, 10.0, 0.6], [54, 0.0, 0.6], [53, 0.0, 0.3], [52, 0.0, 0.3], [51, 3.0, 0.3]]",17,19-12,Round of 32,0,15
Newark River|boys,Newark River,boys,2A,33,31.1,-11.299999999999994,1.0,60,0,59,59 58 57 56 55 54 53 52 51,"[[59, 1.0, 1.0], [58, 8.0, 1.0], [57, 5.0, 1.0], [56, 9.0, 0.6], [55, 4.0, 0.6], [54, 0.0, 0.6], [53, 13.0, 0.3], [52, 2.0, 0.3], [51, 16.0, 0.3]]",35,15-16,Specials,0,-2
Bethel Christian|boys,Bethel Christian,boys,2A,34,30.299999999999997,-8.8,0.0,60,0,59,59 58 57 56 55 54 53 52 51,"[[59, 0.0, 1.0], [58, 0.0, 1.0], [57, 9.0, 1.0], [56, 4.0, 0.6], [55, 10.0, 0.6], [54, 9.0, 0.6], [53, 8.0, 0.3], [52, 9.0, 0.3], [51, 8.0, 0.3]]",53,9-20,Sectionals,0,-19
Cove High|boys,Cove,boys,2A,35,30.200000000000003,2.200000000000003,8.0,35,0,59,59 58 57 56 55 54 53 52 51,"[[59, 8.0, 1.0], [58, 11.0, 1.0], [57, 1.0, 1.0], [56, 1.0, 0.6], [55, 0.0, 0.6], [54, 0.0, 0.6], [53, 10.0, 0.3], [52, 12.0, 0.3], [51, 10.0, 0.3]]",30,20-13,Round of 32,0,5
Belmonte Applied Sciences Institute|boys,Yazoo,boys,2A,36,29.5,-9.200000000000005,1.0,60,0,59,59 58 57 56 55 54 53 52 51,"[[59, 1.0, 1.0], [58, 0.0, 1.0], [57, 0.0, 1.0], [56, 3.0, 0.6], [55, 12.0, 0.6], [54, 10.0, 0.6], [53, 25.0, 0.3], [52, 10.0, 0.3], [51, 10.0, 0.3]]",43,12-14,Semi-Conference,0,-7
Ewartville|boys,Fort Tabor,boys,2A,37,29.399999999999995,4.899999999999999,9.0,60,0,59,59 58 57 56 55 54 53 52 51,"[[59, 9.0, 1.0], [58, 1.0, 1.0], [57, 5.0, 1.0], [56, 8.0, 0.6], [55, 2.0, 0.6], [54, 2.0, 0.6], [53, 3.0, 0.3], [52, 13.0, 0.3], [51, 8.0, 0.3]]",33,16-17,Octofinalist,0,4
Alben Barkley|boys,Barkley,boys,2A,38,28.8,-5.300000000000001,3.0,60,0,59,59 58 57 56 55 54 53 52 51,"[[59, 3.0, 1.0], [58, 0.0, 1.0], [57, 0.0, 1.0], [56, 11.0, 0.6], [55, 11.0, 0.6], [54, 10.0, 0.6], [53, 13.0, 0.3], [52, 7.0, 0.3], [51, 2.0, 0.3]]",42,11-18,Conference,0,-4
Hydraulicwood|boys,Hydraulicwood,boys,2A,39,28.7,5.899999999999999,8.0,60,0,59,59 58 57 56 55 54 53 52 51,"[[59, 8.0, 1.0], [58, 8.0, 1.0], [57, 1.0, 1.0], [56, 0.0, 0.6], [55, 0.0, 0.6], [54, 0.0, 0.6], [53, 0.0, 0.3], [52, 13.0, 0.3], [51, 26.0, 0.3]]",45,14-18,Round of 32,0,-6
Ashwood|boys,Gruesome Ridge,boys,2A,40,28.1,9.9,12.0,60,0,59,59 58 57 56 55 54 53 52 51,"[[59, 12.0, 1.0], [58, 1.0, 1.0], [57, 10.0, 1.0], [56, 0.0, 0.6], [55, 2.0, 0.6], [54, 0.0, 0.6], [53, 0.0, 0.3], [52, 12.0, 0.3], [51, 1.0, 0.3]]",37,15-13,Round of 32,0,3
Annie Springs|boys,Annie Springs,boys,2A,41,27.1,1.4999999999999964,12.0,60,0,59,59 58 57 56 55 54 53 52 51,"[[59, 12.0, 1.0], [58, 0.0, 1.0], [57, 1.0, 1.0], [56, 0.0, 0.6], [55, 0.0, 0.6], [54, 2.0, 0.6], [53, 10.0, 0.3], [52, 8.0, 0.3], [51, 25.0, 0.3]]",34,19-13,Round of 32,0,7
Union High|boys,Union,boys,2A,42,24.500000000000004,7.600000000000001,8.0,35,0,59,59 58 57 56 55 54 53 52 51,"[[59, 8.0, 1.0], [58, 7.0, 1.0], [57, 8.0, 1.0], [56, 1.0, 0.6], [55, 0.0, 0.6], [54, 1.0, 0.6], [53, 0.0, 0.3], [52, 1.0, 0.3], [51, 0.0, 0.3]]",14,21-6,Round of 32,0,28
Fig Gap|boys,Río Verde,boys,2A,43,23.9,-2.3999999999999986,0.0,60,0,59,59 58 57 56 55 54 53 52 51,"[[59, 0.0, 1.0], [58, 7.0, 1.0], [57, 10.0, 1.0], [56, 6.0, 0.6], [55, 4.0, 0.6], [54, 1.0, 0.6], [53, 0.0, 0.3], [52, 1.0, 0.3], [51, 0.0, 0.3]]",70,6-22,Sectionals,0,-27
Haddon Siding|boys,Haddon,boys,2A,44,23.700000000000003,4.5,10.0,60,0,59,59 58 57 56 55 54 53 52 51,"[[59, 10.0, 1.0], [58, 2.0, 1.0], [57, 3.0, 1.0], [56, 13.0, 0.6], [55, 1.0, 0.6], [54, 0.0, 0.6], [53, 1.0, 0.3], [52, 0.0, 0.3], [51, 0.0, 0.3]]",20,21-13,Round of 32,0,24
Paddock Institute|boys,Paddock Tech,boys,2A,45,18.9,-9.6,0.0,60,0,59,59 58 57 56 55 54 53 52 51,"[[59, 0.0, 1.0], [58, 0.0, 1.0], [57, 0.0, 1.0], [56, 9.0, 0.6], [55, 10.0, 0.6], [54, 1.0, 0.6], [53, 8.0, 0.3], [52, 7.0, 0.3], [51, 8.0, 0.3]]",72,6-20,Sectionals,0,-27
Gilhooly|boys,Gilhooly,boys,2A,46,18.0,-3.3999999999999986,0.0,60,0,59,59 58 57 56 55 54 53 52 51,"[[59, 0.0, 1.0], [58, 0.0, 1.0], [57, 0.0, 1.0], [56, 1.0, 0.6], [55, 10.0, 0.6], [54, 10.0, 0.6], [53, 10.0, 0.3], [52, 8.0, 0.3], [51, 0.0, 0.3]]",55,9-17,Sectionals,0,-9
Ransom Spur|boys,Río Seco,boys,2A,47,17.9,-2.3999999999999986,0.0,60,0,59,59 58 57 56 55 54 53 52 51,"[[59, 0.0, 1.0], [58, 7.0, 1.0], [57, 1.0, 1.0], [56, 0.0, 0.6], [55, 1.0, 0.6], [54, 10.0, 0.6], [53, 8.0, 0.3], [52, 3.0, 0.3], [51, 0.0, 0.3]]",71,3-22,Sectionals,0,-24
Prune Siding|boys,Prunedale,boys,2A,48,17.2,3.1,7.0,43,0,59,59 58 57 56 55 54 53 52 51,"[[59, 7.0, 1.0], [58, 0.0, 1.0], [57, 0.0, 1.0], [56, 0.0, 0.6], [55, 0.0, 0.6], [54, 1.0, 0.6], [53, 6.0, 0.3], [52, 16.0, 0.3], [51, 10.0, 0.3]]",36,15-16,Round of 32,0,12
Walnut Yard|boys,South Simmons,boys,2A,49,17.0,-0.8000000000000007,1.0,60,0,59,59 58 57 56 55 54 53 52 51,"[[59, 1.0, 1.0], [58, 0.0, 1.0], [57, 1.0, 1.0], [56, 3.0, 0.6], [55, 9.0, 0.6], [54, 8.0, 0.6], [53, 1.0, 0.3], [52, 9.0, 0.3], [51, 0.0, 0.3]]",40,14-16,Parastate,0,9
Los Remolinos Mission Bay|boys,Estuary Bay,boys,2A,50,16.9,-5.199999999999999,0.0,60,0,59,59 58 57 56 55 54 53 52 51,"[[59, 0.0, 1.0], [58, 0.0, 1.0], [57, 1.0, 1.0], [56, 10.0, 0.6], [55, 1.0, 0.6], [54, 12.0, 0.6], [53, 1.0, 0.3], [52, 2.0, 0.3], [51, 4.0, 0.3]]",46,9-15,Semi-Conference,0,4
Wolf Gap International School|boys,Wolf Gap International,boys,2A,51,16.7,9.0,9.0,60,0,59,59 58 57 56 55 54 53 52 51,"[[59, 9.0, 1.0], [58, 3.0, 1.0], [57, 2.0, 1.0], [56, 0.0, 0.6], [55, 1.0, 0.6], [54, 3.0, 0.6], [53, 0.0, 0.3], [52, 0.0, 0.3], [51, 1.0, 0.3]]",24,17-13,Parastate,0,27
Vessey Junction|boys,Vessey Junction,boys,2A,52,15.5,3.0,3.0,60,0,59,59 58 57 56 55 54 53 52 51,"[[59, 3.0, 1.0], [58, 8.0, 1.0], [57, 3.0, 1.0], [56, 0.0, 0.6], [55, 0.0, 0.6], [54, 0.0, 0.6], [53, 0.0, 0.3], [52, 0.0, 0.3], [51, 5.0, 0.3]]",26,18-12,Parastate,0,26
Benton Cross|boys,Benton Cross,boys,2A,53,15.3,-4.299999999999997,0.0,60,0,59,59 58 57 56 55 54 53 52 51,"[[59, 0.0, 1.0], [58, 0.0, 1.0], [57, 0.0, 1.0], [56, 1.0, 0.6], [55, 0.0, 0.6], [54, 1.0, 0.6], [53, 12.0, 0.3], [52, 25.0, 0.3], [51, 10.0, 0.3]]",63,4-25,Sectionals,0,-10
Enterprise High|boys,Enterprise,boys,2A,54,14.8,0.0,0.0,35,0,59,59 58 57 56 55 54 53 52 51,"[[59, 0.0, 1.0], [58, 5.0, 1.0], [57, 8.0, 1.0], [56, 0.0, 0.6], [55, 0.0, 0.6], [54, 0.0, 0.6], [53, 0.0, 0.3], [52, 1.0, 0.3], [51, 5.0, 0.3]]",50,10-18,Sectionals,0,4
Abbey Vale Orchard Hill|boys,B.T. Washington,boys,2A,55,14.0,5.199999999999999,8.0,60,0,59,59 58 57 56 55 54 53 52 51,"[[59, 8.0, 1.0], [58, 0.0, 1.0], [57, 0.0, 1.0], [56, 1.0, 0.6], [55, 0.0, 0.6], [54, 0.0, 0.6], [53, 0.0, 0.3], [52, 10.0, 0.3], [51, 8.0, 0.3]]",38,16-18,Round of 32,0,17
Powder Valley High|boys,Powder Valley,boys,2A,56,13.7,-2.900000000000002,1.0,35,0,59,59 58 57 56 55 54 53 52 51,"[[59, 1.0, 1.0], [58, 1.0, 1.0], [57, 0.0, 1.0], [56, 0.0, 0.6], [55, 2.0, 0.6], [54, 12.0, 0.6], [53, 3.0, 0.3], [52, 1.0, 0.3], [51, 7.0, 0.3]]",51,10-15,Semi-Conference,0,5
Canaan Bend|boys,Canaan Bend,boys,2A,57,12.1,-2.6,1.0,43,0,59,59 58 57 56 55 54 53 52 51,"[[59, 1.0, 1.0], [58, 0.0, 1.0], [57, 0.0, 1.0], [56, 0.0, 0.6], [55, 0.0, 0.6], [54, 3.0, 0.6], [53, 9.0, 0.3], [52, 9.0, 0.3], [51, 13.0, 0.3]]",41,14-15,Specials,0,16
Sherman High|boys,Sherman,boys,2A,58,11.1,-11.4,0.0,35,0,59,59 58 57 56 55 54 53 52 51,"[[59, 0.0, 1.0], [58, 0.0, 1.0], [57, 0.0, 1.0], [56, 0.0, 0.6], [55, 1.0, 0.6], [54, 5.0, 0.6], [53, 14.0, 0.3], [52, 1.0, 0.3], [51, 10.0, 0.3]]",54,8-18,Sectionals,0,4
Gold Hollow|boys,Gold Hollow,boys,2A,59,10.5,-3.0,0.0,60,0,59,59 58 57 56 55 54 53 52 51,"[[59, 0.0, 1.0], [58, 0.0, 1.0], [57, 0.0, 1.0], [56, 0.0, 0.6], [55, 0.0, 0.6], [54, 1.0, 0.6], [53, 10.0, 0.3], [52, 13.0, 0.3], [51, 10.0, 0.3]]",56,6-20,Sectionals,0,3
North Antler Regional|boys,North Antler Regional,boys,2A,60,9.0,1.4000000000000004,5.0,43,0,59,59 58 57 56 55 54 53 52 51,"[[59, 5.0, 1.0], [58, 1.0, 1.0], [57, 0.0, 1.0], [56, 0.0, 0.6], [55, 3.0, 0.6], [54, 2.0, 0.6], [53, 0.0, 0.3], [52, 0.0, 0.3], [51, 0.0, 0.3]]",27,14-15,Parastate,0,33
Thomas Moreau|boys,Elkhorn,boys,2A,61,8.1,-0.4000000000000003,0.0,20,0,59,59 58 57 56 55 54 53 52 51,"[[59, 0.0, 1.0], [58, 0.0, 1.0], [57, 0.0, 1.0], [56, 1.0, 0.6], [55, 1.0, 0.6], [54, 11.0, 0.6], [53, 0.0, 0.3], [52, 1.0, 0.3], [51, 0.0, 0.3]]",59,8-18,Sectionals,0,2
Yarburg|boys,Yarburg,boys,2A,62,7.499999999999999,-3.6000000000000005,0.0,60,0,59,59 58 57 56 55 54 53 52 51,"[[59, 0.0, 1.0], [58, 0.0, 1.0], [57, 0.0, 1.0], [56, 0.0, 0.6], [55, 0.0, 0.6], [54, 0.0, 0.6], [53, 12.0, 0.3], [52, 12.0, 0.3], [51, 1.0, 0.3]]",62,4-20,Sectionals,0,0
St. Francis Xavier College Prep|boys,South Pomar,boys,2A,63,6.3,-3.3,0.0,25,0,59,59 58 57 56 55 54 53 52 51,"[[59, 0.0, 1.0], [58, 0.0, 1.0], [57, 0.0, 1.0], [56, 0.0, 0.6], [55, 0.0, 0.6], [54, 1.0, 0.6], [53, 3.0, 0.3], [52, 10.0, 0.3], [51, 6.0, 0.3]]",58,8-21,Sectionals,0,5
Echo High|boys,Echo,boys,2A,64,6.0,-3.9,0.0,35,0,59,59 58 57 56 55 54 53 52 51,"[[59, 0.0, 1.0], [58, 0.0, 1.0], [57, 0.0, 1.0], [56, 0.0, 0.6], [55, 0.0, 0.6], [54, 0.0, 0.6], [53, 10.0, 0.3], [52, 10.0, 0.3], [51, 0.0, 0.3]]",65,5-21,Sectionals,0,-1
Chaff Head|boys,Chaff Head,boys,2A,65,4.9,-7.8,0.0,60,0,59,59 58 57 56 55 54 53 52 51,"[[59, 0.0, 1.0], [58, 0.0, 1.0], [57, 1.0, 1.0], [56, 0.0, 0.6], [55, 0.0, 0.6], [54, 0.0, 0.6], [53, 0.0, 0.3], [52, 1.0, 0.3], [51, 12.0, 0.3]]",52,11-15,Sectionals,0,13
Lanphere|boys,Lanphere,boys,2A,66,4.8,-3.9,0.0,60,0,59,59 58 57 56 55 54 53 52 51,"[[59, 0.0, 1.0], [58, 0.0, 1.0], [57, 0.0, 1.0], [56, 0.0, 0.6], [55, 0.0, 0.6], [54, 3.0, 0.6], [53, 7.0, 0.3], [52, 2.0, 0.3], [51, 1.0, 0.3]]",73,1-26,Sectionals,0,-7
McLoughlin High|boys,McLoughlin,boys,2A,67,4.4,-1.0999999999999996,1.0,35,0,59,59 58 57 56 55 54 53 52 51,"[[59, 1.0, 1.0], [58, 1.0, 1.0], [57, 0.0, 1.0], [56, 0.0, 0.6], [55, 0.0, 0.6], [54, 0.0, 0.6], [53, 0.0, 0.3], [52, 0.0, 0.3], [51, 8.0, 0.3]]",48,11-17,Semi-Conference,0,19
Tallow|boys,Tallow,boys,2A,68,4.199999999999999,-5.1,0.0,60,0,59,59 58 57 56 55 54 53 52 51,"[[59, 0.0, 1.0], [58, 0.0, 1.0], [57, 0.0, 1.0], [56, 0.0, 0.6], [55, 0.0, 0.6], [54, 0.0, 0.6], [53, 8.0, 0.3], [52, 4.0, 0.3], [51, 2.0, 0.3]]",60,8-18,Sectionals,0,8
Pellburg|boys,Pellburg,boys,2A,69,3.3,-1.5,0.0,60,0,59,59 58 57 56 55 54 53 52 51,"[[59, 0.0, 1.0], [58, 0.0, 1.0], [57, 0.0, 1.0], [56, 0.0, 0.6], [55, 0.0, 0.6], [54, 0.0, 0.6], [53, 4.0, 0.3], [52, 0.0, 0.3], [51, 7.0, 0.3]]",67,7-21,Sectionals,0,2
St. Elian|boys,Kimberly,boys,2A,70,1.5,-4.8,0.0,60,0,59,59 58 57 56 55 54 53 52 51,"[[59, 0.0, 1.0], [58, 0.0, 1.0], [57, 0.0, 1.0], [56, 0.0, 0.6], [55, 0.0, 0.6], [54, 0.0, 0.6], [53, 5.0, 0.3], [52, 0.0, 0.3], [51, 0.0, 0.3]]",74,2-23,Sectionals,0,-4
Naylor City|boys,Naylor City,boys,2A,71,1.2,0.0,0.0,43,0,59,59 58 57 56 55 54 53 52 51,"[[59, 0.0, 1.0], [58, 0.0, 1.0], [57, 0.0, 1.0], [56, 0.0, 0.6], [55, 0.0, 0.6], [54, 0.0, 0.6], [53, 0.0, 0.3], [52, 2.0, 0.3], [51, 2.0, 0.3]]",64,7-18,Sectionals,0,7
Bishop Ferraro|boys,Ferraro,boys,2A,72,1.0,-3.6,0.0,60,0,59,59 58 57 56 55 54 53 52 51,"[[59, 0.0, 1.0], [58, 1.0, 1.0], [57, 0.0, 1.0], [56, 0.0, 0.6], [55, 0.0, 0.6], [54, 0.0, 0.6], [53, 0.0, 0.3], [52, 0.0, 0.3], [51, 0.0, 0.3]]",75,2-27,Sectionals,0,-3
Halfway House|boys,Halfway House,boys,2A,73,0.6,-2.7,0.0,60,0,59,59 58 57 56 55 54 53 52 51,"[[59, 0.0, 1.0], [58, 0.0, 1.0], [57, 0.0, 1.0], [56, 0.0, 0.6], [55, 0.0, 0.6], [54, 0.0, 0.6], [53, 1.0, 0.3], [52, 1.0, 0.3], [51, 0.0, 0.3]]",68,5-23,Sectionals,0,5
Hawk Bar|boys,Hawk Bar,boys,2A,74,0.3,-0.3,0.0,60,0,59,59 58 57 56 55 54 53 52 51,"[[59, 0.0, 1.0], [58, 0.0, 1.0], [57, 0.0, 1.0], [56, 0.0, 0.6], [55, 0.0, 0.6], [54, 0.0, 0.6], [53, 0.0, 0.3], [52, 1.0, 0.3], [51, 0.0, 0.3]]",69,3-22,Sectionals,0,5
Imbler High|boys,Imbler,boys,2A,75,0.3,-1.2,0.0,35,0,59,59 58 57 56 55 54 53 52 51,"[[59, 0.0, 1.0], [58, 0.0, 1.0], [57, 0.0, 1.0], [56, 0.0, 0.6], [55, 0.0, 0.6], [54, 0.0, 0.6], [53, 1.0, 0.3], [52, 0.0, 0.3], [51, 0.0, 0.3]]",66,5-23,Sectionals,0,9
Sage Point|boys,California Canyons,boys,3A,1,149.7,24.499999999999982,39.0,60,0,59,59 58 57 56 55 54 53 52 51,"[[59, 39.0, 1.0], [58, 27.0, 1.0], [57, 39.0, 1.0], [56, 25.0, 0.6], [55, 10.0, 0.6], [54, 10.0, 0.6], [53, 4.0, 0.3], [52, 39.0, 0.3], [51, 16.0, 0.3]]",1,40-1,Champion,1,0
Quarmont|boys,Quarmont,boys,3A,2,120.0,16.200000000000003,25.0,60,0,59,59 58 57 56 55 54 53 52 51,"[[59, 25.0, 1.0], [58, 39.0, 1.0], [57, 17.0, 1.0], [56, 10.0, 0.6], [55, 26.0, 0.6], [54, 14.0, 0.6], [53, 8.0, 0.3], [52, 11.0, 0.3], [51, 11.0, 0.3]]",4,31-5,Semifinalist,0,-2
San Lorenzo|boys,San Lorenzo,boys,3A,3,113.2,14.299999999999985,27.0,60,0,59,59 58 57 56 55 54 53 52 51,"[[59, 27.0, 1.0], [58, 25.0, 1.0], [57, 24.0, 1.0], [56, 16.0, 0.6], [55, 10.0, 0.6], [54, 24.0, 0.6], [53, 17.0, 0.3], [52, 7.0, 0.3], [51, 0.0, 0.3]]",2,29-1,Finalist,0,1
Monte Blanco|boys,Monte Blanco,boys,3A,4,105.4,-6.0,10.0,60,0,59,59 58 57 56 55 54 53 52 51,"[[59, 10.0, 1.0], [58, 10.0, 1.0], [57, 26.0, 1.0], [56, 25.0, 0.6], [55, 39.0, 0.6], [54, 27.0, 0.6], [53, 10.0, 0.3], [52, 6.0, 0.3], [51, 0.0, 0.3]]",11,18-8,Octofinalist,0,-7
Barclay|boys,Barclay,boys,3A,5,88.2,7.900000000000006,17.0,60,0,59,59 58 57 56 55 54 53 52 51,"[[59, 17.0, 1.0], [58, 24.0, 1.0], [57, 10.0, 1.0], [56, 16.0, 0.6], [55, 11.0, 0.6], [54, 24.0, 0.6], [53, 8.0, 0.3], [52, 8.0, 0.3], [51, 6.0, 0.3]]",3,27-3,Quarterfinalist,0,2
Calderwood School|boys,Calderwood,boys,3A,6,88.1,-8.899999999999991,10.0,60,0,59,59 58 57 56 55 54 53 52 51,"[[59, 10.0, 1.0], [58, 17.0, 1.0], [57, 11.0, 1.0], [56, 39.0, 0.6], [55, 25.0, 0.6], [54, 11.0, 0.6], [53, 10.0, 0.3], [52, 1.0, 0.3], [51, 6.0, 0.3]]",7,19-4,Octofinalist,0,-1
Wolf Gap|boys,Corey Canyon,boys,3A,7,77.39999999999999,5.5,17.0,60,0,59,59 58 57 56 55 54 53 52 51,"[[59, 17.0, 1.0], [58, 9.0, 1.0], [57, 16.0, 1.0], [56, 28.0, 0.6], [55, 8.0, 0.6], [54, 12.0, 0.6], [53, 0.0, 0.3], [52, 12.0, 0.3], [51, 10.0, 0.3]]",13,22-8,Quarterfinalist,0,-6
Ciderhaven|boys,Ciderhaven,boys,3A,8,70.2,9.6,16.0,60,0,59,59 58 57 56 55 54 53 52 51,"[[59, 16.0, 1.0], [58, 10.0, 1.0], [57, 10.0, 1.0], [56, 10.0, 0.6], [55, 25.0, 0.6], [54, 16.0, 0.6], [53, 8.0, 0.3], [52, 4.0, 0.3], [51, 0.0, 0.3]]",5,22-5,Quarterfinalist,0,3
Providence Academy Valley|boys,Meridian Valley,boys,3A,9,67.60000000000001,-7.999999999999986,5.0,20,0,59,59 58 57 56 55 54 53 52 51,"[[59, 5.0, 1.0], [58, 10.0, 1.0], [57, 10.0, 1.0], [56, 10.0, 0.6], [55, 17.0, 0.6], [54, 17.0, 0.6], [53, 28.0, 0.3], [52, 16.0, 0.3], [51, 10.0, 0.3]]",24,22-13,Parastate,0,-15
Ostrander Union|boys,Ostrander Union,boys,3A,10,63.6,0.3000000000000042,10.0,60,0,59,59 58 57 56 55 54 53 52 51,"[[59, 10.0, 1.0], [58, 8.0, 1.0], [57, 24.0, 1.0], [56, 10.0, 0.6], [55, 10.0, 0.6], [54, 12.0, 0.6], [53, 8.0, 0.3], [52, 0.0, 0.3], [51, 0.0, 0.3]]",8,27-4,Octofinalist,0,2
Kelford Northwest|boys,Horseshoe Bend,boys,3A,11,62.1,3.6000000000000014,10.0,60,0,59,59 58 57 56 55 54 53 52 51,"[[59, 10.0, 1.0], [58, 16.0, 1.0], [57, 16.0, 1.0], [56, 10.0, 0.6], [55, 9.0, 0.6], [54, 6.0, 0.6], [53, 0.0, 0.3], [52, 10.0, 0.3], [51, 7.0, 0.3]]",9,22-7,Octofinalist,0,2
Port Veles International Academy|boys,Veles Park,boys,3A,12,61.49999999999999,20.8,24.0,20,0,59,59 58 57 56 55 54 53 52 51,"[[59, 24.0, 1.0], [58, 16.0, 1.0], [57, 11.0, 1.0], [56, 8.0, 0.6], [55, 8.0, 0.6], [54, 1.0, 0.6], [53, 0.0, 0.3], [52, 1.0, 0.3], [51, 0.0, 0.3]]",6,30-5,Semifinalist,0,6
Valley Forge North|boys,Forge Hollow,boys,3A,13,58.4,-16.199999999999996,1.0,60,0,59,59 58 57 56 55 54 53 52 51,"[[59, 1.0, 1.0], [58, 0.0, 1.0], [57, 1.0, 1.0], [56, 10.0, 0.6], [55, 16.0, 0.6], [54, 39.0, 0.6], [53, 17.0, 0.3], [52, 16.0, 0.3], [51, 25.0, 0.3]]",48,9-17,Semi-Conference,0,-35
Western Slope Christian|boys,Western Slope,boys,3A,14,54.7,-3.70000000000001,9.0,60,0,59,59 58 57 56 55 54 53 52 51,"[[59, 9.0, 1.0], [58, 10.0, 1.0], [57, 9.0, 1.0], [56, 16.0, 0.6], [55, 12.0, 0.6], [54, 1.0, 0.6], [53, 11.0, 0.3], [52, 10.0, 0.3], [51, 10.0, 0.3]]",23,21-11,Round of 32,0,-9
All Saints Episcopal|boys,All Saints Episcopal,boys,3A,15,54.6,4.699999999999996,10.0,60,0,59,59 58 57 56 55 54 53 52 51,"[[59, 10.0, 1.0], [58, 10.0, 1.0], [57, 13.0, 1.0], [56, 8.0, 0.6], [55, 11.0, 0.6], [54, 8.0, 0.6], [53, 7.0, 0.3], [52, 11.0, 0.3], [51, 0.0, 0.3]]",14,24-9,Octofinalist,0,1
Peregrine School|boys,Peregrine,boys,3A,16,53.7,1.2000000000000028,10.0,38,0,59,59 58 57 56 55 54 53 52 51,"[[59, 10.0, 1.0], [58, 10.0, 1.0], [57, 10.0, 1.0], [56, 16.0, 0.6], [55, 8.0, 0.6], [54, 11.0, 0.6], [53, 8.0, 0.3], [52, 1.0, 0.3], [51, 0.0, 0.3]]",40,13-15,Round of 32,0,-24
Xabier Arregui|boys,Sinkford,boys,3A,17,52.89999999999999,4.700000000000003,12.0,60,0,59,59 58 57 56 55 54 53 52 51,"[[59, 12.0, 1.0], [58, 12.0, 1.0], [57, 10.0, 1.0], [56, 10.0, 0.6], [55, 8.0, 0.6], [54, 8.0, 0.6], [53, 0.0, 0.3], [52, 0.0, 0.3], [51, 11.0, 0.3]]",21,21-10,Round of 32,0,-4
Tunnelton|boys,Tunnelton,boys,3A,18,52.2,-1.1000000000000083,1.0,60,0,59,59 58 57 56 55 54 53 52 51,"[[59, 1.0, 1.0], [58, 16.0, 1.0], [57, 16.0, 1.0], [56, 3.0, 0.6], [55, 10.0, 0.6], [54, 17.0, 0.6], [53, 1.0, 0.3], [52, 3.0, 0.3], [51, 0.0, 0.3]]",43,10-18,Semi-Conference,0,-25
Berrio|boys,Berrio,boys,3A,19,50.9,2.200000000000003,10.0,60,0,59,59 58 57 56 55 54 53 52 51,"[[59, 10.0, 1.0], [58, 10.0, 1.0], [57, 6.0, 1.0], [56, 12.0, 0.6], [55, 11.0, 0.6], [54, 10.0, 0.6], [53, 0.0, 0.3], [52, 1.0, 0.3], [51, 16.0, 0.3]]",15,21-8,Octofinalist,0,4
Presentation Academy|boys,Garrow North,boys,3A,20,48.4,-5.199999999999996,8.0,60,0,59,59 58 57 56 55 54 53 52 51,"[[59, 8.0, 1.0], [58, 8.0, 1.0], [57, 9.0, 1.0], [56, 12.0, 0.6], [55, 9.0, 0.6], [54, 3.0, 0.6], [53, 2.0, 0.3], [52, 18.0, 0.3], [51, 10.0, 0.3]]",18,18-7,Round of 32,0,2
Alder Landing Beacon Hill|boys,Bay Oregon,boys,3A,21,48.1,-0.7000000000000028,10.0,60,0,59,59 58 57 56 55 54 53 52 51,"[[59, 10.0, 1.0], [58, 9.0, 1.0], [57, 9.0, 1.0], [56, 8.0, 0.6], [55, 9.0, 0.6], [54, 3.0, 0.6], [53, 0.0, 0.3], [52, 0.0, 0.3], [51, 27.0, 0.3]]",31,18-13,Round of 32,0,-10
New Leiden|boys,New Leiden,boys,3A,22,48.1,2.1000000000000014,10.0,60,0,59,59 58 57 56 55 54 53 52 51,"[[59, 10.0, 1.0], [58, 10.0, 1.0], [57, 5.0, 1.0], [56, 10.0, 0.6], [55, 9.0, 0.6], [54, 8.0, 0.6], [53, 13.0, 0.3], [52, 9.0, 0.3], [51, 1.0, 0.3]]",30,18-15,Octofinalist,0,-8
St. Lucy|boys,Tallgrass,boys,3A,23,44.8,7.599999999999994,16.0,60,0,59,59 58 57 56 55 54 53 52 51,"[[59, 16.0, 1.0], [58, 10.0, 1.0], [57, 8.0, 1.0], [56, 9.0, 0.6], [55, 1.0, 0.6], [54, 0.0, 0.6], [53, 7.0, 0.3], [52, 8.0, 0.3], [51, 1.0, 0.3]]",10,18-8,Quarterfinalist,0,13
Summervale Northwest|boys,Star Hollow,boys,3A,24,42.7,0.6000000000000014,7.0,60,0,59,59 58 57 56 55 54 53 52 51,"[[59, 7.0, 1.0], [58, 7.0, 1.0], [57, 11.0, 1.0], [56, 10.0, 0.6], [55, 10.0, 0.6], [54, 5.0, 0.6], [53, 8.0, 0.3], [52, 0.0, 0.3], [51, 1.0, 0.3]]",26,20-15,Parastate,0,-2
Steelhead Divide|boys,Steelhead Divide,boys,3A,25,42.0,1.8000000000000045,9.0,60,0,59,59 58 57 56 55 54 53 52 51,"[[59, 9.0, 1.0], [58, 9.0, 1.0], [57, 3.0, 1.0], [56, 6.0, 0.6], [55, 11.0, 0.6], [54, 9.0, 0.6], [53, 8.0, 0.3], [52, 0.0, 0.3], [51, 10.0, 0.3]]",16,20-10,Round of 32,0,9
Vesper Polytechnic Institute|boys,Funtsville,boys,3A,26,39.3,7.099999999999994,11.0,35,0,59,59 58 57 56 55 54 53 52 51,"[[59, 11.0, 1.0], [58, 10.0, 1.0], [57, 12.0, 1.0], [56, 9.0, 0.6], [55, 1.0, 0.6], [54, 0.0, 0.6], [53, 1.0, 0.3], [52, 0.0, 0.3], [51, 0.0, 0.3]]",29,19-14,Round of 32,0,-3
Bardsley County High|boys,Violet City,boys,3A,27,37.2,-12.6,0.0,43,0,59,59 58 57 56 55 54 53 52 51,"[[59, 0.0, 1.0], [58, 0.0, 1.0], [57, 0.0, 1.0], [56, 9.0, 0.6], [55, 16.0, 0.6], [54, 10.0, 0.6], [53, 25.0, 0.3], [52, 16.0, 0.3], [51, 13.0, 0.3]]",49,6-18,Sectionals,0,-22
Central Christian|boys,Winter Valley,boys,3A,28,37.0,0.0,1.0,60,0,59,59 58 57 56 55 54 53 52 51,"[[59, 1.0, 1.0], [58, 10.0, 1.0], [57, 5.0, 1.0], [56, 1.0, 0.6], [55, 20.0, 0.6], [54, 10.0, 0.6], [53, 1.0, 0.3], [52, 7.0, 0.3], [51, 0.0, 0.3]]",34,13-15,Parastate,0,-6
Olivet Regional|boys,Silva,boys,3A,29,36.9,-19.5,0.0,43,0,59,59 58 57 56 55 54 53 52 51,"[[59, 0.0, 1.0], [58, 0.0, 1.0], [57, 0.0, 1.0], [56, 12.0, 0.6], [55, 8.0, 0.6], [54, 16.0, 0.6], [53, 38.0, 0.3], [52, 13.0, 0.3], [51, 0.0, 0.3]]",50,6-16,Sectionals,0,-21
Welsh Plains Northwest|boys,Grayston,boys,3A,30,36.8,6.799999999999997,10.0,60,0,59,59 58 57 56 55 54 53 52 51,"[[59, 10.0, 1.0], [58, 11.0, 1.0], [57, 11.0, 1.0], [56, 8.0, 0.6], [55, 0.0, 0.6], [54, 0.0, 0.6], [53, 0.0, 0.3], [52, 0.0, 0.3], [51, 0.0, 0.3]]",22,20-12,Round of 32,0,8
Crane|boys,Crane,boys,3A,31,36.2,1.6999999999999955,7.0,60,0,59,59 58 57 56 55 54 53 52 51,"[[59, 7.0, 1.0], [58, 5.0, 1.0], [57, 2.0, 1.0], [56, 11.0, 0.6], [55, 13.0, 0.6], [54, 11.0, 0.6], [53, 1.0, 0.3], [52, 1.0, 0.3], [51, 2.0, 0.3]]",28,15-13,Parastate,0,3
Mill Creek|boys,Mill Creek,boys,3A,32,35.0,5.199999999999999,12.0,60,0,59,59 58 57 56 55 54 53 52 51,"[[59, 12.0, 1.0], [58, 10.0, 1.0], [57, 10.0, 1.0], [56, 5.0, 0.6], [55, 0.0, 0.6], [54, 0.0, 0.6], [53, 0.0, 0.3], [52, 0.0, 0.3], [51, 0.0, 0.3]]",35,15-13,Round of 32,0,-3
Tunnelwood|boys,Tunnelwood,boys,3A,33,35.0,4.0,9.0,43,0,59,59 58 57 56 55 54 53 52 51,"[[59, 9.0, 1.0], [58, 8.0, 1.0], [57, 3.0, 1.0], [56, 8.0, 0.6], [55, 14.0, 0.6], [54, 0.0, 0.6], [53, 5.0, 0.3], [52, 1.0, 0.3], [51, 0.0, 0.3]]",20,17-11,Round of 32,0,13
Goodman|boys,Fort Bardsley,boys,3A,34,34.4,10.0,10.0,60,0,59,59 58 57 56 55 54 53 52 51,"[[59, 10.0, 1.0], [58, 11.0, 1.0], [57, 8.0, 1.0], [56, 0.0, 0.6], [55, 2.0, 0.6], [54, 2.0, 0.6], [53, 0.0, 0.3], [52, 9.0, 0.3], [51, 1.0, 0.3]]",17,20-13,Round of 32,0,17
Fletcher-Garrison Hall|boys,Fletcher-Garrison Hall,boys,3A,35,34.3,-8.500000000000007,3.0,60,0,59,59 58 57 56 55 54 53 52 51,"[[59, 3.0, 1.0], [58, 4.0, 1.0], [57, 6.0, 1.0], [56, 10.0, 0.6], [55, 2.0, 0.6], [54, 2.0, 0.6], [53, 8.0, 0.3], [52, 11.0, 0.3], [51, 24.0, 0.3]]",46,10-17,Conference,0,-11
Goldbank County|boys,Goldbank County,boys,3A,36,33.7,9.6,10.0,60,0,59,59 58 57 56 55 54 53 52 51,"[[59, 10.0, 1.0], [58, 12.0, 1.0], [57, 9.0, 1.0], [56, 1.0, 0.6], [55, 0.0, 0.6], [54, 0.0, 0.6], [53, 0.0, 0.3], [52, 0.0, 0.3], [51, 7.0, 0.3]]",12,21-7,Octofinalist,0,24
Leidesdorff|boys,Leidesdorff,boys,3A,37,32.0,4.299999999999997,8.0,60,0,59,59 58 57 56 55 54 53 52 51,"[[59, 8.0, 1.0], [58, 6.0, 1.0], [57, 6.0, 1.0], [56, 1.0, 0.6], [55, 0.0, 0.6], [54, 11.0, 0.6], [53, 0.0, 0.3], [52, 5.0, 0.3], [51, 11.0, 0.3]]",19,18-7,Round of 32,0,18
Marcus Langston North|boys,Garfield,boys,3A,38,31.1,-0.1000000000000014,6.0,35,0,59,59 58 57 56 55 54 53 52 51,"[[59, 6.0, 1.0], [58, 3.0, 1.0], [57, 11.0, 1.0], [56, 10.0, 0.6], [55, 3.0, 0.6], [54, 0.0, 0.6], [53, 1.0, 0.3], [52, 1.0, 0.3], [51, 9.0, 0.3]]",36,14-19,Parastate,0,2
Novak|boys,Novak,boys,3A,39,30.4,7.800000000000001,11.0,60,0,59,59 58 57 56 55 54 53 52 51,"[[59, 11.0, 1.0], [58, 2.0, 1.0], [57, 12.0, 1.0], [56, 2.0, 0.6], [55, 3.0, 0.6], [54, 1.0, 0.6], [53, 0.0, 0.3], [52, 0.0, 0.3], [51, 6.0, 0.3]]",25,18-10,Round of 32,0,14
Charleston-on-the-Coast|boys,Charleston-on-the-Coast,boys,3A,40,29.5,-4.199999999999996,0.0,43,0,59,59 58 57 56 55 54 53 52 51,"[[59, 0.0, 1.0], [58, 1.0, 1.0], [57, 12.0, 1.0], [56, 3.0, 0.6], [55, 2.0, 0.6], [54, 8.0, 0.6], [53, 9.0, 0.3], [52, 10.0, 0.3], [51, 10.0, 0.3]]",52,6-19,Sectionals,0,-12
St. Veronica|boys,Yarrowfield,boys,3A,41,22.8,-7.199999999999999,0.0,60,0,59,59 58 57 56 55 54 53 52 51,"[[59, 0.0, 1.0], [58, 0.0, 1.0], [57, 0.0, 1.0], [56, 0.0, 0.6], [55, 10.0, 0.6], [54, 9.0, 0.6], [53, 16.0, 0.3], [52, 8.0, 0.3], [51, 14.0, 0.3]]",70,3-22,Sectionals,0,-29
Newark River North|boys,River North,boys,3A,42,22.6,-4.600000000000001,0.0,60,0,59,59 58 57 56 55 54 53 52 51,"[[59, 0.0, 1.0], [58, 6.0, 1.0], [57, 1.0, 1.0], [56, 4.0, 0.6], [55, 3.0, 0.6], [54, 8.0, 0.6], [53, 10.0, 0.3], [52, 11.0, 0.3], [51, 1.0, 0.3]]",58,6-19,Sectionals,0,-16
Shiloh|boys,Shiloh,boys,3A,43,22.4,5.100000000000005,6.0,43,0,59,59 58 57 56 55 54 53 52 51,"[[59, 6.0, 1.0], [58, 6.0, 1.0], [57, 8.0, 1.0], [56, 0.0, 0.6], [55, 1.0, 0.6], [54, 3.0, 0.6], [53, 0.0, 0.3], [52, 0.0, 0.3], [51, 0.0, 0.3]]",27,16-17,Round of 32,0,16
Tule Flat|boys,Tule Flat,boys,3A,44,22.3,-10.400000000000002,1.0,60,0,59,59 58 57 56 55 54 53 52 51,"[[59, 1.0, 1.0], [58, 0.0, 1.0], [57, 0.0, 1.0], [56, 9.0, 0.6], [55, 0.0, 0.6], [54, 1.0, 0.6], [53, 10.0, 0.3], [52, 25.0, 0.3], [51, 16.0, 0.3]]",51,9-19,Semi-Conference,0,-7
Fellows Mill International School|boys,Mill Bar,boys,3A,45,21.700000000000003,-1.3999999999999986,4.0,55,0,59,59 58 57 56 55 54 53 52 51,"[[59, 4.0, 1.0], [58, 6.0, 1.0], [57, 3.0, 1.0], [56, 6.0, 0.6], [55, 3.0, 0.6], [54, 0.0, 0.6], [53, 10.0, 0.3], [52, 1.0, 0.3], [51, 0.0, 0.3]]",32,15-12,Parastate,0,13
Mountain Gate|boys,Mountain Gate,boys,3A,46,21.6,-0.6000000000000014,3.0,60,0,59,59 58 57 56 55 54 53 52 51,"[[59, 3.0, 1.0], [58, 5.0, 1.0], [57, 4.0, 1.0], [56, 3.0, 0.6], [55, 6.0, 0.6], [54, 0.0, 0.6], [53, 6.0, 0.3], [52, 0.0, 0.3], [51, 8.0, 0.3]]",33,13-18,Parastate,0,13
St. Sebastian Prep|boys,St. Sebastian Prep,boys,3A,47,21.4,-3.0,9.0,60,0,59,59 58 57 56 55 54 53 52 51,"[[59, 9.0, 1.0], [58, 1.0, 1.0], [57, 0.0, 1.0], [56, 0.0, 0.6], [55, 2.0, 0.6], [54, 0.0, 0.6], [53, 24.0, 0.3], [52, 0.0, 0.3], [51, 10.0, 0.3]]",39,15-21,Round of 32,0,8
Pinecrest School|boys,Pinecrest,boys,3A,48,19.6,-6.900000000000002,0.0,60,0,59,59 58 57 56 55 54 53 52 51,"[[59, 0.0, 1.0], [58, 1.0, 1.0], [57, 0.0, 1.0], [56, 0.0, 0.6], [55, 0.0, 0.6], [54, 11.0, 0.6], [53, 9.0, 0.3], [52, 26.0, 0.3], [51, 5.0, 0.3]]",62,6-21,Sectionals,0,-14
Eleanor Tillman|boys,Anchor,boys,3A,49,18.1,1.5,3.0,60,0,59,59 58 57 56 55 54 53 52 51,"[[59, 3.0, 1.0], [58, 1.0, 1.0], [57, 3.0, 1.0], [56, 0.0, 0.6], [55, 0.0, 0.6], [54, 4.0, 0.6], [53, 4.0, 0.3], [52, 25.0, 0.3], [51, 0.0, 0.3]]",37,17-15,Parastate,0,12
North Valley Christian|boys,Trailsend,boys,3A,50,16.8,-1.8000000000000007,0.0,60,0,59,59 58 57 56 55 54 53 52 51,"[[59, 0.0, 1.0], [58, 0.0, 1.0], [57, 0.0, 1.0], [56, 0.0, 0.6], [55, 10.0, 0.6], [54, 10.0, 0.6], [53, 6.0, 0.3], [52, 8.0, 0.3], [51, 2.0, 0.3]]",45,9-17,Semi-Conference,0,5
New Leiden Classical Academy|boys,Vermeer,boys,3A,51,16.7,-3.3000000000000007,0.0,60,0,59,59 58 57 56 55 54 53 52 51,"[[59, 0.0, 1.0], [58, 1.0, 1.0], [57, 1.0, 1.0], [56, 0.0, 0.6], [55, 0.0, 0.6], [54, 0.0, 0.6], [53, 0.0, 0.3], [52, 10.0, 0.3], [51, 39.0, 0.3]]",71,3-22,Sectionals,0,-20
Carroway|boys,Carroway,boys,3A,52,15.9,-5.100000000000001,0.0,60,0,59,59 58 57 56 55 54 53 52 51,"[[59, 0.0, 1.0], [58, 0.0, 1.0], [57, 0.0, 1.0], [56, 0.0, 0.6], [55, 0.0, 0.6], [54, 9.0, 0.6], [53, 16.0, 0.3], [52, 9.0, 0.3], [51, 10.0, 0.3]]",60,5-22,Sectionals,0,-8
Silver Glen|boys,Silver Glen,boys,3A,53,15.2,-1.9999999999999984,1.0,60,0,59,59 58 57 56 55 54 53 52 51,"[[59, 1.0, 1.0], [58, 1.0, 1.0], [57, 0.0, 1.0], [56, 0.0, 0.6], [55, 0.0, 0.6], [54, 8.0, 0.6], [53, 10.0, 0.3], [52, 10.0, 0.3], [51, 8.0, 0.3]]",44,9-14,Semi-Conference,0,9
Cabo Esperanza Technical Arts Academy|boys,Cabo Esperanza Tech,boys,3A,54,11.5,-0.2999999999999989,0.0,60,0,59,59 58 57 56 55 54 53 52 51,"[[59, 0.0, 1.0], [58, 0.0, 1.0], [57, 1.0, 1.0], [56, 0.0, 0.6], [55, 11.0, 0.6], [54, 2.0, 0.6], [53, 1.0, 0.3], [52, 8.0, 0.3], [51, 0.0, 0.3]]",68,5-19,Sectionals,0,-14
Puerto Gallego School of Science and Industry|boys,Gallego Bay,boys,3A,55,11.3,-6.099999999999998,0.0,60,0,59,59 58 57 56 55 54 53 52 51,"[[59, 0.0, 1.0], [58, 1.0, 1.0], [57, 1.0, 1.0], [56, 4.0, 0.6], [55, 0.0, 0.6], [54, 5.0, 0.6], [53, 6.0, 0.3], [52, 1.0, 0.3], [51, 6.0, 0.3]]",72,2-26,Sectionals,0,-17
Pomar|boys,Pomar,boys,3A,56,10.8,-3.0,0.0,60,0,59,59 58 57 56 55 54 53 52 51,"[[59, 0.0, 1.0], [58, 0.0, 1.0], [57, 0.0, 1.0], [56, 0.0, 0.6], [55, 1.0, 0.6], [54, 7.0, 0.6], [53, 10.0, 0.3], [52, 10.0, 0.3], [51, 0.0, 0.3]]",55,6-17,Sectionals,0,1
Elk Crossing|boys,Elk Crossing,boys,3A,57,8.7,0.5999999999999996,3.0,60,0,59,59 58 57 56 55 54 53 52 51,"[[59, 3.0, 1.0], [58, 0.0, 1.0], [57, 0.0, 1.0], [56, 0.0, 0.6], [55, 0.0, 0.6], [54, 5.0, 0.6], [53, 0.0, 0.3], [52, 0.0, 0.3], [51, 9.0, 0.3]]",38,13-15,Specials,0,19
Owl Canyon|boys,Owl Canyon,boys,3A,58,8.6,-3.0,0.0,60,0,59,59 58 57 56 55 54 53 52 51,"[[59, 0.0, 1.0], [58, 1.0, 1.0], [57, 4.0, 1.0], [56, 0.0, 0.6], [55, 1.0, 0.6], [54, 0.0, 0.6], [53, 0.0, 0.3], [52, 3.0, 0.3], [51, 7.0, 0.3]]",47,7-18,Sectionals,0,11
Dahlberg School of Science and Industry|boys,Hartford City,boys,3A,59,8.5,4.2,5.0,60,0,59,59 58 57 56 55 54 53 52 51,"[[59, 5.0, 1.0], [58, 2.0, 1.0], [57, 0.0, 1.0], [56, 2.0, 0.6], [55, 0.0, 0.6], [54, 0.0, 0.6], [53, 0.0, 0.3], [52, 1.0, 0.3], [51, 0.0, 0.3]]",41,10-16,Round of 32,0,18
St. Helena School|boys,Saltmarsh,boys,3A,60,8.4,-7.0,0.0,60,0,59,59 58 57 56 55 54 53 52 51,"[[59, 0.0, 1.0], [58, 0.0, 1.0], [57, 0.0, 1.0], [56, 1.0, 0.6], [55, 0.0, 0.6], [54, 4.0, 0.6], [53, 10.0, 0.3], [52, 8.0, 0.3], [51, 0.0, 0.3]]",63,6-18,Sectionals,0,-3
Summervale|boys,Summervale,boys,3A,61,6.699999999999999,-0.8000000000000007,1.0,60,0,59,59 58 57 56 55 54 53 52 51,"[[59, 1.0, 1.0], [58, 0.0, 1.0], [57, 0.0, 1.0], [56, 0.0, 0.6], [55, 1.0, 0.6], [54, 1.0, 0.6], [53, 6.0, 0.3], [52, 9.0, 0.3], [51, 0.0, 0.3]]",42,12-19,Challengers,0,19
Corliss Regional|boys,Corliss Regional,boys,3A,62,6.0,-4.1999999999999975,0.0,43,0,59,59 58 57 56 55 54 53 52 51,"[[59, 0.0, 1.0], [58, 0.0, 1.0], [57, 0.0, 1.0], [56, 0.0, 0.6], [55, 0.0, 0.6], [54, 2.0, 0.6], [53, 12.0, 0.3], [52, 0.0, 0.3], [51, 4.0, 0.3]]",57,5-19,Sectionals,0,5
St. Elias Academy|boys,Port Ainsley,boys,3A,63,5.5,-11.6,1.0,60,0,59,59 58 57 56 55 54 53 52 51,"[[59, 1.0, 1.0], [58, 0.0, 1.0], [57, 0.0, 1.0], [56, 0.0, 0.6], [55, 0.0, 0.6], [54, 0.0, 0.6], [53, 4.0, 0.3], [52, 0.0, 0.3], [51, 11.0, 0.3]]",53,7-16,Wards,0,10
Soren Ekström|boys,Alderpoint,boys,3A,64,4.9,-1.7999999999999998,0.0,55,0,59,59 58 57 56 55 54 53 52 51,"[[59, 0.0, 1.0], [58, 0.0, 1.0], [57, 1.0, 1.0], [56, 0.0, 0.6], [55, 0.0, 0.6], [54, 1.0, 0.6], [53, 0.0, 0.3], [52, 8.0, 0.3], [51, 3.0, 0.3]]",69,3-22,Sectionals,0,-5
Norbrook|boys,Norbrook,boys,3A,65,4.8,-2.3999999999999995,0.0,43,0,59,59 58 57 56 55 54 53 52 51,"[[59, 0.0, 1.0], [58, 0.0, 1.0], [57, 0.0, 1.0], [56, 0.0, 0.6], [55, 0.0, 0.6], [54, 0.0, 0.6], [53, 0.0, 0.3], [52, 8.0, 0.3], [51, 8.0, 0.3]]",67,4-20,Sectionals,0,-2
Timber Crest|boys,Timber Crest,boys,3A,66,4.8,-4.000000000000001,0.0,60,0,59,59 58 57 56 55 54 53 52 51,"[[59, 0.0, 1.0], [58, 0.0, 1.0], [57, 0.0, 1.0], [56, 1.0, 0.6], [55, 1.0, 0.6], [54, 0.0, 0.6], [53, 11.0, 0.3], [52, 0.0, 0.3], [51, 1.0, 0.3]]",66,6-18,Sectionals,0,0
Dahlberg|boys,Dahlberg Summit,boys,3A,67,3.3,-3.3,0.0,60,0,59,59 58 57 56 55 54 53 52 51,"[[59, 0.0, 1.0], [58, 0.0, 1.0], [57, 0.0, 1.0], [56, 0.0, 0.6], [55, 0.0, 0.6], [54, 0.0, 0.6], [53, 1.0, 0.3], [52, 0.0, 0.3], [51, 10.0, 0.3]]",61,4-21,Sectionals,0,6
Caswell University Prep|boys,Palisade Prep,boys,3A,68,1.7999999999999998,-0.4000000000000003,0.0,55,0,59,59 58 57 56 55 54 53 52 51,"[[59, 0.0, 1.0], [58, 0.0, 1.0], [57, 0.0, 1.0], [56, 1.0, 0.6], [55, 1.0, 0.6], [54, 1.0, 0.6], [53, 0.0, 0.3], [52, 0.0, 0.3], [51, 0.0, 0.3]]",54,6-19,Sectionals,0,14
St. Sophia School|boys,North Wind,boys,3A,69,1.5,0.0,0.0,60,0,59,59 58 57 56 55 54 53 52 51,"[[59, 0.0, 1.0], [58, 0.0, 1.0], [57, 0.0, 1.0], [56, 0.0, 0.6], [55, 0.0, 0.6], [54, 0.0, 0.6], [53, 0.0, 0.3], [52, 3.0, 0.3], [51, 2.0, 0.3]]",59,7-20,Sectionals,0,10
Bancroft|boys,Bancroft,boys,3A,70,1.2,-1.2,0.0,60,0,59,59 58 57 56 55 54 53 52 51,"[[59, 0.0, 1.0], [58, 0.0, 1.0], [57, 0.0, 1.0], [56, 0.0, 0.6], [55, 0.0, 0.6], [54, 0.0, 0.6], [53, 4.0, 0.3], [52, 0.0, 0.3], [51, 0.0, 0.3]]",64,5-20,Sectionals,0,6
Kilbride Switch South|boys,Switchback,boys,3A,71,1.0,0.0,0.0,60,0,59,59 58 57 56 55 54 53 52 51,"[[59, 0.0, 1.0], [58, 1.0, 1.0], [57, 0.0, 1.0], [56, 0.0, 0.6], [55, 0.0, 0.6], [54, 0.0, 0.6], [53, 0.0, 0.3], [52, 0.0, 0.3], [51, 0.0, 0.3]]",65,4-18,Sectionals,0,6
Janice Bennett|boys,Calvary Christian,boys,3A,72,0.0,0.0,0.0,60,0,59,59 58 57 56 55 54 53 52 51,"[[59, 0.0, 1.0], [58, 0.0, 1.0], [57, 0.0, 1.0], [56, 0.0, 0.6], [55, 0.0, 0.6], [54, 0.0, 0.6], [53, 0.0, 0.3], [52, 0.0, 0.3], [51, 0.0, 0.3]]",56,7-20,Sectionals,0,16
Gagarin|boys,Gagarin,boys,4A,1,181.9,3.5999999999999943,39.0,60,0,59,59 58 57 56 55 54 53 52 51,"[[59, 39.0, 1.0], [58, 10.0, 1.0], [57, 39.0, 1.0], [56, 39.0, 0.6], [55, 27.0, 0.6], [54, 39.0, 0.6], [53, 39.0, 0.3], [52, 39.0, 0.3], [51, 25.0, 0.3]]",1,34-0,Champion,1,0
Belyakov Academy of Music and Media|boys,Walter-Kenny,boys,4A,2,122.4,-3.000000000000014,27.0,60,0,59,59 58 57 56 55 54 53 52 51,"[[59, 27.0, 1.0], [58, 11.0, 1.0], [57, 10.0, 1.0], [56, 27.0, 0.6], [55, 39.0, 0.6], [54, 27.0, 0.6], [53, 25.0, 0.3], [52, 27.0, 0.3], [51, 10.0, 0.3]]",2,29-1,Finalist,0,0
Averill|boys,Averill,boys,4A,3,117.0,20.0,24.0,60,0,59,59 58 57 56 55 54 53 52 51,"[[59, 24.0, 1.0], [58, 39.0, 1.0], [57, 27.0, 1.0], [56, 10.0, 0.6], [55, 24.0, 0.6], [54, 10.0, 0.6], [53, 0.0, 0.3], [52, 1.0, 0.3], [51, 1.0, 0.3]]",7,26-7,Semifinalist,0,-4
Geraldine Cross|boys,Port Veles Episcopal,boys,4A,4,96.0,4.499999999999986,25.0,60,0,59,59 58 57 56 55 54 53 52 51,"[[59, 25.0, 1.0], [58, 9.0, 1.0], [57, 8.0, 1.0], [56, 25.0, 0.6], [55, 10.0, 0.6], [54, 17.0, 0.6], [53, 27.0, 0.3], [52, 10.0, 0.3], [51, 39.0, 0.3]]",3,31-1,Semifinalist,0,1
Beacon Hill|boys,Beacon Hill,boys,4A,5,92.1,1.2000000000000028,16.0,60,0,59,59 58 57 56 55 54 53 52 51,"[[59, 16.0, 1.0], [58, 27.0, 1.0], [57, 17.0, 1.0], [56, 10.0, 0.6], [55, 9.0, 0.6], [54, 8.0, 0.6], [53, 11.0, 0.3], [52, 17.0, 0.3], [51, 25.0, 0.3]]",10,28-5,Quarterfinalist,0,-5
Blackbird Canyon|boys,Tallulah Canyon,boys,4A,6,75.29999999999998,5.299999999999983,11.0,60,0,59,59 58 57 56 55 54 53 52 51,"[[59, 11.0, 1.0], [58, 20.0, 1.0], [57, 17.0, 1.0], [56, 9.0, 0.6], [55, 17.0, 0.6], [54, 11.0, 0.6], [53, 7.0, 0.3], [52, 2.0, 0.3], [51, 8.0, 0.3]]",23,15-13,Octofinalist,0,-17
Fellows Mill|boys,Fellows Mill,boys,4A,7,70.8,3.0999999999999943,10.0,60,0,59,59 58 57 56 55 54 53 52 51,"[[59, 10.0, 1.0], [58, 8.0, 1.0], [57, 24.0, 1.0], [56, 9.0, 0.6], [55, 9.0, 0.6], [54, 24.0, 0.6], [53, 8.0, 0.3], [52, 0.0, 0.3], [51, 4.0, 0.3]]",11,24-5,Octofinalist,0,-4
Eastmont Christian|boys,Eastmont,boys,4A,8,67.5,-5.900000000000006,8.0,60,0,59,59 58 57 56 55 54 53 52 51,"[[59, 8.0, 1.0], [58, 9.0, 1.0], [57, 10.0, 1.0], [56, 16.0, 0.6], [55, 25.0, 0.6], [54, 9.0, 0.6], [53, 16.0, 0.3], [52, 11.0, 0.3], [51, 8.0, 0.3]]",13,22-7,Round of 32,0,-5
Evelyn Booker|boys,Taft,boys,4A,9,67.4,1.700000000000017,9.0,60,0,59,59 58 57 56 55 54 53 52 51,"[[59, 9.0, 1.0], [58, 24.0, 1.0], [57, 11.0, 1.0], [56, 10.0, 0.6], [55, 8.0, 0.6], [54, 12.0, 0.6], [53, 9.0, 0.3], [52, 8.0, 0.3], [51, 1.0, 0.3]]",21,16-11,Round of 32,0,-12
Adela Robles|boys,Biloxi Heights,boys,4A,10,66.0,2.3999999999999986,11.0,60,0,59,59 58 57 56 55 54 53 52 51,"[[59, 11.0, 1.0], [58, 24.0, 1.0], [57, 16.0, 1.0], [56, 8.0, 0.6], [55, 10.0, 0.6], [54, 1.0, 0.6], [53, 10.0, 0.3], [52, 2.0, 0.3], [51, 0.0, 0.3]]",6,27-3,Octofinalist,0,4
Indigo Bend|boys,Indigo Bend,boys,4A,11,65.6,0.8999999999999915,10.0,60,0,59,59 58 57 56 55 54 53 52 51,"[[59, 10.0, 1.0], [58, 11.0, 1.0], [57, 11.0, 1.0], [56, 10.0, 0.6], [55, 16.0, 0.6], [54, 24.0, 0.6], [53, 7.0, 0.3], [52, 5.0, 0.3], [51, 0.0, 0.3]]",16,20-10,Octofinalist,0,-5
Olive Reach North|boys,Buckeye Ridge,boys,4A,12,64.3,-6.200000000000003,8.0,60,0,59,59 58 57 56 55 54 53 52 51,"[[59, 8.0, 1.0], [58, 16.0, 1.0], [57, 10.0, 1.0], [56, 10.0, 0.6], [55, 8.0, 0.6], [54, 10.0, 0.6], [53, 10.0, 0.3], [52, 8.0, 0.3], [51, 27.0, 0.3]]",8,26-7,Round of 32,0,4
Orellana Foundry High|boys,Grizzly Gulch,boys,4A,13,63.7,-7.1000000000000085,0.0,55,0,59,59 58 57 56 55 54 53 52 51,"[[59, 0.0, 1.0], [58, 10.0, 1.0], [57, 24.0, 1.0], [56, 11.0, 0.6], [55, 16.0, 0.6], [54, 10.0, 0.6], [53, 9.0, 0.3], [52, 8.0, 0.3], [51, 8.0, 0.3]]",64,2-20,Sectionals,0,-51
Tunnel Diggings|boys,Tunnel Diggings,boys,4A,14,62.7,-5.500000000000007,8.0,60,0,59,59 58 57 56 55 54 53 52 51,"[[59, 8.0, 1.0], [58, 11.0, 1.0], [57, 11.0, 1.0], [56, 24.0, 0.6], [55, 12.0, 0.6], [54, 3.0, 0.6], [53, 9.0, 0.3], [52, 4.0, 0.3], [51, 18.0, 0.3]]",14,19-8,Round of 32,0,0
Telfair|boys,Pacersburg,boys,4A,15,62.1,4.599999999999987,10.0,60,0,59,59 58 57 56 55 54 53 52 51,"[[59, 10.0, 1.0], [58, 10.0, 1.0], [57, 16.0, 1.0], [56, 9.0, 0.6], [55, 12.0, 0.6], [54, 11.0, 0.6], [53, 6.0, 0.3], [52, 8.0, 0.3], [51, 9.0, 0.3]]",12,22-5,Octofinalist,0,3
San Borondón East|boys,Borondón Mesa,boys,4A,16,60.2,9.5,17.0,60,0,59,59 58 57 56 55 54 53 52 51,"[[59, 17.0, 1.0], [58, 17.0, 1.0], [57, 10.0, 1.0], [56, 12.0, 0.6], [55, 11.0, 0.6], [54, 1.0, 0.6], [53, 1.0, 0.3], [52, 4.0, 0.3], [51, 1.0, 0.3]]",17,16-12,Quarterfinalist,0,-1
Manuel Cordero|boys,Sotomayor,boys,4A,17,56.7,9.6,16.0,60,0,59,59 58 57 56 55 54 53 52 51,"[[59, 16.0, 1.0], [58, 10.0, 1.0], [57, 10.0, 1.0], [56, 16.0, 0.6], [55, 9.0, 0.6], [54, 8.0, 0.6], [53, 0.0, 0.3], [52, 0.0, 0.3], [51, 3.0, 0.3]]",5,24-5,Quarterfinalist,0,12
Sulphur Springs|boys,Sulphur Springs,boys,4A,18,53.39999999999999,-8.800000000000011,3.0,60,0,59,59 58 57 56 55 54 53 52 51,"[[59, 3.0, 1.0], [58, 9.0, 1.0], [57, 3.0, 1.0], [56, 10.0, 0.6], [55, 15.0, 0.6], [54, 11.0, 0.6], [53, 16.0, 0.3], [52, 24.0, 0.3], [51, 16.0, 0.3]]",27,18-11,Parastate,0,-9
Depot High|boys,Passaic,boys,4A,19,52.6,-0.3999999999999986,10.0,60,0,59,59 58 57 56 55 54 53 52 51,"[[59, 10.0, 1.0], [58, 9.0, 1.0], [57, 9.0, 1.0], [56, 11.0, 0.6], [55, 10.0, 0.6], [54, 9.0, 0.6], [53, 7.0, 0.3], [52, 13.0, 0.3], [51, 2.0, 0.3]]",28,19-12,Round of 32,0,-9
Three Saints|boys,Three Saints,boys,4A,20,51.7,7.105427357601002e-15,10.0,60,0,59,59 58 57 56 55 54 53 52 51,"[[59, 10.0, 1.0], [58, 11.0, 1.0], [57, 7.0, 1.0], [56, 7.0, 0.6], [55, 9.0, 0.6], [54, 10.0, 0.6], [53, 8.0, 0.3], [52, 9.0, 0.3], [51, 10.0, 0.3]]",25,20-14,Round of 32,0,-5
Buckeye Bend|boys,Wyalusing,boys,4A,21,51.1,-0.0999999999999943,9.0,60,0,59,59 58 57 56 55 54 53 52 51,"[[59, 9.0, 1.0], [58, 10.0, 1.0], [57, 9.0, 1.0], [56, 16.0, 0.6], [55, 1.0, 0.6], [54, 9.0, 0.6], [53, 8.0, 0.3], [52, 6.0, 0.3], [51, 11.0, 0.3]]",24,19-12,Round of 32,0,-3
Barlowe County High|boys,Barlowe County,boys,4A,22,50.7,1.500000000000007,9.0,43,0,59,59 58 57 56 55 54 53 52 51,"[[59, 9.0, 1.0], [58, 8.0, 1.0], [57, 10.0, 1.0], [56, 12.0, 0.6], [55, 5.0, 0.6], [54, 9.0, 0.6], [53, 9.0, 0.3], [52, 8.0, 0.3], [51, 10.0, 0.3]]",26,14-12,Round of 32,0,-4
Andrés Valera|boys,Basalt,boys,4A,23,50.5,9.299999999999995,16.0,60,0,59,59 58 57 56 55 54 53 52 51,"[[59, 16.0, 1.0], [58, 16.0, 1.0], [57, 8.0, 1.0], [56, 10.0, 0.6], [55, 7.0, 0.6], [54, 0.0, 0.6], [53, 0.0, 0.3], [52, 1.0, 0.3], [51, 0.0, 0.3]]",9,24-3,Quarterfinalist,0,14
Fellows Mill Civic Leadership Academy|boys,Millworks,boys,4A,24,47.6,7.100000000000001,11.0,55,0,59,59 58 57 56 55 54 53 52 51,"[[59, 11.0, 1.0], [58, 9.0, 1.0], [57, 9.0, 1.0], [56, 9.0, 0.6], [55, 11.0, 0.6], [54, 8.0, 0.6], [53, 0.0, 0.3], [52, 1.0, 0.3], [51, 5.0, 0.3]]",18,17-14,Octofinalist,0,6
Teresa Escobedo|boys,Canyon,boys,4A,25,44.6,-2.799999999999997,6.0,30,0,59,59 58 57 56 55 54 53 52 51,"[[59, 6.0, 1.0], [58, 7.0, 1.0], [57, 10.0, 1.0], [56, 16.0, 0.6], [55, 1.0, 0.6], [54, 9.0, 0.6], [53, 8.0, 0.3], [52, 11.0, 0.3], [51, 1.0, 0.3]]",35,16-16,Parastate,0,-10
St. Helena Academy|boys,Helena Academy,boys,4A,26,42.2,-0.5,12.0,60,0,59,59 58 57 56 55 54 53 52 51,"[[59, 12.0, 1.0], [58, 3.0, 1.0], [57, 2.0, 1.0], [56, 11.0, 0.6], [55, 8.0, 0.6], [54, 7.0, 0.6], [53, 17.0, 0.3], [52, 4.0, 0.3], [51, 11.0, 0.3]]",19,19-12,Round of 32,0,7
Petra Weiss North|boys,Las Colinas,boys,4A,27,42.1,3.699999999999996,10.0,60,0,59,59 58 57 56 55 54 53 52 51,"[[59, 10.0, 1.0], [58, 7.0, 1.0], [57, 8.0, 1.0], [56, 6.0, 0.6], [55, 13.0, 0.6], [54, 4.0, 0.6], [53, 4.0, 0.3], [52, 0.0, 0.3], [51, 7.0, 0.3]]",29,18-14,Round of 32,0,-2
Fort Salish|boys,Fort Weller,boys,4A,28,41.1,-5.800000000000004,1.0,60,0,59,59 58 57 56 55 54 53 52 51,"[[59, 1.0, 1.0], [58, 10.0, 1.0], [57, 10.0, 1.0], [56, 8.0, 0.6], [55, 0.0, 0.6], [54, 6.0, 0.6], [53, 11.0, 0.3], [52, 17.0, 0.3], [51, 11.0, 0.3]]",37,13-19,Parastate,0,-9
San Dámaso Harbor Gate|boys,J. Jackson,boys,4A,29,39.6,0.2999999999999971,9.0,60,0,59,59 58 57 56 55 54 53 52 51,"[[59, 9.0, 1.0], [58, 0.0, 1.0], [57, 0.0, 1.0], [56, 3.0, 0.6], [55, 11.0, 0.6], [54, 10.0, 0.6], [53, 25.0, 0.3], [52, 25.0, 0.3], [51, 4.0, 0.3]]",20,17-12,Round of 32,0,9
Renata Adler|boys,Bracken,boys,4A,30,37.2,4.5,8.0,30,0,59,59 58 57 56 55 54 53 52 51,"[[59, 8.0, 1.0], [58, 10.0, 1.0], [57, 0.0, 1.0], [56, 2.0, 0.6], [55, 10.0, 0.6], [54, 10.0, 0.6], [53, 0.0, 0.3], [52, 10.0, 0.3], [51, 10.0, 0.3]]",30,16-15,Round of 32,0,0
Lucía Quiñones|boys,Edgewater,boys,4A,31,35.3,8.999999999999993,12.0,60,0,59,59 58 57 56 55 54 53 52 51,"[[59, 12.0, 1.0], [58, 6.0, 1.0], [57, 11.0, 1.0], [56, 3.0, 0.6], [55, 1.0, 0.6], [54, 6.0, 0.6], [53, 1.0, 0.3], [52, 0.0, 0.3], [51, 0.0, 0.3]]",36,17-14,Round of 32,0,-5
Steelbridge|boys,Forge,boys,4A,32,35.1,5.200000000000003,8.0,55,0,59,59 58 57 56 55 54 53 52 51,"[[59, 8.0, 1.0], [58, 9.0, 1.0], [57, 10.0, 1.0], [56, 7.0, 0.6], [55, 2.0, 0.6], [54, 0.0, 0.6], [53, 0.0, 0.3], [52, 9.0, 0.3], [51, 0.0, 0.3]]",22,16-13,Round of 32,0,10
Costa Verde|boys,Costa Verde,boys,4A,33,34.9,2.3000000000000043,9.0,60,0,59,59 58 57 56 55 54 53 52 51,"[[59, 9.0, 1.0], [58, 3.0, 1.0], [57, 1.0, 1.0], [56, 1.0, 0.6], [55, 1.0, 0.6], [54, 16.0, 0.6], [53, 10.0, 0.3], [52, 10.0, 0.3], [51, 17.0, 0.3]]",40,10-17,Round of 32,0,-7
Marcus Price North|boys,Driftwood,boys,4A,34,31.4,10.0,10.0,55,0,59,59 58 57 56 55 54 53 52 51,"[[59, 10.0, 1.0], [58, 8.0, 1.0], [57, 8.0, 1.0], [56, 0.0, 0.6], [55, 8.0, 0.6], [54, 1.0, 0.6], [53, 0.0, 0.3], [52, 0.0, 0.3], [51, 0.0, 0.3]]",4,26-6,Octofinalist,0,30
Emilia Jansen|boys,Sharpstown,boys,4A,35,26.5,-1.1999999999999955,3.0,60,0,59,59 58 57 56 55 54 53 52 51,"[[59, 3.0, 1.0], [58, 5.0, 1.0], [57, 11.0, 1.0], [56, 3.0, 0.6], [55, 0.0, 0.6], [54, 0.0, 0.6], [53, 2.0, 0.3], [52, 8.0, 0.3], [51, 9.0, 0.3]]",34,12-15,Parastate,0,1
Lonepine Canyon|boys,Lonepine Canyon,boys,4A,36,26.5,4.4999999999999964,10.0,60,0,59,59 58 57 56 55 54 53 52 51,"[[59, 10.0, 1.0], [58, 0.0, 1.0], [57, 0.0, 1.0], [56, 1.0, 0.6], [55, 1.0, 0.6], [54, 16.0, 0.6], [53, 10.0, 0.3], [52, 8.0, 0.3], [51, 1.0, 0.3]]",32,15-18,Round of 32,0,4
Orlova|boys,Orlova,boys,4A,37,26.200000000000003,8.100000000000001,10.0,60,0,59,59 58 57 56 55 54 53 52 51,"[[59, 10.0, 1.0], [58, 12.0, 1.0], [57, 3.0, 1.0], [56, 1.0, 0.6], [55, 0.0, 0.6], [54, 1.0, 0.6], [53, 0.0, 0.3], [52, 0.0, 0.3], [51, 0.0, 0.3]]",15,26-7,Octofinalist,0,22
Eisenhower|boys,Flume River,boys,4A,38,24.200000000000003,-2.5,4.0,60,0,59,59 58 57 56 55 54 53 52 51,"[[59, 4.0, 1.0], [58, 7.0, 1.0], [57, 3.0, 1.0], [56, 11.0, 0.6], [55, 5.0, 0.6], [54, 0.0, 0.6], [53, 0.0, 0.3], [52, 1.0, 0.3], [51, 1.0, 0.3]]",31,16-15,Parastate,0,7
Ryken|boys,Ryken,boys,4A,39,23.300000000000004,-7.299999999999997,1.0,60,0,59,59 58 57 56 55 54 53 52 51,"[[59, 1.0, 1.0], [58, 4.0, 1.0], [57, 6.0, 1.0], [56, 11.0, 0.6], [55, 0.0, 0.6], [54, 0.0, 0.6], [53, 7.0, 0.3], [52, 11.0, 0.3], [51, 1.0, 0.3]]",53,9-20,Wards,0,-14
Beatrice Davenport|boys,Fort Halloran,boys,4A,40,21.899999999999995,-5.900000000000002,0.0,60,0,59,59 58 57 56 55 54 53 52 51,"[[59, 0.0, 1.0], [58, 0.0, 1.0], [57, 0.0, 1.0], [56, 8.0, 0.6], [55, 8.0, 0.6], [54, 12.0, 0.6], [53, 9.0, 0.3], [52, 0.0, 0.3], [51, 8.0, 0.3]]",49,7-16,Sectionals,0,-9
Tule|boys,New Bergen,boys,4A,41,21.2,-2.5,4.0,60,0,59,59 58 57 56 55 54 53 52 51,"[[59, 4.0, 1.0], [58, 1.0, 1.0], [57, 6.0, 1.0], [56, 8.0, 0.6], [55, 1.0, 0.6], [54, 2.0, 0.6], [53, 3.0, 0.3], [52, 1.0, 0.3], [51, 8.0, 0.3]]",44,13-21,Parastate,0,-3
Calasanz Prep|boys,Calasanz Prep,boys,4A,42,21.0,-5.399999999999999,0.0,60,0,59,59 58 57 56 55 54 53 52 51,"[[59, 0.0, 1.0], [58, 0.0, 1.0], [57, 0.0, 1.0], [56, 0.0, 0.6], [55, 6.0, 0.6], [54, 18.0, 0.6], [53, 6.0, 0.3], [52, 0.0, 0.3], [51, 16.0, 0.3]]",54,9-20,Sectionals,0,-12
Katherine Davenport|boys,Blue Mountain,boys,4A,43,20.4,0.2999999999999971,1.0,60,0,59,59 58 57 56 55 54 53 52 51,"[[59, 1.0, 1.0], [58, 6.0, 1.0], [57, 8.0, 1.0], [56, 1.0, 0.6], [55, 0.0, 0.6], [54, 0.0, 0.6], [53, 0.0, 0.3], [52, 7.0, 0.3], [51, 9.0, 0.3]]",47,7-18,Semi-Conference,0,-4
Gabriel Montoya|boys,Marlow,boys,4A,44,19.2,1.1999999999999993,3.0,60,0,59,59 58 57 56 55 54 53 52 51,"[[59, 3.0, 1.0], [58, 3.0, 1.0], [57, 12.0, 1.0], [56, 0.0, 0.6], [55, 0.0, 0.6], [54, 0.0, 0.6], [53, 1.0, 0.3], [52, 3.0, 0.3], [51, 0.0, 0.3]]",41,12-19,Conference,0,3
Irina Kovalenko|boys,Michaela East,boys,4A,45,19.0,-1.6999999999999993,1.0,20,0,59,59 58 57 56 55 54 53 52 51,"[[59, 1.0, 1.0], [58, 1.0, 1.0], [57, 8.0, 1.0], [56, 3.0, 0.6], [55, 12.0, 0.6], [54, 0.0, 0.6], [53, 0.0, 0.3], [52, 0.0, 0.3], [51, 0.0, 0.3]]",38,14-15,Specials,0,7
Las Norias|boys,Las Norias,boys,4A,46,18.5,4.699999999999999,5.0,60,0,59,59 58 57 56 55 54 53 52 51,"[[59, 5.0, 1.0], [58, 0.0, 1.0], [57, 0.0, 1.0], [56, 0.0, 0.6], [55, 10.0, 0.6], [54, 4.0, 0.6], [53, 0.0, 0.3], [52, 9.0, 0.3], [51, 8.0, 0.3]]",33,16-18,Parastate,0,13
Prune Springs|boys,Prune Springs,boys,4A,47,18.5,-6.900000000000002,0.0,60,0,59,59 58 57 56 55 54 53 52 51,"[[59, 0.0, 1.0], [58, 1.0, 1.0], [57, 1.0, 1.0], [56, 9.0, 0.6], [55, 4.0, 0.6], [54, 1.0, 0.6], [53, 0.0, 0.3], [52, 16.0, 0.3], [51, 11.0, 0.3]]",48,7-18,Sectionals,0,-1
Yuri Kochiyama|boys,Kochiyama,boys,4A,48,16.0,-1.8000000000000007,3.0,60,0,59,59 58 57 56 55 54 53 52 51,"[[59, 3.0, 1.0], [58, 4.0, 1.0], [57, 3.0, 1.0], [56, 0.0, 0.6], [55, 3.0, 0.6], [54, 0.0, 0.6], [53, 12.0, 0.3], [52, 2.0, 0.3], [51, 0.0, 0.3]]",45,8-17,Conference,0,3
Lev Volkov|boys,Sherwood Estates,boys,4A,49,14.8,-9.300000000000002,0.0,60,0,59,59 58 57 56 55 54 53 52 51,"[[59, 0.0, 1.0], [58, 0.0, 1.0], [57, 1.0, 1.0], [56, 3.0, 0.6], [55, 5.0, 0.6], [54, 3.0, 0.6], [53, 17.0, 0.3], [52, 0.0, 0.3], [51, 7.0, 0.3]]",42,12-17,Challengers,0,7
Weissburg|boys,Weissburg,boys,4A,50,13.8,-1.9000000000000004,0.0,60,0,59,59 58 57 56 55 54 53 52 51,"[[59, 0.0, 1.0], [58, 0.0, 1.0], [57, 0.0, 1.0], [56, 1.0, 0.6], [55, 2.0, 0.6], [54, 9.0, 0.6], [53, 5.0, 0.3], [52, 13.0, 0.3], [51, 4.0, 0.3]]",55,9-19,Sectionals,0,-5
Vasquez North|boys,Fontainebleau,boys,4A,51,12.6,-1.799999999999999,3.0,60,0,59,59 58 57 56 55 54 53 52 51,"[[59, 3.0, 1.0], [58, 0.0, 1.0], [57, 0.0, 1.0], [56, 0.0, 0.6], [55, 0.0, 0.6], [54, 0.0, 0.6], [53, 12.0, 0.3], [52, 10.0, 0.3], [51, 10.0, 0.3]]",39,13-16,Parastate,0,12
Doyle Junction|boys,Doyle Pass,boys,4A,52,11.8,-6.700000000000001,0.0,60,0,59,59 58 57 56 55 54 53 52 51,"[[59, 0.0, 1.0], [58, 1.0, 1.0], [57, 0.0, 1.0], [56, 1.0, 0.6], [55, 1.0, 0.6], [54, 3.0, 0.6], [53, 10.0, 0.3], [52, 9.0, 0.3], [51, 7.0, 0.3]]",60,6-24,Sectionals,0,-8
Herbert Hoover|boys,Hoover,boys,4A,53,10.8,-4.799999999999999,0.0,60,0,59,59 58 57 56 55 54 53 52 51,"[[59, 0.0, 1.0], [58, 0.0, 1.0], [57, 0.0, 1.0], [56, 0.0, 0.6], [55, 0.0, 0.6], [54, 7.0, 0.6], [53, 7.0, 0.3], [52, 3.0, 0.3], [51, 12.0, 0.3]]",63,3-21,Sectionals,0,-10
San Cordero|boys,San Cordero Central,boys,4A,54,9.0,0.0,0.0,60,0,59,59 58 57 56 55 54 53 52 51,"[[59, 0.0, 1.0], [58, 0.0, 1.0], [57, 0.0, 1.0], [56, 0.0, 0.6], [55, 12.0, 0.6], [54, 3.0, 0.6], [53, 0.0, 0.3], [52, 0.0, 0.3], [51, 0.0, 0.3]]",66,1-26,Sectionals,0,-12
Anya Belov|boys,Arroyo,boys,4A,55,8.7,-3.4000000000000004,0.0,30,0,59,59 58 57 56 55 54 53 52 51,"[[59, 0.0, 1.0], [58, 0.0, 1.0], [57, 0.0, 1.0], [56, 1.0, 0.6], [55, 0.0, 0.6], [54, 8.0, 0.6], [53, 7.0, 0.3], [52, 0.0, 0.3], [51, 4.0, 0.3]]",57,8-18,Sectionals,0,-2
Cottonrock Point|boys,Cottonrock Point,boys,4A,56,8.6,-0.7999999999999989,1.0,60,0,59,59 58 57 56 55 54 53 52 51,"[[59, 1.0, 1.0], [58, 1.0, 1.0], [57, 0.0, 1.0], [56, 0.0, 0.6], [55, 0.0, 0.6], [54, 3.0, 0.6], [53, 6.0, 0.3], [52, 10.0, 0.3], [51, 0.0, 0.3]]",50,9-20,Wards,0,6
Harry Truman|boys,Truman,boys,4A,57,8.6,-0.2999999999999989,0.0,60,0,59,59 58 57 56 55 54 53 52 51,"[[59, 0.0, 1.0], [58, 1.0, 1.0], [57, 1.0, 1.0], [56, 0.0, 0.6], [55, 0.0, 0.6], [54, 0.0, 0.6], [53, 1.0, 0.3], [52, 17.0, 0.3], [51, 4.0, 0.3]]",43,8-17,Semi-Conference,0,14
Santa Laura North|boys,Janeaway,boys,4A,58,7.0,-9.2,0.0,60,0,59,59 58 57 56 55 54 53 52 51,"[[59, 0.0, 1.0], [58, 1.0, 1.0], [57, 0.0, 1.0], [56, 2.0, 0.6], [55, 1.0, 0.6], [54, 0.0, 0.6], [53, 12.0, 0.3], [52, 1.0, 0.3], [51, 1.0, 0.3]]",62,3-20,Sectionals,0,-4
Isaiah Booker|boys,Warren,boys,4A,59,6.9,-0.2999999999999998,0.0,60,0,59,59 58 57 56 55 54 53 52 51,"[[59, 0.0, 1.0], [58, 0.0, 1.0], [57, 0.0, 1.0], [56, 0.0, 0.6], [55, 0.0, 0.6], [54, 11.0, 0.6], [53, 1.0, 0.3], [52, 0.0, 0.3], [51, 0.0, 0.3]]",61,5-23,Sectionals,0,-2
Mount Horeb|boys,Mount Horeb,boys,4A,60,6.4,0.3000000000000007,1.0,60,0,59,59 58 57 56 55 54 53 52 51,"[[59, 1.0, 1.0], [58, 0.0, 1.0], [57, 0.0, 1.0], [56, 1.0, 0.6], [55, 7.0, 0.6], [54, 0.0, 0.6], [53, 1.0, 0.3], [52, 0.0, 0.3], [51, 1.0, 0.3]]",46,9-19,Semi-Conference,0,14
Maksim Karev|boys,Excelsior,boys,4A,61,6.3,-2.3999999999999995,0.0,60,0,59,59 58 57 56 55 54 53 52 51,"[[59, 0.0, 1.0], [58, 0.0, 1.0], [57, 0.0, 1.0], [56, 0.0, 0.6], [55, 0.0, 0.6], [54, 0.0, 0.6], [53, 1.0, 0.3], [52, 10.0, 0.3], [51, 10.0, 0.3]]",59,5-20,Sectionals,0,2
Timber Crest North|boys,Crestline,boys,4A,62,5.8,-7.599999999999999,0.0,60,0,59,59 58 57 56 55 54 53 52 51,"[[59, 0.0, 1.0], [58, 0.0, 1.0], [57, 1.0, 1.0], [56, 1.0, 0.6], [55, 0.0, 0.6], [54, 0.0, 0.6], [53, 5.0, 0.3], [52, 0.0, 0.3], [51, 9.0, 0.3]]",52,7-16,Sectionals,0,10
Blackpine North|boys,Ravenwood,boys,4A,63,5.0,1.0,1.0,60,0,59,59 58 57 56 55 54 53 52 51,"[[59, 1.0, 1.0], [58, 3.0, 1.0], [57, 1.0, 1.0], [56, 0.0, 0.6], [55, 0.0, 0.6], [54, 0.0, 0.6], [53, 0.0, 0.3], [52, 0.0, 0.3], [51, 0.0, 0.3]]",51,10-21,Semi-Conference,0,12
Barleyfield|boys,Barleyfield,boys,4A,64,4.3,-4.8,0.0,60,0,59,59 58 57 56 55 54 53 52 51,"[[59, 0.0, 1.0], [58, 1.0, 1.0], [57, 0.0, 1.0], [56, 0.0, 0.6], [55, 0.0, 0.6], [54, 1.0, 0.6], [53, 0.0, 0.3], [52, 1.0, 0.3], [51, 8.0, 0.3]]",58,4-21,Sectionals,0,6
Belmonte Technical Arts Academy|boys,Sojourner Truth,boys,4A,65,4.0,0.0,0.0,30,0,59,59 58 57 56 55 54 53 52 51,"[[59, 0.0, 1.0], [58, 0.0, 1.0], [57, 1.0, 1.0], [56, 0.0, 0.6], [55, 0.0, 0.6], [54, 1.0, 0.6], [53, 0.0, 0.3], [52, 8.0, 0.3], [51, 0.0, 0.3]]",65,2-20,Sectionals,0,0
Mila Chernov North|boys,Siberia,boys,4A,66,1.6,-3.0,0.0,60,0,59,59 58 57 56 55 54 53 52 51,"[[59, 0.0, 1.0], [58, 0.0, 1.0], [57, 1.0, 1.0], [56, 0.0, 0.6], [55, 0.0, 0.6], [54, 0.0, 0.6], [53, 0.0, 0.3], [52, 0.0, 0.3], [51, 2.0, 0.3]]",56,9-18,Sectionals,0,10
Mother Lode|boys,Siskiyou Valley,boys,4A,67,0.8999999999999999,-1.7999999999999998,0.0,60,0,59,59 58 57 56 55 54 53 52 51,"[[59, 0.0, 1.0], [58, 0.0, 1.0], [57, 0.0, 1.0], [56, 0.0, 0.6], [55, 0.0, 0.6], [54, 0.0, 0.6], [53, 0.0, 0.3], [52, 3.0, 0.3], [51, 0.0, 0.3]]",67,0-24,Sectionals,0,0
Fort Meriwether Foundry High North|boys,Westfield Friends,boys,5A,1,187.5,0.0,39.0,60,0,59,59 58 57 56 55 54 53 52 51,"[[59, 39.0, 1.0], [58, 39.0, 1.0], [57, 27.0, 1.0], [56, 39.0, 0.6], [55, 39.0, 0.6], [54, 27.0, 0.6], [53, 39.0, 0.3], [52, 10.0, 0.3], [51, 16.0, 0.3]]",2,35-1,Champion,1,-1
Opal Avery North|boys,Bush,boys,5A,2,128.0,9.400000000000006,25.0,60,0,59,59 58 57 56 55 54 53 52 51,"[[59, 25.0, 1.0], [58, 25.0, 1.0], [57, 39.0, 1.0], [56, 27.0, 0.6], [55, 17.0, 0.6], [54, 16.0, 0.6], [53, 0.0, 0.3], [52, 0.0, 0.3], [51, 10.0, 0.3]]",4,26-2,Semifinalist,0,-2
Gagarin School of Public Service|boys,Star City,boys,5A,3,121.9,4.099999999999994,27.0,55,0,59,59 58 57 56 55 54 53 52 51,"[[59, 27.0, 1.0], [58, 27.0, 1.0], [57, 10.0, 1.0], [56, 25.0, 0.6], [55, 27.0, 0.6], [54, 10.0, 0.6], [53, 27.0, 0.3], [52, 16.0, 0.3], [51, 26.0, 0.3]]",1,31-2,Finalist,0,2
Belyakov Polytechnic Institute|boys,Morne Caribou Polytechnic,boys,5A,4,86.89999999999999,19.5,25.0,60,0,59,59 58 57 56 55 54 53 52 51,"[[59, 25.0, 1.0], [58, 25.0, 1.0], [57, 24.0, 1.0], [56, 13.0, 0.6], [55, 6.0, 0.6], [54, 0.0, 0.6], [53, 1.0, 0.3], [52, 1.0, 0.3], [51, 3.0, 0.3]]",3,30-3,Semifinalist,0,1
Clover Reach|boys,Clover,boys,5A,5,82.49999999999999,-1.5000000000000142,10.0,60,0,59,59 58 57 56 55 54 53 52 51,"[[59, 10.0, 1.0], [58, 13.0, 1.0], [57, 10.0, 1.0], [56, 16.0, 0.6], [55, 25.0, 0.6], [54, 17.0, 0.6], [53, 17.0, 0.3], [52, 25.0, 0.3], [51, 7.0, 0.3]]",10,22-6,Octofinalist,0,-5
San Borondón Country Day School|boys,Hazel Country Day,boys,5A,6,75.5,-2.0999999999999943,10.0,60,0,59,59 58 57 56 55 54 53 52 51,"[[59, 10.0, 1.0], [58, 12.0, 1.0], [57, 10.0, 1.0], [56, 4.0, 0.6], [55, 7.0, 0.6], [54, 24.0, 0.6], [53, 25.0, 0.3], [52, 39.0, 0.3], [51, 11.0, 0.3]]",13,24-6,Octofinalist,0,-7
Pendleton High|boys,Pendleton,boys,5A,7,71.99999999999999,8.499999999999993,16.0,35,0,59,59 58 57 56 55 54 53 52 51,"[[59, 16.0, 1.0], [58, 16.0, 1.0], [57, 16.0, 1.0], [56, 9.0, 0.6], [55, 8.0, 0.6], [54, 10.0, 0.6], [53, 10.0, 0.3], [52, 5.0, 0.3], [51, 11.0, 0.3]]",5,23-3,Quarterfinalist,0,2
San Borondón|boys,San Borondón,boys,5A,8,71.00000000000001,-0.8999999999999915,10.0,60,0,59,59 58 57 56 55 54 53 52 51,"[[59, 10.0, 1.0], [58, 11.0, 1.0], [57, 11.0, 1.0], [56, 16.0, 0.6], [55, 26.0, 0.6], [54, 10.0, 0.6], [53, 8.0, 0.3], [52, 8.0, 0.3], [51, 10.0, 0.3]]",28,20-10,Round of 32,0,-20
Costa Verde North|boys,Verde Highlands,boys,5A,9,68.9,6.000000000000007,10.0,60,0,59,59 58 57 56 55 54 53 52 51,"[[59, 10.0, 1.0], [58, 6.0, 1.0], [57, 16.0, 1.0], [56, 10.0, 0.6], [55, 10.0, 0.6], [54, 39.0, 0.6], [53, 0.0, 0.3], [52, 3.0, 0.3], [51, 2.0, 0.3]]",29,22-13,Round of 32,0,-20
Barclay Golden Gate|boys,Gate City,boys,5A,10,62.8,1.2000000000000028,9.0,60,0,59,59 58 57 56 55 54 53 52 51,"[[59, 9.0, 1.0], [58, 7.0, 1.0], [57, 12.0, 1.0], [56, 12.0, 0.6], [55, 10.0, 0.6], [54, 12.0, 0.6], [53, 10.0, 0.3], [52, 26.0, 0.3], [51, 12.0, 0.3]]",27,14-14,Round of 32,0,-17
Kilbride Switch|boys,Kilbride Switch,boys,5A,11,59.3,-5.199999999999996,0.0,60,0,59,59 58 57 56 55 54 53 52 51,"[[59, 0.0, 1.0], [58, 16.0, 1.0], [57, 16.0, 1.0], [56, 10.0, 0.6], [55, 10.0, 0.6], [54, 12.0, 0.6], [53, 4.0, 0.3], [52, 11.0, 0.3], [51, 12.0, 0.3]]",77,3-21,Sectionals,0,-66
Serrano|boys,Serrano,boys,5A,12,59.3,1.2999999999999972,10.0,60,0,59,59 58 57 56 55 54 53 52 51,"[[59, 10.0, 1.0], [58, 8.0, 1.0], [57, 8.0, 1.0], [56, 6.0, 0.6], [55, 4.0, 0.6], [54, 24.0, 0.6], [53, 10.0, 0.3], [52, 9.0, 0.3], [51, 24.0, 0.3]]",20,17-9,Round of 32,0,-8
Baker High|boys,Baker,boys,5A,13,58.7,12.0,16.0,37,0,59,59 58 57 56 55 54 53 52 51,"[[59, 16.0, 1.0], [58, 12.0, 1.0], [57, 10.0, 1.0], [56, 10.0, 0.6], [55, 12.0, 0.6], [54, 6.0, 0.6], [53, 0.0, 0.3], [52, 11.0, 0.3], [51, 2.0, 0.3]]",12,23-7,Quarterfinalist,0,1
Xavier Robles|boys,Elk River,boys,5A,14,56.6,-1.7000000000000028,10.0,60,0,59,59 58 57 56 55 54 53 52 51,"[[59, 10.0, 1.0], [58, 8.0, 1.0], [57, 11.0, 1.0], [56, 24.0, 0.6], [55, 10.0, 0.6], [54, 9.0, 0.6], [53, 6.0, 0.3], [52, 0.0, 0.3], [51, 0.0, 0.3]]",8,20-6,Octofinalist,0,6
Amelia Freeman North|boys,Casco,boys,5A,15,56.49999999999999,-3.200000000000003,11.0,60,0,59,59 58 57 56 55 54 53 52 51,"[[59, 11.0, 1.0], [58, 10.0, 1.0], [57, 10.0, 1.0], [56, 10.0, 0.6], [55, 8.0, 0.6], [54, 8.0, 0.6], [53, 16.0, 0.3], [52, 11.0, 0.3], [51, 6.0, 0.3]]",9,21-7,Octofinalist,0,6
Hawk Lake Southeast|boys,Pine Barrens,boys,5A,16,56.4,4.100000000000001,12.0,60,0,59,59 58 57 56 55 54 53 52 51,"[[59, 12.0, 1.0], [58, 16.0, 1.0], [57, 8.0, 1.0], [56, 16.0, 0.6], [55, 10.0, 0.6], [54, 8.0, 0.6], [53, 0.0, 0.3], [52, 0.0, 0.3], [51, 0.0, 0.3]]",22,24-10,Octofinalist,0,-6
Nathaniel Cross North|boys,Miles Davis,boys,5A,17,55.8,4.400000000000006,10.0,20,0,59,59 58 57 56 55 54 53 52 51,"[[59, 10.0, 1.0], [58, 10.0, 1.0], [57, 16.0, 1.0], [56, 11.0, 0.6], [55, 10.0, 0.6], [54, 6.0, 0.6], [53, 4.0, 0.3], [52, 8.0, 0.3], [51, 0.0, 0.3]]",18,20-9,Round of 32,0,-1
Caswell School of Science and Industry|boys,Arthur,boys,5A,18,55.4,3.0,10.0,60,0,59,59 58 57 56 55 54 53 52 51,"[[59, 10.0, 1.0], [58, 5.0, 1.0], [57, 11.0, 1.0], [56, 10.0, 0.6], [55, 10.0, 0.6], [54, 11.0, 0.6], [53, 10.0, 0.3], [52, 18.0, 0.3], [51, 8.0, 0.3]]",21,24-8,Round of 32,0,-3
Providence Academy|boys,Providence Academy,boys,5A,19,52.7,2.200000000000003,10.0,60,0,59,59 58 57 56 55 54 53 52 51,"[[59, 10.0, 1.0], [58, 13.0, 1.0], [57, 0.0, 1.0], [56, 6.0, 0.6], [55, 16.0, 0.6], [54, 10.0, 0.6], [53, 10.0, 0.3], [52, 13.0, 0.3], [51, 12.0, 0.3]]",6,21-6,Octofinalist,0,13
La Grande High|boys,La Grande,boys,5A,20,52.69999999999999,-3.5,0.0,35,0,59,59 58 57 56 55 54 53 52 51,"[[59, 0.0, 1.0], [58, 10.0, 1.0], [57, 25.0, 1.0], [56, 8.0, 0.6], [55, 9.0, 0.6], [54, 12.0, 0.6], [53, 0.0, 0.3], [52, 0.0, 0.3], [51, 1.0, 0.3]]",71,4-21,Sectionals,0,-51
Perryville Civic Leadership Academy|boys,Perry Green,boys,5A,21,51.2,-8.0,0.0,55,0,59,59 58 57 56 55 54 53 52 51,"[[59, 0.0, 1.0], [58, 16.0, 1.0], [57, 10.0, 1.0], [56, 20.0, 0.6], [55, 10.0, 0.6], [54, 8.0, 0.6], [53, 0.0, 0.3], [52, 8.0, 0.3], [51, 0.0, 0.3]]",70,6-20,Sectionals,0,-49
Blackpine|boys,Blackpine,boys,5A,22,50.8,12.0,16.0,60,0,59,59 58 57 56 55 54 53 52 51,"[[59, 16.0, 1.0], [58, 8.0, 1.0], [57, 10.0, 1.0], [56, 10.0, 0.6], [55, 8.0, 0.6], [54, 10.0, 0.6], [53, 0.0, 0.3], [52, 0.0, 0.3], [51, 0.0, 0.3]]",11,27-8,Quarterfinalist,0,11
Tindall|boys,Tindall,boys,5A,23,49.7,-3.299999999999997,10.0,60,0,59,59 58 57 56 55 54 53 52 51,"[[59, 10.0, 1.0], [58, 12.0, 1.0], [57, 10.0, 1.0], [56, 10.0, 0.6], [55, 3.0, 0.6], [54, 1.0, 0.6], [53, 8.0, 0.3], [52, 16.0, 0.3], [51, 7.0, 0.3]]",17,23-4,Octofinalist,0,6
Foxtail Meadows|boys,Foxtail Meadows,boys,5A,24,47.4,4.799999999999997,11.0,60,0,59,59 58 57 56 55 54 53 52 51,"[[59, 11.0, 1.0], [58, 10.0, 1.0], [57, 12.0, 1.0], [56, 8.0, 0.6], [55, 8.0, 0.6], [54, 1.0, 0.6], [53, 7.0, 0.3], [52, 7.0, 0.3], [51, 0.0, 0.3]]",24,20-16,Round of 32,0,0
Wales City|boys,Wales City,boys,5A,25,46.5,10.9,16.0,60,0,59,59 58 57 56 55 54 53 52 51,"[[59, 16.0, 1.0], [58, 10.0, 1.0], [57, 10.0, 1.0], [56, 12.0, 0.6], [55, 1.0, 0.6], [54, 4.0, 0.6], [53, 1.0, 0.3], [52, 0.0, 0.3], [51, 0.0, 0.3]]",15,27-6,Quarterfinalist,0,10
St. Basil Academy|boys,Cahokia Mounds,boys,5A,26,43.7,1.0,10.0,20,0,59,59 58 57 56 55 54 53 52 51,"[[59, 10.0, 1.0], [58, 6.0, 1.0], [57, 13.0, 1.0], [56, 0.0, 0.6], [55, 8.0, 0.6], [54, 8.0, 0.6], [53, 4.0, 0.3], [52, 2.0, 0.3], [51, 11.0, 0.3]]",16,25-5,Octofinalist,0,10
Opal Avery|boys,Ford,boys,5A,27,41.8,1.7999999999999972,10.0,43,0,59,59 58 57 56 55 54 53 52 51,"[[59, 10.0, 1.0], [58, 1.0, 1.0], [57, 8.0, 1.0], [56, 10.0, 0.6], [55, 16.0, 0.6], [54, 8.0, 0.6], [53, 2.0, 0.3], [52, 0.0, 0.3], [51, 6.0, 0.3]]",41,14-14,Round of 32,0,-14
Sofia Romanov North|boys,Cheney,boys,5A,28,39.7,10.999999999999996,11.0,60,0,59,59 58 57 56 55 54 53 52 51,"[[59, 11.0, 1.0], [58, 11.0, 1.0], [57, 9.0, 1.0], [56, 0.0, 0.6], [55, 0.0, 0.6], [54, 13.0, 0.6], [53, 0.0, 0.3], [52, 0.0, 0.3], [51, 3.0, 0.3]]",26,20-14,Round of 32,0,2
Sandhill Marsh|boys,Sandhill Marsh,boys,5A,29,38.9,3.3999999999999986,8.0,60,0,59,59 58 57 56 55 54 53 52 51,"[[59, 8.0, 1.0], [58, 10.0, 1.0], [57, 8.0, 1.0], [56, 7.0, 0.6], [55, 2.0, 0.6], [54, 0.0, 0.6], [53, 5.0, 0.3], [52, 10.0, 0.3], [51, 10.0, 0.3]]",14,19-10,Round of 32,0,15
Tindall Heights|boys,Montpelier,boys,5A,30,38.8,-13.999999999999991,1.0,60,0,59,59 58 57 56 55 54 53 52 51,"[[59, 1.0, 1.0], [58, 7.0, 1.0], [57, 2.0, 1.0], [56, 12.0, 0.6], [55, 7.0, 0.6], [54, 6.0, 0.6], [53, 24.0, 0.3], [52, 12.0, 0.3], [51, 10.0, 0.3]]",40,13-12,Specials,0,-10
Vasquez|boys,Fruitvale,boys,5A,31,37.0,4.299999999999997,8.0,60,0,59,59 58 57 56 55 54 53 52 51,"[[59, 8.0, 1.0], [58, 10.0, 1.0], [57, 4.0, 1.0], [56, 1.0, 0.6], [55, 2.0, 0.6], [54, 13.0, 0.6], [53, 11.0, 0.3], [52, 7.0, 0.3], [51, 0.0, 0.3]]",7,18-4,Round of 32,0,24
Edith Ward|boys,Central West End,boys,5A,32,35.7,1.7999999999999972,7.0,60,0,59,59 58 57 56 55 54 53 52 51,"[[59, 7.0, 1.0], [58, 7.0, 1.0], [57, 10.0, 1.0], [56, 13.0, 0.6], [55, 6.0, 0.6], [54, 0.0, 0.6], [53, 0.0, 0.3], [52, 0.0, 0.3], [51, 1.0, 0.3]]",31,18-15,Parastate,0,1
Fort Meriwether|boys,Fort Meriwether,boys,5A,33,33.1,-4.499999999999993,3.0,60,0,59,59 58 57 56 55 54 53 52 51,"[[59, 3.0, 1.0], [58, 1.0, 1.0], [57, 3.0, 1.0], [56, 0.0, 0.6], [55, 6.0, 0.6], [54, 18.0, 0.6], [53, 12.0, 0.3], [52, 10.0, 0.3], [51, 17.0, 0.3]]",43,15-16,Challengers,0,-10
Olive Reach|boys,Mendelssohn,boys,5A,34,32.2,10.0,10.0,60,0,59,59 58 57 56 55 54 53 52 51,"[[59, 10.0, 1.0], [58, 11.0, 1.0], [57, 10.0, 1.0], [56, 0.0, 0.6], [55, 1.0, 0.6], [54, 1.0, 0.6], [53, 0.0, 0.3], [52, 0.0, 0.3], [51, 0.0, 0.3]]",23,20-10,Round of 32,0,11
José Martí North|boys,Belle Rive,boys,5A,35,31.1,-2.1999999999999997,1.0,43,0,59,59 58 57 56 55 54 53 52 51,"[[59, 1.0, 1.0], [58, 2.0, 1.0], [57, 8.0, 1.0], [56, 8.0, 0.6], [55, 16.0, 0.6], [54, 9.0, 0.6], [53, 0.0, 0.3], [52, 0.0, 0.3], [51, 1.0, 0.3]]",48,8-15,Semi-Conference,0,-13
Riverside High|boys,Riverside,boys,5A,36,31.000000000000004,10.7,11.0,35,0,59,59 58 57 56 55 54 53 52 51,"[[59, 11.0, 1.0], [58, 5.0, 1.0], [57, 12.0, 1.0], [56, 0.0, 0.6], [55, 3.0, 0.6], [54, 1.0, 0.6], [53, 1.0, 0.3], [52, 0.0, 0.3], [51, 1.0, 0.3]]",30,18-15,Round of 32,0,6
Furrow Crossing|boys,Furrow Crossing,boys,5A,37,30.1,-3.899999999999999,1.0,60,0,59,59 58 57 56 55 54 53 52 51,"[[59, 1.0, 1.0], [58, 8.0, 1.0], [57, 7.0, 1.0], [56, 1.0, 0.6], [55, 6.0, 0.6], [54, 4.0, 0.6], [53, 7.0, 0.3], [52, 8.0, 0.3], [51, 10.0, 0.3]]",35,15-14,Parastate,0,2
Umatilla High|boys,Umatilla,boys,5A,38,28.5,8.100000000000001,12.0,35,0,59,59 58 57 56 55 54 53 52 51,"[[59, 12.0, 1.0], [58, 8.0, 1.0], [57, 7.0, 1.0], [56, 0.0, 0.6], [55, 0.0, 0.6], [54, 0.0, 0.6], [53, 1.0, 0.3], [52, 4.0, 0.3], [51, 0.0, 0.3]]",33,16-11,Round of 32,0,5
Canal View North|boys,Lateral Seven,boys,5A,39,26.5,-5.800000000000001,0.0,60,0,59,59 58 57 56 55 54 53 52 51,"[[59, 0.0, 1.0], [58, 4.0, 1.0], [57, 3.0, 1.0], [56, 1.0, 0.6], [55, 13.0, 0.6], [54, 4.0, 0.6], [53, 8.0, 0.3], [52, 11.0, 0.3], [51, 10.0, 0.3]]",47,7-12,Sectionals,0,-8
Hermiston High|boys,Hermiston,boys,5A,40,26.0,-8.0,1.0,35,0,59,59 58 57 56 55 54 53 52 51,"[[59, 1.0, 1.0], [58, 3.0, 1.0], [57, 1.0, 1.0], [56, 9.0, 0.6], [55, 5.0, 0.6], [54, 0.0, 0.6], [53, 9.0, 0.3], [52, 16.0, 0.3], [51, 17.0, 0.3]]",49,10-17,Semi-Conference,0,-9
Mila Melnick|boys,Sea Cliff,boys,5A,41,25.6,-4.9999999999999964,1.0,60,0,59,59 58 57 56 55 54 53 52 51,"[[59, 1.0, 1.0], [58, 0.0, 1.0], [57, 0.0, 1.0], [56, 3.0, 0.6], [55, 11.0, 0.6], [54, 16.0, 0.6], [53, 16.0, 0.3], [52, 6.0, 0.3], [51, 0.0, 0.3]]",44,10-15,Semi-Conference,0,-3
Willow Creek|boys,Willow Creek,boys,5A,42,23.5,3.1000000000000014,10.0,60,0,59,59 58 57 56 55 54 53 52 51,"[[59, 10.0, 1.0], [58, 0.0, 1.0], [57, 0.0, 1.0], [56, 0.0, 0.6], [55, 0.0, 0.6], [54, 0.0, 0.6], [53, 11.0, 0.3], [52, 24.0, 0.3], [51, 10.0, 0.3]]",19,20-9,Round of 32,0,23
Viktor Kareva|boys,Cedar Point,boys,5A,43,22.8,-11.6,0.0,55,0,59,59 58 57 56 55 54 53 52 51,"[[59, 0.0, 1.0], [58, 0.0, 1.0], [57, 0.0, 1.0], [56, 8.0, 0.6], [55, 1.0, 0.6], [54, 10.0, 0.6], [53, 18.0, 0.3], [52, 8.0, 0.3], [51, 12.0, 0.3]]",76,3-21,Sectionals,0,-33
Port Veles|boys,Coltrane,boys,5A,44,22.5,-2.6000000000000014,2.0,60,0,59,59 58 57 56 55 54 53 52 51,"[[59, 2.0, 1.0], [58, 1.0, 1.0], [57, 0.0, 1.0], [56, 1.0, 0.6], [55, 0.0, 0.6], [54, 5.0, 0.6], [53, 4.0, 0.3], [52, 10.0, 0.3], [51, 39.0, 0.3]]",37,11-19,Parastate,0,7
St. Isidore|boys,North Averill,boys,5A,45,22.1,5.000000000000004,11.0,60,0,59,59 58 57 56 55 54 53 52 51,"[[59, 11.0, 1.0], [58, 3.0, 1.0], [57, 0.0, 1.0], [56, 0.0, 0.6], [55, 0.0, 0.6], [54, 0.0, 0.6], [53, 12.0, 0.3], [52, 5.0, 0.3], [51, 10.0, 0.3]]",25,22-12,Round of 32,0,20
Juniper Ridge|boys,Juniper Ridge,boys,5A,46,21.2,2.8999999999999986,8.0,60,0,59,59 58 57 56 55 54 53 52 51,"[[59, 8.0, 1.0], [58, 0.0, 1.0], [57, 0.0, 1.0], [56, 0.0, 0.6], [55, 0.0, 0.6], [54, 10.0, 0.6], [53, 15.0, 0.3], [52, 8.0, 0.3], [51, 1.0, 0.3]]",32,18-14,Parastate,0,14
Thomas Jansen North|boys,Gershwin,boys,5A,47,17.8,3.0,3.0,55,0,59,59 58 57 56 55 54 53 52 51,"[[59, 3.0, 1.0], [58, 12.0, 1.0], [57, 1.0, 1.0], [56, 0.0, 0.6], [55, 3.0, 0.6], [54, 0.0, 0.6], [53, 0.0, 0.3], [52, 0.0, 0.3], [51, 0.0, 0.3]]",34,17-15,Parastate,0,13
Winifred Ellison|boys,Kingwood,boys,5A,48,17.799999999999997,-6.400000000000002,0.0,60,0,59,59 58 57 56 55 54 53 52 51,"[[59, 0.0, 1.0], [58, 0.0, 1.0], [57, 1.0, 1.0], [56, 7.0, 0.6], [55, 12.0, 0.6], [54, 1.0, 0.6], [53, 11.0, 0.3], [52, 5.0, 0.3], [51, 0.0, 0.3]]",60,7-16,Sectionals,0,-12
Ontario High|boys,Ontario,boys,5A,49,17.200000000000003,-3.4999999999999964,0.0,35,0,59,59 58 57 56 55 54 53 52 51,"[[59, 0.0, 1.0], [58, 3.0, 1.0], [57, 1.0, 1.0], [56, 8.0, 0.6], [55, 7.0, 0.6], [54, 4.0, 0.6], [53, 1.0, 0.3], [52, 5.0, 0.3], [51, 0.0, 0.3]]",52,6-15,Sectionals,0,-3
Svenja Adler|boys,East Range Agricultural,boys,5A,50,16.0,-10.799999999999995,0.0,60,0,59,59 58 57 56 55 54 53 52 51,"[[59, 0.0, 1.0], [58, 0.0, 1.0], [57, 1.0, 1.0], [56, 0.0, 0.6], [55, 0.0, 0.6], [54, 2.0, 0.6], [53, 12.0, 0.3], [52, 10.0, 0.3], [51, 24.0, 0.3]]",68,6-23,Sectionals,0,-18
Port Veles Agricultural Sciences Academy|boys,Biden,boys,5A,51,14.999999999999998,-9.499999999999998,0.0,60,0,59,59 58 57 56 55 54 53 52 51,"[[59, 0.0, 1.0], [58, 0.0, 1.0], [57, 0.0, 1.0], [56, 11.0, 0.6], [55, 0.0, 0.6], [54, 1.0, 0.6], [53, 8.0, 0.3], [52, 9.0, 0.3], [51, 9.0, 0.3]]",55,6-19,Sectionals,0,-4
The Dalles High|boys,The Dalles,boys,5A,52,13.6,1.4000000000000004,3.0,35,0,59,59 58 57 56 55 54 53 52 51,"[[59, 3.0, 1.0], [58, 4.0, 1.0], [57, 6.0, 1.0], [56, 1.0, 0.6], [55, 0.0, 0.6], [54, 0.0, 0.6], [53, 0.0, 0.3], [52, 0.0, 0.3], [51, 0.0, 0.3]]",39,14-15,Conference,0,13
Thelma Moss|boys,Roscoe Village,boys,5A,53,12.999999999999998,-5.100000000000003,0.0,60,0,59,59 58 57 56 55 54 53 52 51,"[[59, 0.0, 1.0], [58, 1.0, 1.0], [57, 3.0, 1.0], [56, 6.0, 0.6], [55, 8.0, 0.6], [54, 1.0, 0.6], [53, 0.0, 0.3], [52, 0.0, 0.3], [51, 0.0, 0.3]]",51,8-20,Sectionals,0,2
Garrow|boys,Garrow,boys,5A,54,12.3,-3.0000000000000018,0.0,60,0,59,59 58 57 56 55 54 53 52 51,"[[59, 0.0, 1.0], [58, 0.0, 1.0], [57, 0.0, 1.0], [56, 6.0, 0.6], [55, 3.0, 0.6], [54, 10.0, 0.6], [53, 2.0, 0.3], [52, 1.0, 0.3], [51, 0.0, 0.3]]",69,4-19,Sectionals,0,-15
St. Olga College Prep|boys,Mercer Latin,boys,5A,55,11.5,-1.1999999999999993,1.0,60,0,59,59 58 57 56 55 54 53 52 51,"[[59, 1.0, 1.0], [58, 0.0, 1.0], [57, 0.0, 1.0], [56, 1.0, 0.6], [55, 7.0, 0.6], [54, 9.0, 0.6], [53, 0.0, 0.3], [52, 0.0, 0.3], [51, 1.0, 0.3]]",46,11-16,Semi-Conference,0,9
Llerena East|boys,Juniper Well,boys,5A,56,11.4,-2.8000000000000007,0.0,60,0,59,59 58 57 56 55 54 53 52 51,"[[59, 0.0, 1.0], [58, 0.0, 1.0], [57, 0.0, 1.0], [56, 1.0, 0.6], [55, 8.0, 0.6], [54, 0.0, 0.6], [53, 8.0, 0.3], [52, 1.0, 0.3], [51, 11.0, 0.3]]",79,3-23,Sectionals,0,-23
Boyerstown|boys,Boyerstown,boys,5A,57,9.9,-8.700000000000003,0.0,60,0,59,59 58 57 56 55 54 53 52 51,"[[59, 0.0, 1.0], [58, 0.0, 1.0], [57, 0.0, 1.0], [56, 0.0, 0.6], [55, 0.0, 0.6], [54, 0.0, 0.6], [53, 13.0, 0.3], [52, 4.0, 0.3], [51, 16.0, 0.3]]",53,7-14,Sectionals,0,4
Loomis City|boys,Loomis City,boys,5A,58,9.6,-0.3000000000000007,0.0,60,0,59,59 58 57 56 55 54 53 52 51,"[[59, 0.0, 1.0], [58, 0.0, 1.0], [57, 0.0, 1.0], [56, 0.0, 0.6], [55, 0.0, 0.6], [54, 11.0, 0.6], [53, 0.0, 0.3], [52, 9.0, 0.3], [51, 1.0, 0.3]]",75,2-23,Sectionals,0,-17
Sisters of Mercy|boys,Websterfield,boys,5A,59,8.4,2.6000000000000005,5.0,60,0,59,59 58 57 56 55 54 53 52 51,"[[59, 5.0, 1.0], [58, 0.0, 1.0], [57, 1.0, 1.0], [56, 0.0, 0.6], [55, 0.0, 0.6], [54, 0.0, 0.6], [53, 0.0, 0.3], [52, 0.0, 0.3], [51, 8.0, 0.3]]",42,11-14,Parastate,0,17
Welsh Plains|boys,Welsh Plains,boys,5A,60,8.4,-6.9,0.0,60,0,59,59 58 57 56 55 54 53 52 51,"[[59, 0.0, 1.0], [58, 0.0, 1.0], [57, 0.0, 1.0], [56, 0.0, 0.6], [55, 1.0, 0.6], [54, 0.0, 0.6], [53, 10.0, 0.3], [52, 8.0, 0.3], [51, 8.0, 0.3]]",58,9-16,Sectionals,0,2
Elias Mercier|boys,Cascade,boys,5A,61,7.9,-5.199999999999999,0.0,60,0,59,59 58 57 56 55 54 53 52 51,"[[59, 0.0, 1.0], [58, 1.0, 1.0], [57, 3.0, 1.0], [56, 4.0, 0.6], [55, 0.0, 0.6], [54, 0.0, 0.6], [53, 0.0, 0.3], [52, 0.0, 0.3], [51, 5.0, 0.3]]",74,3-22,Sectionals,0,-13
Tomás Mendoza|boys,Fairgrounds,boys,5A,62,7.199999999999999,-1.200000000000001,0.0,60,0,59,59 58 57 56 55 54 53 52 51,"[[59, 0.0, 1.0], [58, 0.0, 1.0], [57, 0.0, 1.0], [56, 3.0, 0.6], [55, 8.0, 0.6], [54, 0.0, 0.6], [53, 0.0, 0.3], [52, 2.0, 0.3], [51, 0.0, 0.3]]",59,5-17,Sectionals,0,3
Kelford|boys,Kelford,boys,5A,63,6.0,-0.2999999999999989,0.0,60,0,59,59 58 57 56 55 54 53 52 51,"[[59, 0.0, 1.0], [58, 0.0, 1.0], [57, 0.0, 1.0], [56, 0.0, 0.6], [55, 0.0, 0.6], [54, 0.0, 0.6], [53, 1.0, 0.3], [52, 12.0, 0.3], [51, 7.0, 0.3]]",72,4-21,Sectionals,0,-9
Sofía Cordero|boys,J.Q. Adams,boys,5A,64,5.4,-3.000000000000001,0.0,60,0,59,59 58 57 56 55 54 53 52 51,"[[59, 0.0, 1.0], [58, 0.0, 1.0], [57, 0.0, 1.0], [56, 0.0, 0.6], [55, 0.0, 0.6], [54, 2.0, 0.6], [53, 8.0, 0.3], [52, 4.0, 0.3], [51, 2.0, 0.3]]",63,7-17,Sectionals,0,1
Saint Francis|boys,Kingsley,boys,5A,65,4.8,-0.3999999999999994,2.0,60,0,59,59 58 57 56 55 54 53 52 51,"[[59, 2.0, 1.0], [58, 1.0, 1.0], [57, 0.0, 1.0], [56, 0.0, 0.6], [55, 0.0, 0.6], [54, 0.0, 0.6], [53, 0.0, 0.3], [52, 0.0, 0.3], [51, 6.0, 0.3]]",38,16-16,Parastate,0,27
Rye Academy of Arts and Letters|boys,Barley Point,boys,5A,66,4.6,-1.4000000000000004,1.0,55,0,59,59 58 57 56 55 54 53 52 51,"[[59, 1.0, 1.0], [58, 0.0, 1.0], [57, 0.0, 1.0], [56, 0.0, 0.6], [55, 0.0, 0.6], [54, 0.0, 0.6], [53, 8.0, 0.3], [52, 0.0, 0.3], [51, 4.0, 0.3]]",45,13-12,Challengers,0,21
Benchton|boys,Benchton,boys,5A,67,3.0,-1.7999999999999994,0.0,60,0,59,59 58 57 56 55 54 53 52 51,"[[59, 0.0, 1.0], [58, 0.0, 1.0], [57, 0.0, 1.0], [56, 0.0, 0.6], [55, 1.0, 0.6], [54, 0.0, 0.6], [53, 6.0, 0.3], [52, 1.0, 0.3], [51, 1.0, 0.3]]",65,6-17,Sectionals,0,2
Madrigal West Bench|boys,Benchlands,boys,5A,68,2.9,-0.2000000000000001,1.0,60,0,59,59 58 57 56 55 54 53 52 51,"[[59, 1.0, 1.0], [58, 0.0, 1.0], [57, 1.0, 1.0], [56, 0.0, 0.6], [55, 0.0, 0.6], [54, 1.0, 0.6], [53, 0.0, 0.3], [52, 1.0, 0.3], [51, 0.0, 0.3]]",36,16-15,Parastate,0,32
Iker Aramburu North|boys,Highland Park,boys,5A,69,2.4,-2.7,0.0,55,0,59,59 58 57 56 55 54 53 52 51,"[[59, 0.0, 1.0], [58, 0.0, 1.0], [57, 0.0, 1.0], [56, 0.0, 0.6], [55, 0.0, 0.6], [54, 0.0, 0.6], [53, 1.0, 0.3], [52, 1.0, 0.3], [51, 6.0, 0.3]]",62,7-18,Sectionals,0,7
Breakwater|boys,Tide Point,boys,5A,70,2.1,-1.5,0.0,60,0,59,59 58 57 56 55 54 53 52 51,"[[59, 0.0, 1.0], [58, 0.0, 1.0], [57, 0.0, 1.0], [56, 0.0, 0.6], [55, 0.0, 0.6], [54, 0.0, 0.6], [53, 1.0, 0.3], [52, 0.0, 0.3], [51, 6.0, 0.3]]",56,12-18,Sectionals,0,14
Javier Castañeda|boys,Kenwood,boys,5A,71,1.2,0.0,0.0,60,0,59,59 58 57 56 55 54 53 52 51,"[[59, 0.0, 1.0], [58, 0.0, 1.0], [57, 0.0, 1.0], [56, 0.0, 0.6], [55, 0.0, 0.6], [54, 0.0, 0.6], [53, 0.0, 0.3], [52, 4.0, 0.3], [51, 0.0, 0.3]]",54,6-13,Sectionals,0,17
Rye|boys,Rye,boys,5A,72,1.2,0.0,0.0,60,0,59,59 58 57 56 55 54 53 52 51,"[[59, 0.0, 1.0], [58, 0.0, 1.0], [57, 0.0, 1.0], [56, 0.0, 0.6], [55, 0.0, 0.6], [54, 2.0, 0.6], [53, 0.0, 0.3], [52, 0.0, 0.3], [51, 0.0, 0.3]]",73,4-18,Sectionals,0,-1
Amaia Aramburu|boys,K.B. Jackson,boys,5A,73,0.8999999999999999,-1.3000000000000005,0.0,60,0,59,59 58 57 56 55 54 53 52 51,"[[59, 0.0, 1.0], [58, 0.0, 1.0], [57, 0.0, 1.0], [56, 1.0, 0.6], [55, 0.0, 0.6], [54, 0.0, 0.6], [53, 0.0, 0.3], [52, 0.0, 0.3], [51, 1.0, 0.3]]",64,9-19,Sectionals,0,9
Leidesdorff Academy of Music and Media|boys,East Burlington,boys,5A,74,0.6,-2.4,0.0,43,0,59,59 58 57 56 55 54 53 52 51,"[[59, 0.0, 1.0], [58, 0.0, 1.0], [57, 0.0, 1.0], [56, 0.0, 0.6], [55, 0.0, 0.6], [54, 0.0, 0.6], [53, 2.0, 0.3], [52, 0.0, 0.3], [51, 0.0, 0.3]]",67,4-21,Sectionals,0,7
Opal Stokes|boys,Dry Creek Co-op,boys,5A,75,0.3,-3.3,0.0,60,0,59,59 58 57 56 55 54 53 52 51,"[[59, 0.0, 1.0], [58, 0.0, 1.0], [57, 0.0, 1.0], [56, 0.0, 0.6], [55, 0.0, 0.6], [54, 0.0, 0.6], [53, 0.0, 0.3], [52, 1.0, 0.3], [51, 0.0, 0.3]]",66,6-16,Sectionals,0,9
Serrano Depot High|boys,Cholla Flats,boys,5A,76,0.3,0.0,0.0,55,0,59,59 58 57 56 55 54 53 52 51,"[[59, 0.0, 1.0], [58, 0.0, 1.0], [57, 0.0, 1.0], [56, 0.0, 0.6], [55, 0.0, 0.6], [54, 0.0, 0.6], [53, 0.0, 0.3], [52, 1.0, 0.3], [51, 0.0, 0.3]]",50,6-14,Sectionals,0,26
Naomi Moss|boys,Meyerland,boys,5A,77,0.0,-3.6,0.0,60,0,59,59 58 57 56 55 54 53 52 51,"[[59, 0.0, 1.0], [58, 0.0, 1.0], [57, 0.0, 1.0], [56, 0.0, 0.6], [55, 0.0, 0.6], [54, 0.0, 0.6], [53, 0.0, 0.3], [52, 0.0, 0.3], [51, 0.0, 0.3]]",61,8-20,Sectionals,0,16
St. Casimir Preparatory|boys,Brightwater,boys,5A,78,0.0,0.0,0.0,20,0,59,59 58 57 56 55 54 53 52 51,"[[59, 0.0, 1.0], [58, 0.0, 1.0], [57, 0.0, 1.0], [56, 0.0, 0.6], [55, 0.0, 0.6], [54, 0.0, 0.6], [53, 0.0, 0.3], [52, 0.0, 0.3], [51, 0.0, 0.3]]",57,8-18,Sectionals,0,21
Walter Hart|boys,Kittery,boys,5A,79,0.0,0.0,0.0,60,0,59,59 58 57 56 55 54 53 52 51,"[[59, 0.0, 1.0], [58, 0.0, 1.0], [57, 0.0, 1.0], [56, 0.0, 0.6], [55, 0.0, 0.6], [54, 0.0, 0.6], [53, 0.0, 0.3], [52, 0.0, 0.3], [51, 0.0, 0.3]]",78,1-23,Sectionals,0,1
Chaminade|boys,Chaminade,boys,6A,1,158.20000000000002,1.200000000000017,27.0,60,0,59,59 58 57 56 55 54 53 52 51,"[[59, 27.0, 1.0], [58, 25.0, 1.0], [57, 39.0, 1.0], [56, 27.0, 0.6], [55, 17.0, 0.6], [54, 39.0, 0.6], [53, 25.0, 0.3], [52, 17.0, 0.3], [51, 16.0, 0.3]]",2,30-1,Finalist,0,-1
Valley Christian|boys,Valley Christian,boys,6A,2,124.9,-28.99999999999997,10.0,60,0,59,59 58 57 56 55 54 53 52 51,"[[59, 10.0, 1.0], [58, 10.0, 1.0], [57, 17.0, 1.0], [56, 39.0, 0.6], [55, 39.0, 0.6], [54, 25.0, 0.6], [53, 39.0, 0.3], [52, 9.0, 0.3], [51, 39.0, 0.3]]",10,17-5,Octofinalist,0,-8
Hawk Lake Eastgate|boys,Oakhaven,boys,6A,3,124.0,26.80000000000001,39.0,60,0,59,59 58 57 56 55 54 53 52 51,"[[59, 39.0, 1.0], [58, 27.0, 1.0], [57, 25.0, 1.0], [56, 17.0, 0.6], [55, 16.0, 0.6], [54, 10.0, 0.6], [53, 11.0, 0.3], [52, 4.0, 0.3], [51, 9.0, 0.3]]",1,35-4,Champion,1,2
Belmonte Health Sciences Academy|boys,Dusty Spur,boys,6A,4,113.4,-20.50000000000001,0.0,55,0,59,59 58 57 56 55 54 53 52 51,"[[59, 0.0, 1.0], [58, 39.0, 1.0], [57, 24.0, 1.0], [56, 25.0, 0.6], [55, 10.0, 0.6], [54, 10.0, 0.6], [53, 25.0, 0.3], [52, 27.0, 0.3], [51, 26.0, 0.3]]",55,5-23,Sectionals,0,-51
Lucía Villaseñor|boys,Glen Park,boys,6A,5,91.0,-11.399999999999991,1.0,60,0,59,59 58 57 56 55 54 53 52 51,"[[59, 1.0, 1.0], [58, 25.0, 1.0], [57, 26.0, 1.0], [56, 16.0, 0.6], [55, 26.0, 0.6], [54, 11.0, 0.6], [53, 11.0, 0.3], [52, 12.0, 0.3], [51, 1.0, 0.3]]",42,7-16,Semi-Conference,0,-37
Marcus Langston|boys,Hayes,boys,6A,6,83.19999999999999,4.5,16.0,60,0,59,59 58 57 56 55 54 53 52 51,"[[59, 16.0, 1.0], [58, 16.0, 1.0], [57, 17.0, 1.0], [56, 16.0, 0.6], [55, 25.0, 0.6], [54, 8.0, 0.6], [53, 13.0, 0.3], [52, 2.0, 0.3], [51, 1.0, 0.3]]",13,21-8,Quarterfinalist,0,-7
Nadia Chernov|boys,C. Coolidge,boys,6A,7,79.5,20.700000000000003,25.0,60,0,59,59 58 57 56 55 54 53 52 51,"[[59, 25.0, 1.0], [58, 16.0, 1.0], [57, 16.0, 1.0], [56, 10.0, 0.6], [55, 10.0, 0.6], [54, 14.0, 0.6], [53, 1.0, 0.3], [52, 0.0, 0.3], [51, 6.0, 0.3]]",5,25-3,Semifinalist,0,2
Naomi Ward|boys,Golden State,boys,6A,8,74.10000000000001,4.5,16.0,60,0,59,59 58 57 56 55 54 53 52 51,"[[59, 16.0, 1.0], [58, 16.0, 1.0], [57, 10.0, 1.0], [56, 10.0, 0.6], [55, 10.0, 0.6], [54, 16.0, 0.6], [53, 16.0, 0.3], [52, 9.0, 0.3], [51, 10.0, 0.3]]",8,23-7,Quarterfinalist,0,0
Nikolai Markov North|boys,Marigny,boys,6A,9,68.1,17.9,25.0,60,0,59,59 58 57 56 55 54 53 52 51,"[[59, 25.0, 1.0], [58, 10.0, 1.0], [57, 10.0, 1.0], [56, 8.0, 0.6], [55, 9.0, 0.6], [54, 10.0, 0.6], [53, 10.0, 0.3], [52, 5.0, 0.3], [51, 8.0, 0.3]]",3,27-3,Semifinalist,0,6
Port Veles Civic Leadership Academy|boys,Severn,boys,6A,10,64.7,-5.0,9.0,60,0,59,59 58 57 56 55 54 53 52 51,"[[59, 9.0, 1.0], [58, 8.0, 1.0], [57, 9.0, 1.0], [56, 11.0, 0.6], [55, 7.0, 0.6], [54, 7.0, 0.6], [53, 16.0, 0.3], [52, 38.0, 0.3], [51, 25.0, 0.3]]",24,18-11,Round of 32,0,-14
Manzanita Ridge|boys,Manzanita,boys,6A,11,64.5,0.2000000000000028,12.0,60,0,59,59 58 57 56 55 54 53 52 51,"[[59, 12.0, 1.0], [58, 9.0, 1.0], [57, 9.0, 1.0], [56, 10.0, 0.6], [55, 11.0, 0.6], [54, 16.0, 0.6], [53, 26.0, 0.3], [52, 8.0, 0.3], [51, 7.0, 0.3]]",17,23-13,Round of 32,0,-6
St. Perpetua|boys,Farview,boys,6A,12,63.6,1.7999999999999972,10.0,60,0,59,59 58 57 56 55 54 53 52 51,"[[59, 10.0, 1.0], [58, 10.0, 1.0], [57, 10.0, 1.0], [56, 10.0, 0.6], [55, 17.0, 0.6], [54, 25.0, 0.6], [53, 6.0, 0.3], [52, 1.0, 0.3], [51, 1.0, 0.3]]",6,27-3,Octofinalist,0,6
Janice Cole|boys,Fallon,boys,6A,13,63.09999999999999,-2.000000000000007,10.0,60,0,59,59 58 57 56 55 54 53 52 51,"[[59, 10.0, 1.0], [58, 10.0, 1.0], [57, 8.0, 1.0], [56, 24.0, 0.6], [55, 10.0, 0.6], [54, 17.0, 0.6], [53, 8.0, 0.3], [52, 1.0, 0.3], [51, 6.0, 0.3]]",11,24-8,Octofinalist,0,2
Belmonte Agricultural Sciences Academy|boys,Pelican Town,boys,6A,14,60.3,2.8000000000000043,10.0,55,0,59,59 58 57 56 55 54 53 52 51,"[[59, 10.0, 1.0], [58, 16.0, 1.0], [57, 10.0, 1.0], [56, 6.0, 0.6], [55, 8.0, 0.6], [54, 6.0, 0.6], [53, 8.0, 0.3], [52, 16.0, 0.3], [51, 17.0, 0.3]]",15,21-9,Octofinalist,0,-1
Harold Calder|boys,Tomales Bay,boys,6A,15,59.3,-5.399999999999999,7.0,60,0,59,59 58 57 56 55 54 53 52 51,"[[59, 7.0, 1.0], [58, 12.0, 1.0], [57, 13.0, 1.0], [56, 16.0, 0.6], [55, 11.0, 0.6], [54, 2.0, 0.6], [53, 12.0, 0.3], [52, 10.0, 0.3], [51, 11.0, 0.3]]",31,15-18,Round of 32,0,-16
Dry Lake|boys,Dry Lake,boys,6A,16,55.7,-0.5999999999999943,9.0,60,0,59,59 58 57 56 55 54 53 52 51,"[[59, 9.0, 1.0], [58, 8.0, 1.0], [57, 9.0, 1.0], [56, 9.0, 0.6], [55, 9.0, 0.6], [54, 8.0, 0.6], [53, 9.0, 0.3], [52, 13.0, 0.3], [51, 25.0, 0.3]]",28,16-10,Round of 32,0,-12
St. Nicholas College Prep|boys,Natchez Prep,boys,6A,17,55.49999999999999,-8.100000000000009,3.0,60,0,59,59 58 57 56 55 54 53 52 51,"[[59, 3.0, 1.0], [58, 3.0, 1.0], [57, 6.0, 1.0], [56, 9.0, 0.6], [55, 24.0, 0.6], [54, 26.0, 0.6], [53, 16.0, 0.3], [52, 10.0, 0.3], [51, 1.0, 0.3]]",35,13-20,Parastate,0,-18
Ander Arrieta|boys,Bolinas,boys,6A,18,53.8,3.9000000000000057,11.0,60,0,59,59 58 57 56 55 54 53 52 51,"[[59, 11.0, 1.0], [58, 10.0, 1.0], [57, 10.0, 1.0], [56, 11.0, 0.6], [55, 10.0, 0.6], [54, 11.0, 0.6], [53, 3.0, 0.3], [52, 9.0, 0.3], [51, 0.0, 0.3]]",16,21-12,Round of 32,0,2
Rita Moreno|boys,Moreno,boys,6A,19,53.4,-4.200000000000003,10.0,60,0,59,59 58 57 56 55 54 53 52 51,"[[59, 10.0, 1.0], [58, 12.0, 1.0], [57, 8.0, 1.0], [56, 13.0, 0.6], [55, 8.0, 0.6], [54, 7.0, 0.6], [53, 3.0, 0.3], [52, 9.0, 0.3], [51, 10.0, 0.3]]",18,21-8,Octofinalist,0,1
Valley Forge|boys,Valley Forge,boys,6A,20,50.8,0.7999999999999972,10.0,60,0,59,59 58 57 56 55 54 53 52 51,"[[59, 10.0, 1.0], [58, 10.0, 1.0], [57, 11.0, 1.0], [56, 8.0, 0.6], [55, 9.0, 0.6], [54, 11.0, 0.6], [53, 8.0, 0.3], [52, 2.0, 0.3], [51, 0.0, 0.3]]",12,24-8,Octofinalist,0,8
Redfork West|boys,Redfork West,boys,6A,21,50.50000000000001,4.700000000000003,9.0,60,0,59,59 58 57 56 55 54 53 52 51,"[[59, 9.0, 1.0], [58, 11.0, 1.0], [57, 11.0, 1.0], [56, 4.0, 0.6], [55, 11.0, 0.6], [54, 11.0, 0.6], [53, 9.0, 0.3], [52, 0.0, 0.3], [51, 4.0, 0.3]]",30,16-11,Round of 32,0,-9
Naomi Ellison|boys,Starfield,boys,6A,22,46.2,4.5,9.0,20,0,59,59 58 57 56 55 54 53 52 51,"[[59, 9.0, 1.0], [58, 7.0, 1.0], [57, 8.0, 1.0], [56, 9.0, 0.6], [55, 16.0, 0.6], [54, 10.0, 0.6], [53, 3.0, 0.3], [52, 1.0, 0.3], [51, 0.0, 0.3]]",19,18-11,Round of 32,0,3
Copper Lake East|boys,Bridgewater,boys,6A,23,42.8,10.700000000000005,15.0,60,0,59,59 58 57 56 55 54 53 52 51,"[[59, 15.0, 1.0], [58, 10.0, 1.0], [57, 7.0, 1.0], [56, 7.0, 0.6], [55, 0.0, 0.6], [54, 4.0, 0.6], [53, 5.0, 0.3], [52, 7.0, 0.3], [51, 2.0, 0.3]]",26,20-15,Quarterfinalist,0,-3
Emerson|boys,Emerson,boys,6A,24,42.4,-1.1000000000000014,8.0,60,0,59,59 58 57 56 55 54 53 52 51,"[[59, 8.0, 1.0], [58, 9.0, 1.0], [57, 11.0, 1.0], [56, 10.0, 0.6], [55, 8.0, 0.6], [54, 1.0, 0.6], [53, 8.0, 0.3], [52, 0.0, 0.3], [51, 2.0, 0.3]]",9,21-8,Round of 32,0,15
George Washington Carver|boys,Carver,boys,6A,25,40.9,5.700000000000003,9.0,60,0,59,59 58 57 56 55 54 53 52 51,"[[59, 9.0, 1.0], [58, 10.0, 1.0], [57, 9.0, 1.0], [56, 0.0, 0.6], [55, 2.0, 0.6], [54, 10.0, 0.6], [53, 10.0, 0.3], [52, 8.0, 0.3], [51, 1.0, 0.3]]",27,15-14,Round of 32,0,-2
Lorna Booker|boys,Blue Grama,boys,6A,26,40.39999999999999,-5.399999999999999,0.0,55,0,59,59 58 57 56 55 54 53 52 51,"[[59, 0.0, 1.0], [58, 10.0, 1.0], [57, 16.0, 1.0], [56, 9.0, 0.6], [55, 8.0, 0.6], [54, 6.0, 0.6], [53, 0.0, 0.3], [52, 1.0, 0.3], [51, 1.0, 0.3]]",64,2-26,Sectionals,0,-38
Jean Lindgren|boys,Bridgeport,boys,6A,27,39.5,4.100000000000001,10.0,60,0,59,59 58 57 56 55 54 53 52 51,"[[59, 10.0, 1.0], [58, 12.0, 1.0], [57, 4.0, 1.0], [56, 11.0, 0.6], [55, 6.0, 0.6], [54, 0.0, 0.6], [53, 3.0, 0.3], [52, 2.0, 0.3], [51, 6.0, 0.3]]",25,21-11,Round of 32,0,2
Marcus Mercer|boys,Evenfall,boys,6A,28,37.10000000000001,6.000000000000011,10.0,20,0,59,59 58 57 56 55 54 53 52 51,"[[59, 10.0, 1.0], [58, 9.0, 1.0], [57, 10.0, 1.0], [56, 7.0, 0.6], [55, 0.0, 0.6], [54, 2.0, 0.6], [53, 0.0, 0.3], [52, 0.0, 0.3], [51, 9.0, 0.3]]",22,21-16,Round of 32,0,6
Ralph Booker|boys,Obama,boys,6A,29,35.7,-0.5,7.0,60,0,59,59 58 57 56 55 54 53 52 51,"[[59, 7.0, 1.0], [58, 9.0, 1.0], [57, 5.0, 1.0], [56, 12.0, 0.6], [55, 3.0, 0.6], [54, 5.0, 0.6], [53, 9.0, 0.3], [52, 0.0, 0.3], [51, 0.0, 0.3]]",34,14-18,Parastate,0,-5
Orchard Gate North|boys,Bois Neuf,boys,6A,30,34.599999999999994,8.199999999999989,10.0,60,0,59,59 58 57 56 55 54 53 52 51,"[[59, 10.0, 1.0], [58, 10.0, 1.0], [57, 11.0, 1.0], [56, 3.0, 0.6], [55, 1.0, 0.6], [54, 1.0, 0.6], [53, 1.0, 0.3], [52, 0.0, 0.3], [51, 1.0, 0.3]]",14,23-8,Octofinalist,0,16
Benedetti|boys,Benedetti,boys,6A,31,33.0,2.1999999999999997,8.0,35,0,59,59 58 57 56 55 54 53 52 51,"[[59, 8.0, 1.0], [58, 11.0, 1.0], [57, 2.0, 1.0], [56, 7.0, 0.6], [55, 4.0, 0.6], [54, 1.0, 0.6], [53, 0.0, 0.3], [52, 0.0, 0.3], [51, 16.0, 0.3]]",7,23-5,Round of 32,0,24
Marina Moroz|boys,Cleveland,boys,6A,32,31.700000000000003,-8.999999999999993,1.0,60,0,59,59 58 57 56 55 54 53 52 51,"[[59, 1.0, 1.0], [58, 0.0, 1.0], [57, 1.0, 1.0], [56, 10.0, 0.6], [55, 9.0, 0.6], [54, 11.0, 0.6], [53, 12.0, 0.3], [52, 16.0, 0.3], [51, 11.0, 0.3]]",49,8-18,Semi-Conference,0,-17
Thurgood Marshall North|boys,Carrollton,boys,6A,33,31.6,10.7,11.0,60,0,59,59 58 57 56 55 54 53 52 51,"[[59, 11.0, 1.0], [58, 9.0, 1.0], [57, 11.0, 1.0], [56, 0.0, 0.6], [55, 1.0, 0.6], [54, 0.0, 0.6], [53, 0.0, 0.3], [52, 0.0, 0.3], [51, 0.0, 0.3]]",20,22-12,Octofinalist,0,13
Canal View|boys,Springfield,boys,6A,34,29.9,16.0,16.0,60,0,59,59 58 57 56 55 54 53 52 51,"[[59, 16.0, 1.0], [58, 0.0, 1.0], [57, 10.0, 1.0], [56, 0.0, 0.6], [55, 6.0, 0.6], [54, 0.0, 0.6], [53, 0.0, 0.3], [52, 0.0, 0.3], [51, 1.0, 0.3]]",4,25-2,Quarterfinalist,0,30
Antelope Butte|boys,Antelope Butte,boys,6A,35,29.3,4.300000000000001,11.0,60,0,59,59 58 57 56 55 54 53 52 51,"[[59, 11.0, 1.0], [58, 3.0, 1.0], [57, 3.0, 1.0], [56, 1.0, 0.6], [55, 4.0, 0.6], [54, 3.0, 0.6], [53, 5.0, 0.3], [52, 9.0, 0.3], [51, 11.0, 0.3]]",32,15-15,Round of 32,0,3
San Cordero Maritime Academy|boys,Mission Butte,boys,6A,36,28.8,-5.500000000000007,0.0,55,0,59,59 58 57 56 55 54 53 52 51,"[[59, 0.0, 1.0], [58, 1.0, 1.0], [57, 11.0, 1.0], [56, 7.0, 0.6], [55, 5.0, 0.6], [54, 6.0, 0.6], [53, 0.0, 0.3], [52, 11.0, 0.3], [51, 9.0, 0.3]]",51,6-21,Sectionals,0,-15
Viktor Antonov|boys,Verrettes,boys,6A,37,27.0,-0.6000000000000014,6.0,60,0,59,59 58 57 56 55 54 53 52 51,"[[59, 6.0, 1.0], [58, 3.0, 1.0], [57, 0.0, 1.0], [56, 9.0, 0.6], [55, 10.0, 0.6], [54, 11.0, 0.6], [53, 0.0, 0.3], [52, 0.0, 0.3], [51, 0.0, 0.3]]",36,15-18,Parastate,0,1
Andrés Valera North|boys,Pawnee,boys,6A,38,25.5,7.400000000000002,10.0,55,0,59,59 58 57 56 55 54 53 52 51,"[[59, 10.0, 1.0], [58, 3.0, 1.0], [57, 5.0, 1.0], [56, 5.0, 0.6], [55, 1.0, 0.6], [54, 0.0, 0.6], [53, 1.0, 0.3], [52, 12.0, 0.3], [51, 0.0, 0.3]]",21,17-11,Round of 32,0,17
San Cordero East|boys,Cordero Junction,boys,6A,39,25.2,-11.000000000000004,0.0,60,0,59,59 58 57 56 55 54 53 52 51,"[[59, 0.0, 1.0], [58, 0.0, 1.0], [57, 0.0, 1.0], [56, 8.0, 0.6], [55, 0.0, 0.6], [54, 16.0, 0.6], [53, 16.0, 0.3], [52, 10.0, 0.3], [51, 10.0, 0.3]]",62,2-19,Sectionals,0,-23
St. Varian|boys,Hurston,boys,6A,40,23.3,4.400000000000002,6.0,60,0,59,59 58 57 56 55 54 53 52 51,"[[59, 6.0, 1.0], [58, 9.0, 1.0], [57, 2.0, 1.0], [56, 4.0, 0.6], [55, 1.0, 0.6], [54, 1.0, 0.6], [53, 0.0, 0.3], [52, 0.0, 0.3], [51, 9.0, 0.3]]",39,13-19,Parastate,0,1
Gulch Bend|boys,West El Paso,boys,6A,41,23.2,-1.5000000000000036,3.0,60,0,59,59 58 57 56 55 54 53 52 51,"[[59, 3.0, 1.0], [58, 1.0, 1.0], [57, 0.0, 1.0], [56, 0.0, 0.6], [55, 9.0, 0.6], [54, 9.0, 0.6], [53, 8.0, 0.3], [52, 11.0, 0.3], [51, 9.0, 0.3]]",40,13-20,Parastate,0,1
Lake Esperanza|boys,Lake Esperanza,boys,6A,42,21.6,5.100000000000001,9.0,60,0,59,59 58 57 56 55 54 53 52 51,"[[59, 9.0, 1.0], [58, 3.0, 1.0], [57, 3.0, 1.0], [56, 3.0, 0.6], [55, 0.0, 0.6], [54, 0.0, 0.6], [53, 0.0, 0.3], [52, 0.0, 0.3], [51, 16.0, 0.3]]",23,22-11,Round of 32,0,19
St. Elias School|boys,Tidewater,boys,6A,43,19.9,-6.900000000000002,0.0,60,0,59,59 58 57 56 55 54 53 52 51,"[[59, 0.0, 1.0], [58, 0.0, 1.0], [57, 1.0, 1.0], [56, 3.0, 0.6], [55, 0.0, 0.6], [54, 6.0, 0.6], [53, 9.0, 0.3], [52, 26.0, 0.3], [51, 10.0, 0.3]]",58,4-20,Sectionals,0,-15
Javier Cárdenas North|boys,Casa Linda,boys,6A,44,19.6,-5.799999999999997,0.0,60,0,59,59 58 57 56 55 54 53 52 51,"[[59, 0.0, 1.0], [58, 0.0, 1.0], [57, 1.0, 1.0], [56, 7.0, 0.6], [55, 1.0, 0.6], [54, 12.0, 0.6], [53, 10.0, 0.3], [52, 12.0, 0.3], [51, 0.0, 0.3]]",63,2-26,Sectionals,0,-19
Madrigal Maritime Academy|boys,Maritime,boys,6A,45,17.5,-11.0,0.0,60,0,59,59 58 57 56 55 54 53 52 51,"[[59, 0.0, 1.0], [58, 1.0, 1.0], [57, 0.0, 1.0], [56, 8.0, 0.6], [55, 10.0, 0.6], [54, 7.0, 0.6], [53, 1.0, 0.3], [52, 0.0, 0.3], [51, 4.0, 0.3]]",54,5-23,Sectionals,0,-9
Kernwood County|boys,Kernwood County,boys,6A,46,17.4,-8.400000000000002,0.0,60,0,59,59 58 57 56 55 54 53 52 51,"[[59, 0.0, 1.0], [58, 0.0, 1.0], [57, 0.0, 1.0], [56, 3.0, 0.6], [55, 1.0, 0.6], [54, 8.0, 0.6], [53, 8.0, 0.3], [52, 10.0, 0.3], [51, 16.0, 0.3]]",56,4-20,Sectionals,0,-10
Moriarty|boys,Moriarty,boys,6A,47,17.2,-5.0,1.0,60,0,59,59 58 57 56 55 54 53 52 51,"[[59, 1.0, 1.0], [58, 0.0, 1.0], [57, 0.0, 1.0], [56, 0.0, 0.6], [55, 11.0, 0.6], [54, 9.0, 0.6], [53, 11.0, 0.3], [52, 3.0, 0.3], [51, 0.0, 0.3]]",45,10-19,Challengers,0,2
Belmonte|boys,Belmonte,boys,6A,48,17.0,-2.8999999999999986,1.0,60,0,59,59 58 57 56 55 54 53 52 51,"[[59, 1.0, 1.0], [58, 1.0, 1.0], [57, 0.0, 1.0], [56, 0.0, 0.6], [55, 11.0, 0.6], [54, 4.0, 0.6], [53, 7.0, 0.3], [52, 4.0, 0.3], [51, 9.0, 0.3]]",33,13-16,Parastate,0,15
Heron Slough|boys,Heron Slough,boys,6A,49,16.299999999999997,-6.100000000000001,0.0,60,0,59,59 58 57 56 55 54 53 52 51,"[[59, 0.0, 1.0], [58, 3.0, 1.0], [57, 1.0, 1.0], [56, 1.0, 0.6], [55, 3.0, 0.6], [54, 2.0, 0.6], [53, 9.0, 0.3], [52, 10.0, 0.3], [51, 10.0, 0.3]]",52,7-20,Sectionals,0,-3
Belyakov River Plain North|boys,Lycee Valmont,boys,6A,50,14.2,-2.099999999999998,1.0,60,0,59,59 58 57 56 55 54 53 52 51,"[[59, 1.0, 1.0], [58, 0.0, 1.0], [57, 0.0, 1.0], [56, 1.0, 0.6], [55, 0.0, 0.6], [54, 10.0, 0.6], [53, 1.0, 0.3], [52, 11.0, 0.3], [51, 10.0, 0.3]]",38,12-18,Specials,0,12
Puerto Gallego|boys,Puerto Gallego,boys,6A,51,13.6,-0.7000000000000011,0.0,60,0,59,59 58 57 56 55 54 53 52 51,"[[59, 0.0, 1.0], [58, 1.0, 1.0], [57, 9.0, 1.0], [56, 1.0, 0.6], [55, 0.0, 0.6], [54, 0.0, 0.6], [53, 0.0, 0.3], [52, 0.0, 0.3], [51, 10.0, 0.3]]",60,2-21,Sectionals,0,-9
Nadia Sidorov|boys,Ride,boys,6A,52,13.4,-4.0,0.0,20,0,59,59 58 57 56 55 54 53 52 51,"[[59, 0.0, 1.0], [58, 2.0, 1.0], [57, 3.0, 1.0], [56, 1.0, 0.6], [55, 2.0, 0.6], [54, 0.0, 0.6], [53, 2.0, 0.3], [52, 10.0, 0.3], [51, 10.0, 0.3]]",48,5-18,Parastate,0,4
St. Vincent School|boys,St. Vincent,boys,6A,53,12.6,-3.0,0.0,60,0,59,59 58 57 56 55 54 53 52 51,"[[59, 0.0, 1.0], [58, 0.0, 1.0], [57, 0.0, 1.0], [56, 0.0, 0.6], [55, 0.0, 0.6], [54, 0.0, 0.6], [53, 10.0, 0.3], [52, 25.0, 0.3], [51, 7.0, 0.3]]",47,5-20,Sectionals,0,6
Fort Salish Independent School|boys,Bayside Christian,boys,6A,54,12.4,0.6000000000000014,6.0,55,0,59,59 58 57 56 55 54 53 52 51,"[[59, 6.0, 1.0], [58, 0.0, 1.0], [57, 1.0, 1.0], [56, 0.0, 0.6], [55, 0.0, 0.6], [54, 0.0, 0.6], [53, 8.0, 0.3], [52, 1.0, 0.3], [51, 9.0, 0.3]]",37,13-21,Parastate,0,17
Carroway School of Public Service|boys,Liberty Hill,boys,6A,55,10.400000000000002,2.5000000000000027,7.0,60,0,59,59 58 57 56 55 54 53 52 51,"[[59, 7.0, 1.0], [58, 0.0, 1.0], [57, 1.0, 1.0], [56, 0.0, 0.6], [55, 0.0, 0.6], [54, 3.0, 0.6], [53, 0.0, 0.3], [52, 1.0, 0.3], [51, 1.0, 0.3]]",29,16-13,Round of 32,0,26
Llerena|boys,Llerena,boys,6A,56,10.0,1.0,1.0,60,0,59,59 58 57 56 55 54 53 52 51,"[[59, 1.0, 1.0], [58, 3.0, 1.0], [57, 0.0, 1.0], [56, 0.0, 0.6], [55, 10.0, 0.6], [54, 0.0, 0.6], [53, 0.0, 0.3], [52, 0.0, 0.3], [51, 0.0, 0.3]]",44,9-18,Semi-Conference,0,12
Archbishop Doyle Prep|boys,Doyle,boys,6A,57,9.4,-1.6999999999999993,1.0,60,0,59,59 58 57 56 55 54 53 52 51,"[[59, 1.0, 1.0], [58, 0.0, 1.0], [57, 0.0, 1.0], [56, 0.0, 0.6], [55, 0.0, 0.6], [54, 1.0, 0.6], [53, 9.0, 0.3], [52, 7.0, 0.3], [51, 10.0, 0.3]]",46,9-23,Semi-Conference,0,11
Fort Meriwether Foundry High|boys,Ironworks,boys,6A,58,9.3,-3.299999999999999,3.0,55,0,59,59 58 57 56 55 54 53 52 51,"[[59, 3.0, 1.0], [58, 0.0, 1.0], [57, 0.0, 1.0], [56, 0.0, 0.6], [55, 0.0, 0.6], [54, 0.0, 0.6], [53, 2.0, 0.3], [52, 9.0, 0.3], [51, 10.0, 0.3]]",43,9-18,Conference,0,15
Petra Bianchi|boys,Perryville,boys,6A,59,8.2,-1.200000000000001,0.0,60,0,59,59 58 57 56 55 54 53 52 51,"[[59, 0.0, 1.0], [58, 1.0, 1.0], [57, 0.0, 1.0], [56, 3.0, 0.6], [55, 8.0, 0.6], [54, 1.0, 0.6], [53, 0.0, 0.3], [52, 0.0, 0.3], [51, 0.0, 0.3]]",53,5-18,Sectionals,0,6
Rita Moreno North|boys,Gentilly,boys,6A,60,8.2,-3.1000000000000014,0.0,60,0,59,59 58 57 56 55 54 53 52 51,"[[59, 0.0, 1.0], [58, 1.0, 1.0], [57, 3.0, 1.0], [56, 1.0, 0.6], [55, 0.0, 0.6], [54, 0.0, 0.6], [53, 0.0, 0.3], [52, 11.0, 0.3], [51, 1.0, 0.3]]",59,3-20,Sectionals,0,1
Mikhail Sidorov|boys,Cap Rouge,boys,6A,61,7.3,-0.2999999999999998,0.0,60,0,59,59 58 57 56 55 54 53 52 51,"[[59, 0.0, 1.0], [58, 4.0, 1.0], [57, 3.0, 1.0], [56, 0.0, 0.6], [55, 0.0, 0.6], [54, 0.0, 0.6], [53, 0.0, 0.3], [52, 1.0, 0.3], [51, 0.0, 0.3]]",61,3-23,Sectionals,0,0
Navrang|boys,Navrang,boys,6A,62,6.9,-1.299999999999999,0.0,60,0,59,59 58 57 56 55 54 53 52 51,"[[59, 0.0, 1.0], [58, 0.0, 1.0], [57, 0.0, 1.0], [56, 1.0, 0.6], [55, 0.0, 0.6], [54, 0.0, 0.6], [53, 0.0, 0.3], [52, 10.0, 0.3], [51, 11.0, 0.3]]",57,3-18,Sectionals,0,5
San Telmo|boys,San Telmo,boys,6A,63,6.799999999999999,0.6999999999999993,1.0,60,0,59,59 58 57 56 55 54 53 52 51,"[[59, 1.0, 1.0], [58, 1.0, 1.0], [57, 0.0, 1.0], [56, 0.0, 0.6], [55, 3.0, 0.6], [54, 1.0, 0.6], [53, 0.0, 0.3], [52, 8.0, 0.3], [51, 0.0, 0.3]]",41,9-19,Challengers,0,22
Calder|boys,Calder,boys,6A,64,5.9,-1.4999999999999991,0.0,60,0,59,59 58 57 56 55 54 53 52 51,"[[59, 0.0, 1.0], [58, 1.0, 1.0], [57, 1.0, 1.0], [56, 0.0, 0.6], [55, 0.0, 0.6], [54, 0.0, 0.6], [53, 4.0, 0.3], [52, 0.0, 0.3], [51, 9.0, 0.3]]",65,0-21,Sectionals,0,-1
Pauli Booker|boys,Nightfall,boys,6A,65,2.8000000000000003,-0.1999999999999997,1.0,55,0,59,59 58 57 56 55 54 53 52 51,"[[59, 1.0, 1.0], [58, 0.0, 1.0], [57, 0.0, 1.0], [56, 0.0, 0.6], [55, 0.0, 0.6], [54, 0.0, 0.6], [53, 4.0, 0.3], [52, 2.0, 0.3], [51, 0.0, 0.3]]",50,7-20,Semi-Conference,0,15
Baptist HS|boys,Baptist,boys,7A,1,173.3,3.300000000000012,27.0,60,0,59,59 58 57 56 55 54 53 52 51,"[[59, 27.0, 1.0], [58, 39.0, 1.0], [57, 26.0, 1.0], [56, 39.0, 0.6], [55, 39.0, 0.6], [54, 39.0, 0.6], [53, 11.0, 0.3], [52, 9.0, 0.3], [51, 17.0, 0.3]]",2,29-1,Finalist,0,-1
Jefferson School of Science and Technology North|boys,Evans Larsen Day,boys,7A,2,115.1,18.599999999999994,39.0,60,0,59,59 58 57 56 55 54 53 52 51,"[[59, 39.0, 1.0], [58, 10.0, 1.0], [57, 10.0, 1.0], [56, 9.0, 0.6], [55, 16.0, 0.6], [54, 27.0, 0.6], [53, 17.0, 0.3], [52, 39.0, 0.3], [51, 27.0, 0.3]]",1,29-2,Champion,1,1
Romero-Finniski|boys,Romero-Finniski,boys,7A,3,104.0,10.700000000000005,25.0,60,0,59,59 58 57 56 55 54 53 52 51,"[[59, 25.0, 1.0], [58, 10.0, 1.0], [57, 12.0, 1.0], [56, 17.0, 0.6], [55, 27.0, 0.6], [54, 25.0, 0.6], [53, 9.0, 0.3], [52, 26.0, 0.3], [51, 17.0, 0.3]]",4,26-1,Semifinalist,0,-1
Arrieta Treasure Valley|boys,Canyonlands,boys,7A,4,102.4,-15.0,0.0,60,0,59,59 58 57 56 55 54 53 52 51,"[[59, 0.0, 1.0], [58, 25.0, 1.0], [57, 39.0, 1.0], [56, 27.0, 0.6], [55, 25.0, 0.6], [54, 6.0, 0.6], [53, 10.0, 0.3], [52, 1.0, 0.3], [51, 1.0, 0.3]]",50,6-18,Sectionals,0,-46
Condotti Vanguard Academy|boys,Condotti Vanguard Academy,boys,7A,5,94.8,4.6000000000000085,25.0,60,0,59,59 58 57 56 55 54 53 52 51,"[[59, 25.0, 1.0], [58, 16.0, 1.0], [57, 10.0, 1.0], [56, 24.0, 0.6], [55, 8.0, 0.6], [54, 12.0, 0.6], [53, 9.0, 0.3], [52, 10.0, 0.3], [51, 39.0, 0.3]]",3,27-3,Semifinalist,0,2
Cherry Hill East|boys,Cherry Hill East,boys,7A,6,83.69999999999999,-0.3000000000000113,16.0,59,0,59,59 58 57 56 55 54 53 52 51,"[[59, 16.0, 1.0], [58, 10.0, 1.0], [57, 16.0, 1.0], [56, 10.0, 0.6], [55, 16.0, 0.6], [54, 17.0, 0.6], [53, 17.0, 0.3], [52, 12.0, 0.3], [51, 24.0, 0.3]]",7,26-4,Quarterfinalist,0,-1
San Telmo Agricultural Sciences Academy|boys,Orchard Union,boys,7A,7,76.60000000000001,10.800000000000011,16.0,55,0,59,59 58 57 56 55 54 53 52 51,"[[59, 16.0, 1.0], [58, 25.0, 1.0], [57, 17.0, 1.0], [56, 10.0, 0.6], [55, 10.0, 0.6], [54, 9.0, 0.6], [53, 3.0, 0.3], [52, 1.0, 0.3], [51, 0.0, 0.3]]",5,22-6,Quarterfinalist,0,2
José Martí|boys,Trois Ilets,boys,7A,8,73.7,2.299999999999997,7.0,60,0,59,59 58 57 56 55 54 53 52 51,"[[59, 7.0, 1.0], [58, 27.0, 1.0], [57, 25.0, 1.0], [56, 8.0, 0.6], [55, 9.0, 0.6], [54, 5.0, 0.6], [53, 5.0, 0.3], [52, 0.0, 0.3], [51, 0.0, 0.3]]",39,12-16,Parastate,0,-31
Nathaniel Cross|boys,Veles Harbor,boys,7A,9,73.5,5.700000000000003,10.0,60,0,59,59 58 57 56 55 54 53 52 51,"[[59, 10.0, 1.0], [58, 16.0, 1.0], [57, 25.0, 1.0], [56, 10.0, 0.6], [55, 17.0, 0.6], [54, 10.0, 0.6], [53, 1.0, 0.3], [52, 0.0, 0.3], [51, 0.0, 0.3]]",6,27-5,Octofinalist,0,3
Marina Moroz North|boys,B. Harrison,boys,7A,10,64.69999999999999,-3.6000000000000085,12.0,60,0,59,59 58 57 56 55 54 53 52 51,"[[59, 12.0, 1.0], [58, 7.0, 1.0], [57, 10.0, 1.0], [56, 24.0, 0.6], [55, 8.0, 0.6], [54, 8.0, 0.6], [53, 11.0, 0.3], [52, 11.0, 0.3], [51, 17.0, 0.3]]",26,18-17,Round of 32,0,-16
Mission Terrace|boys,Mission Terrace,boys,7A,11,64.6,-14.299999999999995,2.0,60,0,59,59 58 57 56 55 54 53 52 51,"[[59, 2.0, 1.0], [58, 10.0, 1.0], [57, 1.0, 1.0], [56, 7.0, 0.6], [55, 25.0, 0.6], [54, 24.0, 0.6], [53, 39.0, 0.3], [52, 16.0, 0.3], [51, 5.0, 0.3]]",38,11-23,Parastate,0,-27
Nikolai Markov|boys,Christian Brothers,boys,7A,12,61.8,0.0,10.0,60,0,59,59 58 57 56 55 54 53 52 51,"[[59, 10.0, 1.0], [58, 16.0, 1.0], [57, 10.0, 1.0], [56, 16.0, 0.6], [55, 8.0, 0.6], [54, 11.0, 0.6], [53, 1.0, 0.3], [52, 8.0, 0.3], [51, 7.0, 0.3]]",14,18-8,Octofinalist,0,-2
Edith Hart|boys,Bellarmine Prep,boys,7A,13,57.1,-0.2999999999999971,10.0,60,0,59,59 58 57 56 55 54 53 52 51,"[[59, 10.0, 1.0], [58, 9.0, 1.0], [57, 9.0, 1.0], [56, 10.0, 0.6], [55, 16.0, 0.6], [54, 11.0, 0.6], [53, 10.0, 0.3], [52, 6.0, 0.3], [51, 7.0, 0.3]]",13,17-7,Octofinalist,0,0
Parkside|boys,Parkside,boys,7A,14,55.3,3.1000000000000014,10.0,60,0,59,59 58 57 56 55 54 53 52 51,"[[59, 10.0, 1.0], [58, 10.0, 1.0], [57, 11.0, 1.0], [56, 9.0, 0.6], [55, 11.0, 0.6], [54, 10.0, 0.6], [53, 8.0, 0.3], [52, 4.0, 0.3], [51, 9.0, 0.3]]",15,20-5,Octofinalist,0,-1
Amos Moss|boys,Robledo,boys,7A,15,55.1,0.7000000000000028,9.0,60,0,59,59 58 57 56 55 54 53 52 51,"[[59, 9.0, 1.0], [58, 10.0, 1.0], [57, 16.0, 1.0], [56, 17.0, 0.6], [55, 7.0, 0.6], [54, 6.0, 0.6], [53, 5.0, 0.3], [52, 1.0, 0.3], [51, 1.0, 0.3]]",21,21-11,Round of 32,0,-6
Igor Chernov North|boys,Fillmore,boys,7A,16,55.1,-0.5999999999999943,6.0,60,0,59,59 58 57 56 55 54 53 52 51,"[[59, 6.0, 1.0], [58, 9.0, 1.0], [57, 17.0, 1.0], [56, 9.0, 0.6], [55, 10.0, 0.6], [54, 9.0, 0.6], [53, 9.0, 0.3], [52, 0.0, 0.3], [51, 12.0, 0.3]]",33,12-16,Round of 32,0,-17
Brookmont|boys,Brookmont,boys,7A,17,54.6,0.8999999999999986,10.0,60,0,59,59 58 57 56 55 54 53 52 51,"[[59, 10.0, 1.0], [58, 10.0, 1.0], [57, 10.0, 1.0], [56, 16.0, 0.6], [55, 10.0, 0.6], [54, 13.0, 0.6], [53, 0.0, 0.3], [52, 0.0, 0.3], [51, 4.0, 0.3]]",11,23-8,Octofinalist,0,6
Thelma Moss North|boys,Serenity Valley,boys,7A,18,52.3,6.399999999999992,10.0,55,0,59,59 58 57 56 55 54 53 52 51,"[[59, 10.0, 1.0], [58, 9.0, 1.0], [57, 9.0, 1.0], [56, 9.0, 0.6], [55, 12.0, 0.6], [54, 11.0, 0.6], [53, 0.0, 0.3], [52, 12.0, 0.3], [51, 5.0, 0.3]]",16,21-8,Octofinalist,0,2
Selbyville|boys,Selbyville,boys,7A,19,51.3,-4.5,9.0,60,0,59,59 58 57 56 55 54 53 52 51,"[[59, 9.0, 1.0], [58, 11.0, 1.0], [57, 7.0, 1.0], [56, 12.0, 0.6], [55, 3.0, 0.6], [54, 8.0, 0.6], [53, 24.0, 0.3], [52, 4.0, 0.3], [51, 7.0, 0.3]]",23,16-12,Round of 32,0,-4
Thomas Jansen|boys,Lone Pine,boys,7A,20,50.7,12.0,16.0,60,0,59,59 58 57 56 55 54 53 52 51,"[[59, 16.0, 1.0], [58, 10.0, 1.0], [57, 10.0, 1.0], [56, 10.0, 0.6], [55, 9.0, 0.6], [54, 5.0, 0.6], [53, 0.0, 0.3], [52, 1.0, 0.3], [51, 0.0, 0.3]]",12,24-8,Quarterfinalist,0,8
Port Veles Civic Academy|boys,Henson Prep,boys,7A,21,49.3,0.5999999999999943,8.0,60,0,59,59 58 57 56 55 54 53 52 51,"[[59, 8.0, 1.0], [58, 16.0, 1.0], [57, 10.0, 1.0], [56, 8.0, 0.6], [55, 7.0, 0.6], [54, 3.0, 0.6], [53, 5.0, 0.3], [52, 0.0, 0.3], [51, 10.0, 0.3]]",10,22-8,Round of 32,0,11
Lorraine Calder|boys,Morne Rouge,boys,7A,22,48.6,1.8000000000000045,9.0,60,0,59,59 58 57 56 55 54 53 52 51,"[[59, 9.0, 1.0], [58, 6.0, 1.0], [57, 9.0, 1.0], [56, 12.0, 0.6], [55, 4.0, 0.6], [54, 16.0, 0.6], [53, 8.0, 0.3], [52, 0.0, 0.3], [51, 10.0, 0.3]]",19,16-10,Round of 32,0,3
Winifred Stokes|boys,Mesa Co-op,boys,7A,23,48.5,7.599999999999994,11.0,60,0,59,59 58 57 56 55 54 53 52 51,"[[59, 11.0, 1.0], [58, 10.0, 1.0], [57, 11.0, 1.0], [56, 1.0, 0.6], [55, 8.0, 0.6], [54, 1.0, 0.6], [53, 10.0, 0.3], [52, 25.0, 0.3], [51, 0.0, 0.3]]",20,16-9,Octofinalist,0,3
Santa Cruz del Norte|boys,Santa Cruz del Norte,boys,7A,24,45.2,5.100000000000001,10.0,60,0,59,59 58 57 56 55 54 53 52 51,"[[59, 10.0, 1.0], [58, 9.0, 1.0], [57, 10.0, 1.0], [56, 10.0, 0.6], [55, 10.0, 0.6], [54, 7.0, 0.6], [53, 0.0, 0.3], [52, 0.0, 0.3], [51, 0.0, 0.3]]",25,15-13,Round of 32,0,-1
Matteo Dahl|boys,Bywater,boys,7A,25,42.2,5.399999999999999,9.0,60,0,59,59 58 57 56 55 54 53 52 51,"[[59, 9.0, 1.0], [58, 10.0, 1.0], [57, 10.0, 1.0], [56, 9.0, 0.6], [55, 4.0, 0.6], [54, 9.0, 0.6], [53, 0.0, 0.3], [52, 0.0, 0.3], [51, 0.0, 0.3]]",24,17-13,Round of 32,0,1
Lake Esperanza South|boys,Malheur Flat,boys,7A,26,41.9,-0.1999999999999886,10.0,60,0,59,59 58 57 56 55 54 53 52 51,"[[59, 10.0, 1.0], [58, 9.0, 1.0], [57, 1.0, 1.0], [56, 12.0, 0.6], [55, 9.0, 0.6], [54, 0.0, 0.6], [53, 12.0, 0.3], [52, 8.0, 0.3], [51, 11.0, 0.3]]",29,15-14,Round of 32,0,-3
Port Veles East|boys,Clinton,boys,7A,27,41.6,6.099999999999994,10.0,60,0,59,59 58 57 56 55 54 53 52 51,"[[59, 10.0, 1.0], [58, 10.0, 1.0], [57, 9.0, 1.0], [56, 3.0, 0.6], [55, 10.0, 0.6], [54, 0.0, 0.6], [53, 0.0, 0.3], [52, 8.0, 0.3], [51, 8.0, 0.3]]",8,22-5,Octofinalist,0,19
Orchard Gate|boys,Bellefontaine,boys,7A,28,41.39999999999999,6.999999999999986,10.0,60,0,59,59 58 57 56 55 54 53 52 51,"[[59, 10.0, 1.0], [58, 11.0, 1.0], [57, 12.0, 1.0], [56, 0.0, 0.6], [55, 1.0, 0.6], [54, 4.0, 0.6], [53, 1.0, 0.3], [52, 1.0, 0.3], [51, 16.0, 0.3]]",27,15-14,Round of 32,0,1
Zoya Orlov|boys,Sacred Heart,boys,7A,29,39.3,1.499999999999993,9.0,30,0,59,59 58 57 56 55 54 53 52 51,"[[59, 9.0, 1.0], [58, 9.0, 1.0], [57, 9.0, 1.0], [56, 3.0, 0.6], [55, 10.0, 0.6], [54, 1.0, 0.6], [53, 11.0, 0.3], [52, 2.0, 0.3], [51, 0.0, 0.3]]",18,19-11,Round of 32,0,11
Belmonte Classical Academy|boys,J. Madison,boys,7A,30,39.0,3.299999999999997,7.0,60,0,59,59 58 57 56 55 54 53 52 51,"[[59, 7.0, 1.0], [58, 10.0, 1.0], [57, 10.0, 1.0], [56, 4.0, 0.6], [55, 11.0, 0.6], [54, 0.0, 0.6], [53, 7.0, 0.3], [52, 3.0, 0.3], [51, 0.0, 0.3]]",32,13-16,Parastate,0,-2
Wheeler Academy|boys,Wheeler Academy,boys,7A,31,38.6,-2.5999999999999943,6.0,60,0,59,59 58 57 56 55 54 53 52 51,"[[59, 6.0, 1.0], [58, 7.0, 1.0], [57, 1.0, 1.0], [56, 8.0, 0.6], [55, 10.0, 0.6], [54, 8.0, 0.6], [53, 10.0, 0.3], [52, 10.0, 0.3], [51, 10.0, 0.3]]",17,21-11,Round of 32,0,14
Copper Lake West|boys,Azurite,boys,7A,32,36.7,-13.200000000000005,1.0,60,0,59,59 58 57 56 55 54 53 52 51,"[[59, 1.0, 1.0], [58, 3.0, 1.0], [57, 0.0, 1.0], [56, 10.0, 0.6], [55, 10.0, 0.6], [54, 16.0, 0.6], [53, 10.0, 0.3], [52, 17.0, 0.3], [51, 10.0, 0.3]]",40,8-17,Challengers,0,-8
Amalia Escobedo|boys,Petoskey Rock,boys,7A,33,33.7,5.800000000000004,10.0,60,0,59,59 58 57 56 55 54 53 52 51,"[[59, 10.0, 1.0], [58, 9.0, 1.0], [57, 9.0, 1.0], [56, 3.0, 0.6], [55, 0.0, 0.6], [54, 0.0, 0.6], [53, 0.0, 0.3], [52, 5.0, 0.3], [51, 8.0, 0.3]]",31,16-17,Round of 32,0,2
Adela Villaseñor|boys,Cape Jean,boys,7A,34,32.7,4.700000000000003,10.0,60,0,59,59 58 57 56 55 54 53 52 51,"[[59, 10.0, 1.0], [58, 6.0, 1.0], [57, 8.0, 1.0], [56, 5.0, 0.6], [55, 0.0, 0.6], [54, 0.0, 0.6], [53, 1.0, 0.3], [52, 9.0, 0.3], [51, 9.0, 0.3]]",28,18-16,Round of 32,0,6
Ashbury East|boys,Alameda,boys,7A,35,32.0,3.0,6.0,43,0,59,59 58 57 56 55 54 53 52 51,"[[59, 6.0, 1.0], [58, 2.0, 1.0], [57, 6.0, 1.0], [56, 0.0, 0.6], [55, 10.0, 0.6], [54, 11.0, 0.6], [53, 9.0, 0.3], [52, 8.0, 0.3], [51, 1.0, 0.3]]",44,12-21,Parastate,0,-9
Halbrook Union|boys,Deaconsburg,boys,7A,36,30.6,15.700000000000005,16.0,25,0,59,59 58 57 56 55 54 53 52 51,"[[59, 16.0, 1.0], [58, 6.0, 1.0], [57, 5.0, 1.0], [56, 0.0, 0.6], [55, 0.0, 0.6], [54, 0.0, 0.6], [53, 1.0, 0.3], [52, 11.0, 0.3], [51, 0.0, 0.3]]",9,24-4,Quarterfinalist,0,27
Crown Hill|boys,Crown Hill,boys,7A,37,29.8,-3.299999999999997,3.0,60,0,59,59 58 57 56 55 54 53 52 51,"[[59, 3.0, 1.0], [58, 1.0, 1.0], [57, 0.0, 1.0], [56, 9.0, 0.6], [55, 9.0, 0.6], [54, 12.0, 0.6], [53, 9.0, 0.3], [52, 11.0, 0.3], [51, 6.0, 0.3]]",42,8-17,Conference,0,-5
Port Meridian South|boys,Port Meridian South,boys,7A,38,27.3,-10.7,0.0,60,0,59,59 58 57 56 55 54 53 52 51,"[[59, 0.0, 1.0], [58, 0.0, 1.0], [57, 0.0, 1.0], [56, 11.0, 0.6], [55, 9.0, 0.6], [54, 16.0, 0.6], [53, 11.0, 0.3], [52, 0.0, 0.3], [51, 8.0, 0.3]]",58,3-22,Sectionals,0,-20
Breakwater North|boys,Lighthouse,boys,7A,39,26.7,-5.300000000000001,1.0,60,0,59,59 58 57 56 55 54 53 52 51,"[[59, 1.0, 1.0], [58, 1.0, 1.0], [57, 4.0, 1.0], [56, 3.0, 0.6], [55, 3.0, 0.6], [54, 10.0, 0.6], [53, 16.0, 0.3], [52, 9.0, 0.3], [51, 12.0, 0.3]]",47,9-20,Semi-Conference,0,-8
Starlight|boys,Starlight,boys,7A,40,25.5,5.300000000000001,9.0,60,0,59,59 58 57 56 55 54 53 52 51,"[[59, 9.0, 1.0], [58, 7.0, 1.0], [57, 2.0, 1.0], [56, 4.0, 0.6], [55, 1.0, 0.6], [54, 3.0, 0.6], [53, 6.0, 0.3], [52, 0.0, 0.3], [51, 3.0, 0.3]]",22,20-12,Round of 32,0,18
Indigo Rim|boys,Indigo Rim,boys,7A,41,24.9,-1.1000000000000014,6.0,60,0,59,59 58 57 56 55 54 53 52 51,"[[59, 6.0, 1.0], [58, 1.0, 1.0], [57, 8.0, 1.0], [56, 5.0, 0.6], [55, 0.0, 0.6], [54, 2.0, 0.6], [53, 5.0, 0.3], [52, 14.0, 0.3], [51, 0.0, 0.3]]",35,11-20,Parastate,0,6
Gwendolyn Brooks North|boys,Lakewood,boys,7A,42,23.2,-0.1999999999999993,1.0,60,0,59,59 58 57 56 55 54 53 52 51,"[[59, 1.0, 1.0], [58, 5.0, 1.0], [57, 1.0, 1.0], [56, 0.0, 0.6], [55, 9.0, 0.6], [54, 10.0, 0.6], [53, 0.0, 0.3], [52, 6.0, 0.3], [51, 10.0, 0.3]]",37,13-18,Parastate,0,5
Ralph Bellamy|boys,Bellamy,boys,7A,43,20.4,-9.799999999999995,0.0,60,0,59,59 58 57 56 55 54 53 52 51,"[[59, 0.0, 1.0], [58, 0.0, 1.0], [57, 6.0, 1.0], [56, 11.0, 0.6], [55, 0.0, 0.6], [54, 2.0, 0.6], [53, 9.0, 0.3], [52, 9.0, 0.3], [51, 4.0, 0.3]]",51,5-22,Sectionals,0,-8
Copper Lake|boys,Copper Lake,boys,7A,44,20.200000000000003,2.8000000000000043,7.0,60,0,59,59 58 57 56 55 54 53 52 51,"[[59, 7.0, 1.0], [58, 2.0, 1.0], [57, 7.0, 1.0], [56, 3.0, 0.6], [55, 0.0, 0.6], [54, 0.0, 0.6], [53, 0.0, 0.3], [52, 6.0, 0.3], [51, 2.0, 0.3]]",30,15-14,Round of 32,0,14
Roscoe Bennett North|boys,Narragansett,boys,7A,45,19.8,-6.300000000000001,3.0,60,0,59,59 58 57 56 55 54 53 52 51,"[[59, 3.0, 1.0], [58, 5.0, 1.0], [57, 1.0, 1.0], [56, 0.0, 0.6], [55, 0.0, 0.6], [54, 0.0, 0.6], [53, 24.0, 0.3], [52, 8.0, 0.3], [51, 4.0, 0.3]]",46,9-20,Conference,0,-1
Los Robles|boys,Los Robles,boys,7A,46,19.3,-5.900000000000006,1.0,60,0,59,59 58 57 56 55 54 53 52 51,"[[59, 1.0, 1.0], [58, 0.0, 1.0], [57, 0.0, 1.0], [56, 9.0, 0.6], [55, 7.0, 0.6], [54, 5.0, 0.6], [53, 1.0, 0.3], [52, 6.0, 0.3], [51, 12.0, 0.3]]",48,8-20,Semi-Conference,0,-2
Bellacosta|boys,Bellacosta,boys,7A,47,18.6,-10.900000000000002,0.0,60,0,59,59 58 57 56 55 54 53 52 51,"[[59, 0.0, 1.0], [58, 0.0, 1.0], [57, 0.0, 1.0], [56, 1.0, 0.6], [55, 1.0, 0.6], [54, 7.0, 0.6], [53, 26.0, 0.3], [52, 17.0, 0.3], [51, 1.0, 0.3]]",55,6-16,Sectionals,0,-8
Bahía Leal|boys,Bahía Leal,boys,7A,48,18.0,-7.300000000000004,0.0,60,0,59,59 58 57 56 55 54 53 52 51,"[[59, 0.0, 1.0], [58, 0.0, 1.0], [57, 0.0, 1.0], [56, 1.0, 0.6], [55, 3.0, 0.6], [54, 10.0, 0.6], [53, 6.0, 0.3], [52, 1.0, 0.3], [51, 25.0, 0.3]]",49,5-15,Sectionals,0,-1
Kettle Ridge|boys,Kettle Ridge,boys,7A,49,15.0,-5.399999999999999,0.0,60,0,59,59 58 57 56 55 54 53 52 51,"[[59, 0.0, 1.0], [58, 0.0, 1.0], [57, 0.0, 1.0], [56, 0.0, 0.6], [55, 0.0, 0.6], [54, 8.0, 0.6], [53, 16.0, 0.3], [52, 8.0, 0.3], [51, 10.0, 0.3]]",54,7-23,Sectionals,0,-5
St. Helena College Prep|boys,Swiss Hills Prep,boys,7A,50,14.6,-7.1999999999999975,1.0,60,0,59,59 58 57 56 55 54 53 52 51,"[[59, 1.0, 1.0], [58, 1.0, 1.0], [57, 3.0, 1.0], [56, 1.0, 0.6], [55, 1.0, 0.6], [54, 3.0, 0.6], [53, 13.0, 0.3], [52, 8.0, 0.3], [51, 1.0, 0.3]]",41,9-19,Challengers,0,9
Puerto de los Reyes School of Commerce|boys,Reyes Landing,boys,7A,51,13.8,-4.199999999999999,1.0,55,0,59,59 58 57 56 55 54 53 52 51,"[[59, 1.0, 1.0], [58, 1.0, 1.0], [57, 1.0, 1.0], [56, 4.0, 0.6], [55, 0.0, 0.6], [54, 0.0, 0.6], [53, 3.0, 0.3], [52, 22.0, 0.3], [51, 3.0, 0.3]]",43,6-18,Semi-Conference,0,8
St. Agnes Academy|boys,Jacmel,boys,7A,52,12.599999999999998,-4.300000000000001,0.0,60,0,59,59 58 57 56 55 54 53 52 51,"[[59, 0.0, 1.0], [58, 0.0, 1.0], [57, 0.0, 1.0], [56, 1.0, 0.6], [55, 6.0, 0.6], [54, 1.0, 0.6], [53, 8.0, 0.3], [52, 9.0, 0.3], [51, 9.0, 0.3]]",61,1-18,Sectionals,0,-9
Daniel Gaines North|boys,Tensas,boys,7A,53,10.699999999999998,-0.9000000000000021,0.0,60,0,59,59 58 57 56 55 54 53 52 51,"[[59, 0.0, 1.0], [58, 0.0, 1.0], [57, 2.0, 1.0], [56, 0.0, 0.6], [55, 3.0, 0.6], [54, 4.0, 0.6], [53, 2.0, 0.3], [52, 11.0, 0.3], [51, 2.0, 0.3]]",34,11-15,Parastate,0,19
Delbarton|boys,Delbarton,boys,7A,54,8.5,0.7000000000000002,1.0,60,0,59,59 58 57 56 55 54 53 52 51,"[[59, 1.0, 1.0], [58, 0.0, 1.0], [57, 0.0, 1.0], [56, 0.0, 0.6], [55, 4.0, 0.6], [54, 1.0, 0.6], [53, 0.0, 0.3], [52, 7.0, 0.3], [51, 8.0, 0.3]]",36,10-18,Parastate,0,18
Sluice Crossing|boys,Crossing,boys,7A,55,8.4,-1.200000000000001,0.0,60,0,59,59 58 57 56 55 54 53 52 51,"[[59, 0.0, 1.0], [58, 0.0, 1.0], [57, 0.0, 1.0], [56, 0.0, 0.6], [55, 0.0, 0.6], [54, 10.0, 0.6], [53, 4.0, 0.3], [52, 1.0, 0.3], [51, 3.0, 0.3]]",60,2-21,Sectionals,0,-5
Winifred Davenport|boys,Lost River,boys,7A,56,8.2,-3.0,0.0,30,0,59,59 58 57 56 55 54 53 52 51,"[[59, 0.0, 1.0], [58, 0.0, 1.0], [57, 1.0, 1.0], [56, 0.0, 0.6], [55, 1.0, 0.6], [54, 1.0, 0.6], [53, 1.0, 0.3], [52, 15.0, 0.3], [51, 4.0, 0.3]]",52,4-18,Sectionals,0,4
Isabel Lucero|boys,El Sereno,boys,7A,57,7.8,-5.4,0.0,60,0,59,59 58 57 56 55 54 53 52 51,"[[59, 0.0, 1.0], [58, 0.0, 1.0], [57, 0.0, 1.0], [56, 3.0, 0.6], [55, 0.0, 0.6], [54, 0.0, 0.6], [53, 9.0, 0.3], [52, 0.0, 0.3], [51, 11.0, 0.3]]",62,1-23,Sectionals,0,-5
Mercer City|boys,Mercer City,boys,7A,58,6.9,-5.699999999999999,0.0,60,0,59,59 58 57 56 55 54 53 52 51,"[[59, 0.0, 1.0], [58, 0.0, 1.0], [57, 0.0, 1.0], [56, 0.0, 0.6], [55, 1.0, 0.6], [54, 0.0, 0.6], [53, 2.0, 0.3], [52, 11.0, 0.3], [51, 8.0, 0.3]]",53,5-19,Sectionals,0,5
Ruby Stokes|boys,Klamath,boys,7A,59,5.199999999999999,2.3999999999999995,3.0,60,0,59,59 58 57 56 55 54 53 52 51,"[[59, 3.0, 1.0], [58, 0.0, 1.0], [57, 1.0, 1.0], [56, 0.0, 0.6], [55, 0.0, 0.6], [54, 1.0, 0.6], [53, 2.0, 0.3], [52, 0.0, 0.3], [51, 0.0, 0.3]]",45,9-22,Conference,0,14
Cedarport|boys,North San Francisco,boys,7A,60,3.8,-3.3999999999999995,0.0,60,0,59,59 58 57 56 55 54 53 52 51,"[[59, 0.0, 1.0], [58, 1.0, 1.0], [57, 1.0, 1.0], [56, 1.0, 0.6], [55, 0.0, 0.6], [54, 0.0, 0.6], [53, 1.0, 0.3], [52, 0.0, 0.3], [51, 3.0, 0.3]]",56,5-21,Sectionals,0,4
Walter Hart North|boys,Wicomico,boys,7A,61,3.4000000000000004,-1.7999999999999998,0.0,60,0,59,59 58 57 56 55 54 53 52 51,"[[59, 0.0, 1.0], [58, 1.0, 1.0], [57, 0.0, 1.0], [56, 0.0, 0.6], [55, 0.0, 0.6], [54, 0.0, 0.6], [53, 0.0, 0.3], [52, 1.0, 0.3], [51, 7.0, 0.3]]",57,3-20,Sectionals,0,4
Starlight School of Science and Industry|boys,Observatory,boys,7A,62,0.0,0.0,0.0,60,0,59,59 58 57 56 55 54 53 52 51,"[[59, 0.0, 1.0], [58, 0.0, 1.0], [57, 0.0, 1.0], [56, 0.0, 0.6], [55, 0.0, 0.6], [54, 0.0, 0.6], [53, 0.0, 0.3], [52, 0.0, 0.3], [51, 0.0, 0.3]]",59,3-27,Sectionals,0,3
Pacific Gate|boys,Pacific Gate,boys,8A,1,120.6,5.400000000000006,25.0,60,0,59,59 58 57 56 55 54 53 52 51,"[[59, 25.0, 1.0], [58, 26.0, 1.0], [57, 27.0, 1.0], [56, 25.0, 0.6], [55, 38.0, 0.6], [54, 0.0, 0.6], [53, 8.0, 0.3], [52, 4.0, 0.3], [51, 4.0, 0.3]]",4,29-3,Semifinalist,0,-3
Belyakov|boys,East Moscow,boys,8A,2,110.3,2.5,16.0,60,0,59,59 58 57 56 55 54 53 52 51,"[[59, 16.0, 1.0], [58, 16.0, 1.0], [57, 39.0, 1.0], [56, 27.0, 0.6], [55, 27.0, 0.6], [54, 7.0, 0.6], [53, 0.0, 0.3], [52, 7.0, 0.3], [51, 2.0, 0.3]]",3,23-4,Quarterfinalist,0,-1
St. Sophia Preparatory|boys,Marshfield Prep,boys,8A,3,107.6,3.4000000000000057,16.0,55,0,59,59 58 57 56 55 54 53 52 51,"[[59, 16.0, 1.0], [58, 39.0, 1.0], [57, 25.0, 1.0], [56, 24.0, 0.6], [55, 9.0, 0.6], [54, 2.0, 0.6], [53, 0.0, 0.3], [52, 6.0, 0.3], [51, 16.0, 0.3]]",6,24-4,Quarterfinalist,0,-3
Andrew Jackson North|boys,Chaparral,boys,8A,4,92.5,-17.39999999999999,0.0,55,0,59,59 58 57 56 55 54 53 52 51,"[[59, 0.0, 1.0], [58, 24.0, 1.0], [57, 25.0, 1.0], [56, 39.0, 0.6], [55, 17.0, 0.6], [54, 11.0, 0.6], [53, 0.0, 0.3], [52, 11.0, 0.3], [51, 0.0, 0.3]]",66,7-19,Areas,0,-62
Olive Head|boys,Olive Head,boys,8A,5,82.6,3.799999999999997,16.0,60,0,59,59 58 57 56 55 54 53 52 51,"[[59, 16.0, 1.0], [58, 11.0, 1.0], [57, 10.0, 1.0], [56, 17.0, 0.6], [55, 0.0, 0.6], [54, 39.0, 0.6], [53, 11.0, 0.3], [52, 24.0, 0.3], [51, 5.0, 0.3]]",11,26-4,Quarterfinalist,0,-6
Bend Senior High|boys,Bend Senior,boys,8A,6,76.6,3.000000000000014,10.0,37,0,59,59 58 57 56 55 54 53 52 51,"[[59, 10.0, 1.0], [58, 25.0, 1.0], [57, 8.0, 1.0], [56, 10.0, 0.6], [55, 25.0, 0.6], [54, 10.0, 0.6], [53, 8.0, 0.3], [52, 7.0, 0.3], [51, 7.0, 0.3]]",13,21-5,Octofinalist,0,-7
Manuel Robles|boys,Asteroid City,boys,8A,7,71.39999999999999,31.099999999999994,39.0,30,0,59,59 58 57 56 55 54 53 52 51,"[[59, 39.0, 1.0], [58, 9.0, 1.0], [57, 0.0, 1.0], [56, 10.0, 0.6], [55, 3.0, 0.6], [54, 8.0, 0.6], [53, 3.0, 0.3], [52, 9.0, 0.3], [51, 24.0, 0.3]]",7,31-1,Champion,1,0
Port Veles Foundry High|boys,Seawall,boys,8A,8,67.10000000000001,22.40000000000001,26.0,55,0,59,59 58 57 56 55 54 53 52 51,"[[59, 26.0, 1.0], [58, 17.0, 1.0], [57, 16.0, 1.0], [56, 9.0, 0.6], [55, 2.0, 0.6], [54, 0.0, 0.6], [53, 0.0, 0.3], [52, 0.0, 0.3], [51, 5.0, 0.3]]",5,28-4,Finalist,0,3
Plainfield Science|boys,Plainfield,boys,8A,9,61.9,1.2000000000000028,10.0,52,0,59,59 58 57 56 55 54 53 52 51,"[[59, 10.0, 1.0], [58, 10.0, 1.0], [57, 17.0, 1.0], [56, 10.0, 0.6], [55, 8.0, 0.6], [54, 10.0, 0.6], [53, 0.0, 0.3], [52, 0.0, 0.3], [51, 27.0, 0.3]]",9,22-8,Octofinalist,0,0
Sofía Aranda|boys,Montclair,boys,8A,10,59.1,2.9000000000000057,10.0,60,0,59,59 58 57 56 55 54 53 52 51,"[[59, 10.0, 1.0], [58, 17.0, 1.0], [57, 0.0, 1.0], [56, 11.0, 0.6], [55, 24.0, 0.6], [54, 10.0, 0.6], [53, 9.0, 0.3], [52, 8.0, 0.3], [51, 0.0, 0.3]]",10,22-5,Octofinalist,0,0
Santa Michaela Harbor Gate|boys,Tidegate,boys,8A,11,58.5,22.200000000000003,25.0,60,0,59,59 58 57 56 55 54 53 52 51,"[[59, 25.0, 1.0], [58, 16.0, 1.0], [57, 10.0, 1.0], [56, 7.0, 0.6], [55, 0.0, 0.6], [54, 0.0, 0.6], [53, 0.0, 0.3], [52, 10.0, 0.3], [51, 1.0, 0.3]]",2,36-4,Semifinalist,0,9
Minnesota City|boys,Minnesota City,boys,8A,12,55.0,-10.5,10.0,49,0,59,59 58 57 56 55 54 53 52 51,"[[59, 10.0, 1.0], [58, 0.0, 1.0], [57, 0.0, 1.0], [56, 16.0, 0.6], [55, 17.0, 0.6], [54, 25.0, 0.6], [53, 8.0, 0.3], [52, 9.0, 0.3], [51, 17.0, 0.3]]",8,21-6,Octofinalist,0,4
Harlan Tillman|boys,Xavier College Prep,boys,8A,13,53.6,1.7999999999999972,10.0,60,0,59,59 58 57 56 55 54 53 52 51,"[[59, 10.0, 1.0], [58, 10.0, 1.0], [57, 9.0, 1.0], [56, 10.0, 0.6], [55, 14.0, 0.6], [54, 9.0, 0.6], [53, 5.0, 0.3], [52, 0.0, 0.3], [51, 11.0, 0.3]]",28,19-13,Round of 32,0,-15
Valderra Technical Arts Academy|boys,D. Eisenhower,boys,8A,14,53.400000000000006,3.6000000000000014,10.0,60,0,59,59 58 57 56 55 54 53 52 51,"[[59, 10.0, 1.0], [58, 10.0, 1.0], [57, 10.0, 1.0], [56, 16.0, 0.6], [55, 16.0, 0.6], [54, 5.0, 0.6], [53, 0.0, 0.3], [52, 4.0, 0.3], [51, 0.0, 0.3]]",17,25-6,Octofinalist,0,-3
St. Sebastian Prep North|boys,Sherwood Bench,boys,8A,15,49.7,5.100000000000001,10.0,60,0,59,59 58 57 56 55 54 53 52 51,"[[59, 10.0, 1.0], [58, 10.0, 1.0], [57, 6.0, 1.0], [56, 10.0, 0.6], [55, 10.0, 0.6], [54, 8.0, 0.6], [53, 0.0, 0.3], [52, 16.0, 0.3], [51, 7.0, 0.3]]",12,25-7,Octofinalist,0,3
Caswell I-50 Technical|boys,Cherry Hill South,boys,8A,16,46.49999999999999,-9.000000000000007,0.0,37,0,59,59 58 57 56 55 54 53 52 51,"[[59, 0.0, 1.0], [58, 0.0, 1.0], [57, 0.0, 1.0], [56, 9.0, 0.6], [55, 10.0, 0.6], [54, 27.0, 0.6], [53, 8.0, 0.3], [52, 17.0, 0.3], [51, 38.0, 0.3]]",60,8-18,Areas,0,-44
Yelena Sokolov|boys,Bowerstock,boys,8A,17,45.2,16.400000000000002,17.0,60,0,59,59 58 57 56 55 54 53 52 51,"[[59, 17.0, 1.0], [58, 10.0, 1.0], [57, 14.0, 1.0], [56, 0.0, 0.6], [55, 6.0, 0.6], [54, 0.0, 0.6], [53, 2.0, 0.3], [52, 0.0, 0.3], [51, 0.0, 0.3]]",1,34-2,Quarterfinalist,0,16
Fort Meriwether Breakwater|boys,Breakwater,boys,8A,18,44.0,6.0,10.0,55,0,59,59 58 57 56 55 54 53 52 51,"[[59, 10.0, 1.0], [58, 9.0, 1.0], [57, 10.0, 1.0], [56, 10.0, 0.6], [55, 10.0, 0.6], [54, 5.0, 0.6], [53, 0.0, 0.3], [52, 0.0, 0.3], [51, 0.0, 0.3]]",15,20-6,Octofinalist,0,3
Montelago|boys,Montelago,boys,8A,19,43.2,7.499999999999993,11.0,60,0,59,59 58 57 56 55 54 53 52 51,"[[59, 11.0, 1.0], [58, 4.0, 1.0], [57, 6.0, 1.0], [56, 5.0, 0.6], [55, 4.0, 0.6], [54, 17.0, 0.6], [53, 5.0, 0.3], [52, 13.0, 0.3], [51, 4.0, 0.3]]",30,24-12,Round of 32,0,-11
Ditch Fork|boys,Ditch Fork,boys,8A,20,42.6,-6.5,0.0,60,0,59,59 58 57 56 55 54 53 52 51,"[[59, 0.0, 1.0], [58, 11.0, 1.0], [57, 16.0, 1.0], [56, 8.0, 0.6], [55, 3.0, 0.6], [54, 7.0, 0.6], [53, 1.0, 0.3], [52, 6.0, 0.3], [51, 9.0, 0.3]]",48,8-14,Sectionals,0,-28
Javier Alvarado|boys,Okefenokee,boys,8A,21,42.2,10.0,10.0,60,0,59,59 58 57 56 55 54 53 52 51,"[[59, 10.0, 1.0], [58, 9.0, 1.0], [57, 16.0, 1.0], [56, 0.0, 0.6], [55, 0.0, 0.6], [54, 12.0, 0.6], [53, 0.0, 0.3], [52, 0.0, 0.3], [51, 0.0, 0.3]]",24,25-10,Round of 32,0,-3
Paddock County|boys,Paddock County,boys,8A,22,40.9,-1.1999999999999955,9.0,60,0,59,59 58 57 56 55 54 53 52 51,"[[59, 9.0, 1.0], [58, 4.0, 1.0], [57, 9.0, 1.0], [56, 9.0, 0.6], [55, 0.0, 0.6], [54, 7.0, 0.6], [53, 6.0, 0.3], [52, 9.0, 0.3], [51, 16.0, 0.3]]",20,23-10,Round of 32,0,2
Ukiah High|boys,Ukiah,boys,8A,23,40.6,-0.2000000000000028,9.0,38,0,59,59 58 57 56 55 54 53 52 51,"[[59, 9.0, 1.0], [58, 10.0, 1.0], [57, 9.0, 1.0], [56, 8.0, 0.6], [55, 9.0, 0.6], [54, 0.0, 0.6], [53, 8.0, 0.3], [52, 0.0, 0.3], [51, 0.0, 0.3]]",16,25-10,Round of 32,0,7
Igor Chernov|boys,Taylor,boys,8A,24,40.400000000000006,2.0,6.0,60,0,59,59 58 57 56 55 54 53 52 51,"[[59, 6.0, 1.0], [58, 5.0, 1.0], [57, 9.0, 1.0], [56, 10.0, 0.6], [55, 8.0, 0.6], [54, 9.0, 0.6], [53, 0.0, 0.3], [52, 9.0, 0.3], [51, 5.0, 0.3]]",40,17-19,Parastate,0,-16
Belyakov School of Science and Industry|boys,Kongisburg,boys,8A,25,39.9,-8.5,2.0,60,0,59,59 58 57 56 55 54 53 52 51,"[[59, 2.0, 1.0], [58, 0.0, 1.0], [57, 1.0, 1.0], [56, 9.0, 0.6], [55, 11.0, 0.6], [54, 25.0, 0.6], [53, 18.0, 0.3], [52, 5.0, 0.3], [51, 10.0, 0.3]]",39,17-15,Parastate,0,-14
North Fork|boys,Dry Fork,boys,8A,26,39.7,-8.299999999999997,8.0,55,0,59,59 58 57 56 55 54 53 52 51,"[[59, 8.0, 1.0], [58, 9.0, 1.0], [57, 2.0, 1.0], [56, 16.0, 0.6], [55, 0.0, 0.6], [54, 0.0, 0.6], [53, 25.0, 0.3], [52, 2.0, 0.3], [51, 10.0, 0.3]]",45,14-14,Parastate,0,-19
Gwendolyn Brooks|boys,Brooks,boys,8A,27,38.4,0.5,9.0,60,0,59,59 58 57 56 55 54 53 52 51,"[[59, 9.0, 1.0], [58, 7.0, 1.0], [57, 5.0, 1.0], [56, 10.0, 0.6], [55, 5.0, 0.6], [54, 3.0, 0.6], [53, 7.0, 0.3], [52, 7.0, 0.3], [51, 8.0, 0.3]]",27,19-12,Round of 32,0,0
Las Palmas North|boys,Natchitoches,boys,8A,28,38.0,5.399999999999999,9.0,60,0,59,59 58 57 56 55 54 53 52 51,"[[59, 9.0, 1.0], [58, 10.0, 1.0], [57, 10.0, 1.0], [56, 9.0, 0.6], [55, 6.0, 0.6], [54, 0.0, 0.6], [53, 0.0, 0.3], [52, 0.0, 0.3], [51, 0.0, 0.3]]",14,26-10,Round of 32,0,14
Olivet County|boys,Olivet County,boys,8A,29,37.0,6.899999999999999,9.0,60,0,59,59 58 57 56 55 54 53 52 51,"[[59, 9.0, 1.0], [58, 8.0, 1.0], [57, 11.0, 1.0], [56, 0.0, 0.6], [55, 1.0, 0.6], [54, 8.0, 0.6], [53, 7.0, 0.3], [52, 5.0, 0.3], [51, 0.0, 0.3]]",21,21-7,Round of 32,0,8
Nicolás Villalba|boys,Temescal,boys,8A,30,36.6,-7.099999999999994,1.0,60,0,59,59 58 57 56 55 54 53 52 51,"[[59, 1.0, 1.0], [58, 9.0, 1.0], [57, 11.0, 1.0], [56, 6.0, 0.6], [55, 0.0, 0.6], [54, 0.0, 0.6], [53, 8.0, 0.3], [52, 16.0, 0.3], [51, 16.0, 0.3]]",25,22-15,Parastate,0,5
Lena Talltree|boys,Dogpatch,boys,8A,31,35.8,-8.300000000000004,6.0,60,0,59,59 58 57 56 55 54 53 52 51,"[[59, 6.0, 1.0], [58, 11.0, 1.0], [57, 8.0, 1.0], [56, 11.0, 0.6], [55, 1.0, 0.6], [54, 0.0, 0.6], [53, 6.0, 0.3], [52, 1.0, 0.3], [51, 5.0, 0.3]]",33,21-13,Parastate,0,-2
Las Palmas|boys,Tuscaloosa,boys,8A,32,35.49999999999999,-10.800000000000004,0.0,60,0,59,59 58 57 56 55 54 53 52 51,"[[59, 0.0, 1.0], [58, 1.0, 1.0], [57, 0.0, 1.0], [56, 9.0, 0.6], [55, 8.0, 0.6], [54, 17.0, 0.6], [53, 24.0, 0.3], [52, 17.0, 0.3], [51, 6.0, 0.3]]",55,7-16,Areas,0,-23
San Borondón Environmental Sciences Academy|boys,Sotavento,boys,8A,33,33.5,-1.5,2.0,55,0,59,59 58 57 56 55 54 53 52 51,"[[59, 2.0, 1.0], [58, 5.0, 1.0], [57, 10.0, 1.0], [56, 5.0, 0.6], [55, 8.0, 0.6], [54, 12.0, 0.6], [53, 5.0, 0.3], [52, 0.0, 0.3], [51, 0.0, 0.3]]",35,17-14,Parastate,0,-2
Abraham Lincoln|boys,Lincoln,boys,8A,34,32.8,3.599999999999998,8.0,52,0,59,59 58 57 56 55 54 53 52 51,"[[59, 8.0, 1.0], [58, 11.0, 1.0], [57, 0.0, 1.0], [56, 5.0, 0.6], [55, 5.0, 0.6], [54, 9.0, 0.6], [53, 8.0, 0.3], [52, 0.0, 0.3], [51, 0.0, 0.3]]",32,19-15,Round of 32,0,2
Caldera High|boys,Caldera,boys,8A,35,32.4,6.199999999999999,11.0,38,0,59,59 58 57 56 55 54 53 52 51,"[[59, 11.0, 1.0], [58, 7.0, 1.0], [57, 9.0, 1.0], [56, 3.0, 0.6], [55, 0.0, 0.6], [54, 0.0, 0.6], [53, 12.0, 0.3], [52, 0.0, 0.3], [51, 0.0, 0.3]]",26,19-11,Round of 32,0,9
Orellana|boys,Orellana Central,boys,8A,36,31.8,3.3999999999999986,5.0,60,0,59,59 58 57 56 55 54 53 52 51,"[[59, 5.0, 1.0], [58, 8.0, 1.0], [57, 11.0, 1.0], [56, 4.0, 0.6], [55, 1.0, 0.6], [54, 8.0, 0.6], [53, 0.0, 0.3], [52, 0.0, 0.3], [51, 0.0, 0.3]]",22,18-14,Round of 32,0,14
Nicolás Quiñones|boys,Stonehaven,boys,8A,37,31.5,0.1000000000000014,8.0,20,0,59,59 58 57 56 55 54 53 52 51,"[[59, 8.0, 1.0], [58, 8.0, 1.0], [57, 8.0, 1.0], [56, 1.0, 0.6], [55, 0.0, 0.6], [54, 0.0, 0.6], [53, 0.0, 0.3], [52, 13.0, 0.3], [51, 10.0, 0.3]]",19,26-7,Round of 32,0,18
Lower Lake High|boys,Lower Lake,boys,8A,38,29.9,5.5,9.0,37,0,59,59 58 57 56 55 54 53 52 51,"[[59, 9.0, 1.0], [58, 6.0, 1.0], [57, 11.0, 1.0], [56, 2.0, 0.6], [55, 0.0, 0.6], [54, 0.0, 0.6], [53, 9.0, 0.3], [52, 0.0, 0.3], [51, 0.0, 0.3]]",18,22-8,Round of 32,0,20
Larchmont Ridge|boys,Larchmont Ridge,boys,8A,39,29.6,-10.7,1.0,37,0,59,59 58 57 56 55 54 53 52 51,"[[59, 1.0, 1.0], [58, 0.0, 1.0], [57, 10.0, 1.0], [56, 9.0, 0.6], [55, 12.0, 0.6], [54, 0.0, 0.6], [53, 11.0, 0.3], [52, 0.0, 0.3], [51, 9.0, 0.3]]",50,11-14,Semi-Conference,0,-11
Ruby Stokes North|boys,Forks Harbor,boys,8A,40,28.6,-2.3999999999999986,0.0,55,0,59,59 58 57 56 55 54 53 52 51,"[[59, 0.0, 1.0], [58, 5.0, 1.0], [57, 8.0, 1.0], [56, 6.0, 0.6], [55, 9.0, 0.6], [54, 11.0, 0.6], [53, 0.0, 0.3], [52, 0.0, 0.3], [51, 0.0, 0.3]]",37,13-14,Parastate,0,3
Gabriel Zúñiga|boys,Longfellow,boys,8A,41,25.2,2.6999999999999997,5.0,60,0,59,59 58 57 56 55 54 53 52 51,"[[59, 5.0, 1.0], [58, 0.0, 1.0], [57, 4.0, 1.0], [56, 2.0, 0.6], [55, 10.0, 0.6], [54, 5.0, 0.6], [53, 5.0, 0.3], [52, 10.0, 0.3], [51, 5.0, 0.3]]",29,21-11,Parastate,0,12
Caswell|boys,Caswell,boys,8A,42,23.200000000000003,-1.8999999999999984,3.0,60,0,59,59 58 57 56 55 54 53 52 51,"[[59, 3.0, 1.0], [58, 0.0, 1.0], [57, 7.0, 1.0], [56, 4.0, 0.6], [55, 6.0, 0.6], [54, 3.0, 0.6], [53, 1.0, 0.3], [52, 6.0, 0.3], [51, 11.0, 0.3]]",31,20-15,Parastate,0,11
Bell|boys,Bell,boys,8A,43,22.599999999999994,8.099999999999996,9.0,60,0,59,59 58 57 56 55 54 53 52 51,"[[59, 9.0, 1.0], [58, 3.0, 1.0], [57, 1.0, 1.0], [56, 0.0, 0.6], [55, 7.0, 0.6], [54, 6.0, 0.6], [53, 3.0, 0.3], [52, 3.0, 0.3], [51, 0.0, 0.3]]",34,20-16,Round of 32,0,9
Altamonte Civic Leadership Academy|boys,Senator Gray,boys,8A,44,22.5,-10.300000000000004,0.0,55,0,59,59 58 57 56 55 54 53 52 51,"[[59, 0.0, 1.0], [58, 0.0, 1.0], [57, 0.0, 1.0], [56, 10.0, 0.6], [55, 11.0, 0.6], [54, 11.0, 0.6], [53, 9.0, 0.3], [52, 0.0, 0.3], [51, 2.0, 0.3]]",65,6-20,Areas,0,-21
Annie Springs Crater View|boys,Crater View,boys,8A,45,22.1,9.000000000000002,9.0,37,0,59,59 58 57 56 55 54 53 52 51,"[[59, 9.0, 1.0], [58, 5.0, 1.0], [57, 3.0, 1.0], [56, 0.0, 0.6], [55, 0.0, 0.6], [54, 0.0, 0.6], [53, 0.0, 0.3], [52, 10.0, 0.3], [51, 7.0, 0.3]]",23,21-11,Round of 32,0,22
Bardsley County|boys,Bardsley County,boys,8A,46,20.9,-5.100000000000001,1.0,60,0,59,59 58 57 56 55 54 53 52 51,"[[59, 1.0, 1.0], [58, 4.0, 1.0], [57, 0.0, 1.0], [56, 1.0, 0.6], [55, 9.0, 0.6], [54, 0.0, 0.6], [53, 12.0, 0.3], [52, 11.0, 0.3], [51, 10.0, 0.3]]",47,12-15,Parastate,0,-1
Yuri Chernov|boys,Sunset Hills,boys,8A,47,19.2,-10.400000000000002,0.0,60,0,59,59 58 57 56 55 54 53 52 51,"[[59, 0.0, 1.0], [58, 0.0, 1.0], [57, 0.0, 1.0], [56, 5.0, 0.6], [55, 9.0, 0.6], [54, 0.0, 0.6], [53, 28.0, 0.3], [52, 8.0, 0.3], [51, 0.0, 0.3]]",43,14-17,Parastate,0,4
Oskar Weiss|boys,Waldo,boys,8A,48,18.6,-7.799999999999997,0.0,60,0,59,59 58 57 56 55 54 53 52 51,"[[59, 0.0, 1.0], [58, 0.0, 1.0], [57, 0.0, 1.0], [56, 0.0, 0.6], [55, 0.0, 0.6], [54, 7.0, 0.6], [53, 9.0, 0.3], [52, 39.0, 0.3], [51, 0.0, 0.3]]",71,4-22,Areas,0,-23
Lillian Stokes|boys,Franklin,boys,8A,49,18.6,-8.400000000000002,0.0,60,0,59,59 58 57 56 55 54 53 52 51,"[[59, 0.0, 1.0], [58, 0.0, 1.0], [57, 0.0, 1.0], [56, 0.0, 0.6], [55, 8.0, 0.6], [54, 13.0, 0.6], [53, 16.0, 0.3], [52, 4.0, 0.3], [51, 0.0, 0.3]]",77,2-22,Areas,0,-28
Oksana Romanov|boys,Archbishop Gregory,boys,8A,50,18.3,-3.399999999999995,0.0,60,0,59,59 58 57 56 55 54 53 52 51,"[[59, 0.0, 1.0], [58, 0.0, 1.0], [57, 0.0, 1.0], [56, 1.0, 0.6], [55, 6.0, 0.6], [54, 8.0, 0.6], [53, 1.0, 0.3], [52, 24.0, 0.3], [51, 6.0, 0.3]]",52,10-18,Areas,0,-2
Mesa Dorada|boys,Mesa Dorada,boys,8A,51,17.7,-1.1999999999999993,0.0,60,0,59,59 58 57 56 55 54 53 52 51,"[[59, 0.0, 1.0], [58, 0.0, 1.0], [57, 0.0, 1.0], [56, 0.0, 0.6], [55, 11.0, 0.6], [54, 16.0, 0.6], [53, 4.0, 0.3], [52, 1.0, 0.3], [51, 0.0, 0.3]]",72,5-23,Areas,0,-21
Svenja Ekström|boys,Memorial,boys,8A,52,17.4,5.999999999999998,6.0,55,0,59,59 58 57 56 55 54 53 52 51,"[[59, 6.0, 1.0], [58, 8.0, 1.0], [57, 1.0, 1.0], [56, 0.0, 0.6], [55, 4.0, 0.6], [54, 0.0, 0.6], [53, 0.0, 0.3], [52, 0.0, 0.3], [51, 0.0, 0.3]]",42,15-15,Round of 32,0,10
Holy Cross|boys,Holy Cross,boys,8A,53,16.5,-12.599999999999998,0.0,60,0,59,59 58 57 56 55 54 53 52 51,"[[59, 0.0, 1.0], [58, 0.0, 1.0], [57, 0.0, 1.0], [56, 0.0, 0.6], [55, 0.0, 0.6], [54, 0.0, 0.6], [53, 39.0, 0.3], [52, 9.0, 0.3], [51, 7.0, 0.3]]",68,7-23,Areas,0,-15
Vespertine|boys,Vespertine,boys,8A,54,16.5,-6.800000000000001,0.0,60,0,59,59 58 57 56 55 54 53 52 51,"[[59, 0.0, 1.0], [58, 0.0, 1.0], [57, 0.0, 1.0], [56, 5.0, 0.6], [55, 8.0, 0.6], [54, 1.0, 0.6], [53, 16.0, 0.3], [52, 10.0, 0.3], [51, 1.0, 0.3]]",59,8-18,Areas,0,-5
Fort Carden|boys,Fort Carden,boys,8A,55,15.0,0.0,0.0,60,0,59,59 58 57 56 55 54 53 52 51,"[[59, 0.0, 1.0], [58, 1.0, 1.0], [57, 5.0, 1.0], [56, 0.0, 0.6], [55, 8.0, 0.6], [54, 0.0, 0.6], [53, 0.0, 0.3], [52, 7.0, 0.3], [51, 7.0, 0.3]]",49,7-16,Parastate,0,6
Aitor Zubieta|boys,Borough Beach,boys,8A,56,12.2,-1.200000000000001,0.0,55,0,59,59 58 57 56 55 54 53 52 51,"[[59, 0.0, 1.0], [58, 8.0, 1.0], [57, 0.0, 1.0], [56, 0.0, 0.6], [55, 5.0, 0.6], [54, 0.0, 0.6], [53, 4.0, 0.3], [52, 0.0, 0.3], [51, 0.0, 0.3]]",51,10-19,Sectionals,0,5
Imani Cross|boys,Apalachicola,boys,8A,57,10.8,-3.0,0.0,60,0,59,59 58 57 56 55 54 53 52 51,"[[59, 0.0, 1.0], [58, 0.0, 1.0], [57, 0.0, 1.0], [56, 0.0, 0.6], [55, 4.0, 0.6], [54, 8.0, 0.6], [53, 10.0, 0.3], [52, 2.0, 0.3], [51, 0.0, 0.3]]",74,3-26,Areas,0,-17
Mountain View High|boys,Mountain View,boys,8A,58,10.8,-1.1999999999999993,0.0,37,0,59,59 58 57 56 55 54 53 52 51,"[[59, 0.0, 1.0], [58, 0.0, 1.0], [57, 0.0, 1.0], [56, 0.0, 0.6], [55, 0.0, 0.6], [54, 0.0, 0.6], [53, 0.0, 0.3], [52, 27.0, 0.3], [51, 9.0, 0.3]]",73,3-23,Areas,0,-15
Rafael Escobedo|boys,Bolton,boys,8A,59,9.1,-2.1,0.0,30,0,59,59 58 57 56 55 54 53 52 51,"[[59, 0.0, 1.0], [58, 0.0, 1.0], [57, 7.0, 1.0], [56, 0.0, 0.6], [55, 0.0, 0.6], [54, 0.0, 0.6], [53, 7.0, 0.3], [52, 0.0, 0.3], [51, 0.0, 0.3]]",46,12-14,Parastate,0,13
Leonard Coleman|boys,Coleman,boys,8A,60,8.0,6.0,6.0,46,0,59,59 58 57 56 55 54 53 52 51,"[[59, 6.0, 1.0], [58, 0.0, 1.0], [57, 2.0, 1.0], [56, 0.0, 0.6], [55, 0.0, 0.6], [54, 0.0, 0.6], [53, 0.0, 0.3], [52, 0.0, 0.3], [51, 0.0, 0.3]]",44,13-15,Octofinalist,0,16
Rosa Salcedo|boys,Quarry Workers,boys,8A,61,7.199999999999999,-2.4000000000000004,0.0,46,0,59,59 58 57 56 55 54 53 52 51,"[[59, 0.0, 1.0], [58, 0.0, 1.0], [57, 0.0, 1.0], [56, 0.0, 0.6], [55, 0.0, 0.6], [54, 0.0, 0.6], [53, 0.0, 0.3], [52, 0.0, 0.3], [51, 24.0, 0.3]]",62,7-18,Areas,0,-1
Summit High|boys,Summit,boys,8A,62,6.9,-2.1,0.0,38,0,59,59 58 57 56 55 54 53 52 51,"[[59, 0.0, 1.0], [58, 0.0, 1.0], [57, 0.0, 1.0], [56, 0.0, 0.6], [55, 4.0, 0.6], [54, 4.0, 0.6], [53, 7.0, 0.3], [52, 0.0, 0.3], [51, 0.0, 0.3]]",83,0-22,Areas,0,-21
Madrigal|boys,Madrigal,boys,8A,63,6.7,-0.2999999999999998,3.0,60,0,59,59 58 57 56 55 54 53 52 51,"[[59, 3.0, 1.0], [58, 1.0, 1.0], [57, 0.0, 1.0], [56, 0.0, 0.6], [55, 0.0, 0.6], [54, 2.0, 0.6], [53, 0.0, 0.3], [52, 0.0, 0.3], [51, 5.0, 0.3]]",38,16-17,Parastate,0,25
Alina Antonov|boys,River Oaks,boys,8A,64,6.6,0.0,0.0,60,0,59,59 58 57 56 55 54 53 52 51,"[[59, 0.0, 1.0], [58, 0.0, 1.0], [57, 0.0, 1.0], [56, 0.0, 0.6], [55, 0.0, 0.6], [54, 6.0, 0.6], [53, 0.0, 0.3], [52, 0.0, 0.3], [51, 10.0, 0.3]]",69,4-20,Areas,0,-5
Harlan Cole|boys,Harlan,boys,8A,65,6.6,-2.6999999999999997,0.0,60,0,59,59 58 57 56 55 54 53 52 51,"[[59, 0.0, 1.0], [58, 0.0, 1.0], [57, 0.0, 1.0], [56, 0.0, 0.6], [55, 0.0, 0.6], [54, 8.0, 0.6], [53, 0.0, 0.3], [52, 0.0, 0.3], [51, 6.0, 0.3]]",61,10-19,Areas,0,4
Thomas Halvorsen|boys,Hollywood,boys,8A,66,5.699999999999999,-1.5,0.0,60,0,59,59 58 57 56 55 54 53 52 51,"[[59, 0.0, 1.0], [58, 0.0, 1.0], [57, 0.0, 1.0], [56, 0.0, 0.6], [55, 0.0, 0.6], [54, 0.0, 0.6], [53, 0.0, 0.3], [52, 8.0, 0.3], [51, 11.0, 0.3]]",79,2-23,Areas,0,-13
James Baldwin|boys,Baldwin,boys,8A,67,5.4,-2.6999999999999997,0.0,60,0,59,59 58 57 56 55 54 53 52 51,"[[59, 0.0, 1.0], [58, 0.0, 1.0], [57, 0.0, 1.0], [56, 0.0, 0.6], [55, 0.0, 0.6], [54, 7.0, 0.6], [53, 0.0, 0.3], [52, 4.0, 0.3], [51, 0.0, 0.3]]",85,0-23,Areas,0,-18
Itziar Elorriaga|boys,Elysian Valley,boys,8A,68,5.1,-3.899999999999999,0.0,60,0,59,59 58 57 56 55 54 53 52 51,"[[59, 0.0, 1.0], [58, 0.0, 1.0], [57, 0.0, 1.0], [56, 0.0, 0.6], [55, 0.0, 0.6], [54, 3.0, 0.6], [53, 9.0, 0.3], [52, 2.0, 0.3], [51, 0.0, 0.3]]",36,18-13,Parastate,0,32
Northgate|boys,Northgate,boys,8A,69,4.4,0.4000000000000003,2.0,60,0,59,59 58 57 56 55 54 53 52 51,"[[59, 2.0, 1.0], [58, 0.0, 1.0], [57, 0.0, 1.0], [56, 4.0, 0.6], [55, 0.0, 0.6], [54, 0.0, 0.6], [53, 0.0, 0.3], [52, 0.0, 0.3], [51, 0.0, 0.3]]",41,11-15,Parastate,0,28
Thomas Ekström|boys,Lago Vista,boys,8A,70,4.2,0.0,0.0,55,0,59,59 58 57 56 55 54 53 52 51,"[[59, 0.0, 1.0], [58, 0.0, 1.0], [57, 0.0, 1.0], [56, 0.0, 0.6], [55, 0.0, 0.6], [54, 7.0, 0.6], [53, 0.0, 0.3], [52, 0.0, 0.3], [51, 0.0, 0.3]]",76,3-25,Areas,0,-6
Lillian Price|boys,North Coast,boys,8A,71,3.6,-4.199999999999999,0.0,60,0,59,59 58 57 56 55 54 53 52 51,"[[59, 0.0, 1.0], [58, 0.0, 1.0], [57, 0.0, 1.0], [56, 0.0, 0.6], [55, 0.0, 0.6], [54, 0.0, 0.6], [53, 11.0, 0.3], [52, 0.0, 0.3], [51, 1.0, 0.3]]",81,3-24,Areas,0,-10
Sofia Romanov|boys,Chesapeake,boys,8A,72,3.6,-3.6,0.0,60,0,59,59 58 57 56 55 54 53 52 51,"[[59, 0.0, 1.0], [58, 0.0, 1.0], [57, 0.0, 1.0], [56, 0.0, 0.6], [55, 0.0, 0.6], [54, 0.0, 0.6], [53, 12.0, 0.3], [52, 0.0, 0.3], [51, 0.0, 0.3]]",84,2-28,Areas,0,-12
Ewart City|boys,Cook City,boys,8A,73,3.3,0.0,0.0,60,0,59,59 58 57 56 55 54 53 52 51,"[[59, 0.0, 1.0], [58, 0.0, 1.0], [57, 0.0, 1.0], [56, 0.0, 0.6], [55, 0.0, 0.6], [54, 0.0, 0.6], [53, 0.0, 0.3], [52, 0.0, 0.3], [51, 11.0, 0.3]]",56,7-15,Areas,0,17
Golden Gate|boys,Golden Gate,boys,8A,74,3.1,-2.7,0.0,60,0,59,59 58 57 56 55 54 53 52 51,"[[59, 0.0, 1.0], [58, 0.0, 1.0], [57, 1.0, 1.0], [56, 0.0, 0.6], [55, 0.0, 0.6], [54, 0.0, 0.6], [53, 0.0, 0.3], [52, 0.0, 0.3], [51, 7.0, 0.3]]",82,3-25,Areas,0,-8
Nadia Chernov North|boys,Roosevelt,boys,8A,75,3.0,-2.1,0.0,60,0,59,59 58 57 56 55 54 53 52 51,"[[59, 0.0, 1.0], [58, 0.0, 1.0], [57, 0.0, 1.0], [56, 0.0, 0.6], [55, 0.0, 0.6], [54, 0.0, 0.6], [53, 3.0, 0.3], [52, 7.0, 0.3], [51, 0.0, 0.3]]",70,5-19,Areas,0,5
Anneliese Halvorsen|boys,Washington,boys,8A,76,2.4,-3.0000000000000004,0.0,60,0,59,59 58 57 56 55 54 53 52 51,"[[59, 0.0, 1.0], [58, 0.0, 1.0], [57, 0.0, 1.0], [56, 0.0, 0.6], [55, 0.0, 0.6], [54, 0.0, 0.6], [53, 0.0, 0.3], [52, 0.0, 0.3], [51, 8.0, 0.3]]",63,8-16,Areas,0,13
Sergei Belov|boys,Shabazz,boys,8A,77,2.4,-3.2999999999999994,0.0,46,0,59,59 58 57 56 55 54 53 52 51,"[[59, 0.0, 1.0], [58, 0.0, 1.0], [57, 0.0, 1.0], [56, 0.0, 0.6], [55, 0.0, 0.6], [54, 0.0, 0.6], [53, 8.0, 0.3], [52, 0.0, 0.3], [51, 0.0, 0.3]]",57,8-20,Areas,0,20
Tatiana Moroz North|boys,Ironwood Flats,boys,8A,78,2.1,0.0,0.0,55,0,59,59 58 57 56 55 54 53 52 51,"[[59, 0.0, 1.0], [58, 0.0, 1.0], [57, 0.0, 1.0], [56, 0.0, 0.6], [55, 0.0, 0.6], [54, 1.0, 0.6], [53, 0.0, 0.3], [52, 0.0, 0.3], [51, 5.0, 0.3]]",75,3-20,Areas,0,3
Shirley Chisholm|boys,Chisholm,boys,8A,79,1.7999999999999998,-0.6000000000000001,0.0,60,0,59,59 58 57 56 55 54 53 52 51,"[[59, 0.0, 1.0], [58, 0.0, 1.0], [57, 0.0, 1.0], [56, 0.0, 0.6], [55, 0.0, 0.6], [54, 0.0, 0.6], [53, 0.0, 0.3], [52, 0.0, 0.3], [51, 6.0, 0.3]]",78,3-24,Areas,0,1
Puerto de los Reyes|boys,Puerto de los Reyes,boys,8A,80,1.5,-0.6000000000000001,0.0,60,0,59,59 58 57 56 55 54 53 52 51,"[[59, 0.0, 1.0], [58, 0.0, 1.0], [57, 0.0, 1.0], [56, 0.0, 0.6], [55, 0.0, 0.6], [54, 0.0, 0.6], [53, 0.0, 0.3], [52, 0.0, 0.3], [51, 5.0, 0.3]]",58,11-19,Areas,0,22
Belyakov Depot High|boys,Anse Doree,boys,8A,81,1.2,-0.3,0.0,60,0,59,59 58 57 56 55 54 53 52 51,"[[59, 0.0, 1.0], [58, 0.0, 1.0], [57, 0.0, 1.0], [56, 0.0, 0.6], [55, 0.0, 0.6], [54, 0.0, 0.6], [53, 1.0, 0.3], [52, 3.0, 0.3], [51, 0.0, 0.3]]",80,1-21,Areas,0,1
Valderra|boys,Valderra,boys,8A,82,1.2,0.0,0.0,60,0,59,59 58 57 56 55 54 53 52 51,"[[59, 0.0, 1.0], [58, 0.0, 1.0], [57, 0.0, 1.0], [56, 0.0, 0.6], [55, 0.0, 0.6], [54, 0.0, 0.6], [53, 0.0, 0.3], [52, 4.0, 0.3], [51, 0.0, 0.3]]",64,9-20,Areas,0,18
Altamonte|boys,Altamonte,boys,8A,83,0.8999999999999999,0.0,0.0,60,0,59,59 58 57 56 55 54 53 52 51,"[[59, 0.0, 1.0], [58, 0.0, 1.0], [57, 0.0, 1.0], [56, 0.0, 0.6], [55, 0.0, 0.6], [54, 0.0, 0.6], [53, 0.0, 0.3], [52, 3.0, 0.3], [51, 0.0, 0.3]]",53,7-18,Areas,0,30
Clara Cross|boys,Red Mesa,boys,8A,84,0.3,-0.3,0.0,46,0,59,59 58 57 56 55 54 53 52 51,"[[59, 0.0, 1.0], [58, 0.0, 1.0], [57, 0.0, 1.0], [56, 0.0, 0.6], [55, 0.0, 0.6], [54, 0.0, 0.6], [53, 0.0, 0.3], [52, 0.0, 0.3], [51, 1.0, 0.3]]",67,7-16,Areas,0,17
Westover|boys,Westover,boys,8A,85,0.0,0.0,0.0,60,0,59,59 58 57 56 55 54 53 52 51,"[[59, 0.0, 1.0], [58, 0.0, 1.0], [57, 0.0, 1.0], [56, 0.0, 0.6], [55, 0.0, 0.6], [54, 0.0, 0.6], [53, 0.0, 0.3], [52, 0.0, 0.3], [51, 0.0, 0.3]]",54,8-18,Areas,0,31
Adela Robles North|boys,Cliffside,boys,9A,1,123.8,-4.799999999999997,9.0,55,0,59,59 58 57 56 55 54 53 52 51,"[[59, 9.0, 1.0], [58, 25.0, 1.0], [57, 25.0, 1.0], [56, 27.0, 0.6], [55, 38.0, 0.6], [54, 38.0, 0.6], [53, 0.0, 0.3], [52, 0.0, 0.3], [51, 10.0, 0.3]]",20,26-9,Round of 32,0,-19
Benjamin Banneker|boys,Banneker,boys,9A,2,116.6,-7.899999999999991,11.0,60,0,59,59 58 57 56 55 54 53 52 51,"[[59, 11.0, 1.0], [58, 39.0, 1.0], [57, 27.0, 1.0], [56, 39.0, 0.6], [55, 11.0, 0.6], [54, 2.0, 0.6], [53, 11.0, 0.3], [52, 17.0, 0.3], [51, 0.0, 0.3]]",9,26-10,Octofinalist,0,-7
Nicolás Ordoñez|boys,Rockridge,boys,9A,3,111.7,0.0,25.0,60,0,59,59 58 57 56 55 54 53 52 51,"[[59, 25.0, 1.0], [58, 10.0, 1.0], [57, 11.0, 1.0], [56, 25.0, 0.6], [55, 27.0, 0.6], [54, 17.0, 0.6], [53, 39.0, 0.3], [52, 17.0, 0.3], [51, 25.0, 0.3]]",5,28-1,Semifinalist,0,-2
Port Meridian West|boys,Port Meridian Central,boys,9A,4,102.6,19.0,39.0,60,0,59,59 58 57 56 55 54 53 52 51,"[[59, 39.0, 1.0], [58, 11.0, 1.0], [57, 10.0, 1.0], [56, 17.0, 0.6], [55, 11.0, 0.6], [54, 10.0, 0.6], [53, 17.0, 0.3], [52, 10.0, 0.3], [51, 39.0, 0.3]]",2,32-1,Champion,1,2
Astrid Ricci|boys,Jesuit,boys,9A,5,101.7,-6.700000000000003,10.0,60,0,59,59 58 57 56 55 54 53 52 51,"[[59, 10.0, 1.0], [58, 11.0, 1.0], [57, 39.0, 1.0], [56, 11.0, 0.6], [55, 24.0, 0.6], [54, 10.0, 0.6], [53, 16.0, 0.3], [52, 17.0, 0.3], [51, 16.0, 0.3]]",1,35-2,Octofinalist,0,4
Alejandro Zamora|boys,Morgan Park,boys,9A,6,84.09999999999998,12.199999999999974,16.0,60,0,59,59 58 57 56 55 54 53 52 51,"[[59, 16.0, 1.0], [58, 26.0, 1.0], [57, 16.0, 1.0], [56, 8.0, 0.6], [55, 16.0, 0.6], [54, 16.0, 0.6], [53, 2.0, 0.3], [52, 5.0, 0.3], [51, 0.0, 0.3]]",6,26-4,Quarterfinalist,0,0
Orellana Canal View|boys,Canal View,boys,9A,7,83.8,9.200000000000005,16.0,55,0,59,59 58 57 56 55 54 53 52 51,"[[59, 16.0, 1.0], [58, 25.0, 1.0], [57, 11.0, 1.0], [56, 17.0, 0.6], [55, 11.0, 0.6], [54, 25.0, 0.6], [53, 0.0, 0.3], [52, 0.0, 0.3], [51, 0.0, 0.3]]",15,24-5,Quarterfinalist,0,-8
Nikolai Orlov|boys,Mater Dei,boys,9A,8,82.7,1.6000000000000083,17.0,60,0,59,59 58 57 56 55 54 53 52 51,"[[59, 17.0, 1.0], [58, 9.0, 1.0], [57, 9.0, 1.0], [56, 25.0, 0.6], [55, 25.0, 0.6], [54, 9.0, 0.6], [53, 8.0, 0.3], [52, 7.0, 0.3], [51, 26.0, 0.3]]",13,26-8,Quarterfinalist,0,-5
Southridge Christian|boys,Southridge Christian,boys,9A,9,82.69999999999999,18.79999999999999,27.0,60,0,59,59 58 57 56 55 54 53 52 51,"[[59, 27.0, 1.0], [58, 16.0, 1.0], [57, 10.0, 1.0], [56, 10.0, 0.6], [55, 16.0, 0.6], [54, 1.0, 0.6], [53, 9.0, 0.3], [52, 16.0, 0.3], [51, 20.0, 0.3]]",3,34-1,Finalist,0,6
Belyakov Agricultural Sciences Academy|boys,Mickey Mantle,boys,9A,10,74.7,13.5,25.0,60,0,59,59 58 57 56 55 54 53 52 51,"[[59, 25.0, 1.0], [58, 10.0, 1.0], [57, 10.0, 1.0], [56, 10.0, 0.6], [55, 9.0, 0.6], [54, 16.0, 0.6], [53, 0.0, 0.3], [52, 24.0, 0.3], [51, 5.0, 0.3]]",4,36-2,Semifinalist,0,6
River Plain|boys,Kinnickinny,boys,9A,11,73.50000000000001,5.200000000000003,10.0,60,0,59,59 58 57 56 55 54 53 52 51,"[[59, 10.0, 1.0], [58, 16.0, 1.0], [57, 16.0, 1.0], [56, 9.0, 0.6], [55, 11.0, 0.6], [54, 27.0, 0.6], [53, 0.0, 0.3], [52, 8.0, 0.3], [51, 3.0, 0.3]]",16,23-7,Octofinalist,0,-5
Petra Jansen|boys,Southern Pacific Tech,boys,9A,12,68.7,1.1000000000000083,9.0,60,0,59,59 58 57 56 55 54 53 52 51,"[[59, 9.0, 1.0], [58, 11.0, 1.0], [57, 16.0, 1.0], [56, 10.0, 0.6], [55, 8.0, 0.6], [54, 24.0, 0.6], [53, 4.0, 0.3], [52, 10.0, 0.3], [51, 11.0, 0.3]]",25,23-8,Round of 32,0,-13
Amos Cross|boys,L.B. Johnson,boys,9A,13,66.8,3.199999999999996,10.0,37,0,59,59 58 57 56 55 54 53 52 51,"[[59, 10.0, 1.0], [58, 10.0, 1.0], [57, 24.0, 1.0], [56, 17.0, 0.6], [55, 10.0, 0.6], [54, 11.0, 0.6], [53, 0.0, 0.3], [52, 0.0, 0.3], [51, 0.0, 0.3]]",11,24-4,Octofinalist,0,2
Loomis City North|boys,Charlotte,boys,9A,14,65.9,-6.799999999999997,2.0,60,0,59,59 58 57 56 55 54 53 52 51,"[[59, 2.0, 1.0], [58, 17.0, 1.0], [57, 16.0, 1.0], [56, 10.0, 0.6], [55, 16.0, 0.6], [54, 11.0, 0.6], [53, 9.0, 0.3], [52, 13.0, 0.3], [51, 7.0, 0.3]]",32,17-14,Parastate,0,-18
Oskar Bellini|boys,Notre Dame,boys,9A,15,57.3,-8.699999999999996,10.0,60,0,59,59 58 57 56 55 54 53 52 51,"[[59, 10.0, 1.0], [58, 2.0, 1.0], [57, 3.0, 1.0], [56, 16.0, 0.6], [55, 11.0, 0.6], [54, 10.0, 0.6], [53, 25.0, 0.3], [52, 25.0, 0.3], [51, 17.0, 0.3]]",7,30-2,Octofinalist,0,8
Jean Lindgren North|boys,Harrisburgh,boys,9A,16,49.4,7.799999999999997,11.0,55,0,59,59 58 57 56 55 54 53 52 51,"[[59, 11.0, 1.0], [58, 14.0, 1.0], [57, 7.0, 1.0], [56, 8.0, 0.6], [55, 8.0, 0.6], [54, 7.0, 0.6], [53, 0.0, 0.3], [52, 5.0, 0.3], [51, 7.0, 0.3]]",29,19-8,Round of 32,0,-13
Henrik Keller|boys,W.H. Harrison,boys,9A,17,41.2,-1.2999999999999972,6.0,60,0,59,59 58 57 56 55 54 53 52 51,"[[59, 6.0, 1.0], [58, 1.0, 1.0], [57, 12.0, 1.0], [56, 7.0, 0.6], [55, 7.0, 0.6], [54, 10.0, 0.6], [53, 7.0, 0.3], [52, 11.0, 0.3], [51, 8.0, 0.3]]",28,19-12,Parastate,0,-11
Ashbury Heights|boys,Ashbury Central,boys,9A,18,40.8,6.299999999999997,10.0,37,0,59,59 58 57 56 55 54 53 52 51,"[[59, 10.0, 1.0], [58, 8.0, 1.0], [57, 9.0, 1.0], [56, 4.0, 0.6], [55, 5.0, 0.6], [54, 9.0, 0.6], [53, 0.0, 0.3], [52, 9.0, 0.3], [51, 1.0, 0.3]]",26,22-14,Round of 32,0,-8
Orchard Hill|boys,West Valderra,boys,9A,19,40.5,-3.799999999999997,8.0,49,0,59,59 58 57 56 55 54 53 52 51,"[[59, 8.0, 1.0], [58, 11.0, 1.0], [57, 2.0, 1.0], [56, 10.0, 0.6], [55, 7.0, 0.6], [54, 11.0, 0.6], [53, 9.0, 0.3], [52, 0.0, 0.3], [51, 0.0, 0.3]]",18,25-8,Round of 32,0,1
Klara Marchand|boys,Meriwether,boys,9A,20,40.2,7.399999999999999,11.0,60,0,59,59 58 57 56 55 54 53 52 51,"[[59, 11.0, 1.0], [58, 10.0, 1.0], [57, 9.0, 1.0], [56, 9.0, 0.6], [55, 8.0, 0.6], [54, 0.0, 0.6], [53, 0.0, 0.3], [52, 0.0, 0.3], [51, 0.0, 0.3]]",12,26-9,Octofinalist,0,8
Anneliese Ricci|boys,Carondelet,boys,9A,21,40.1,4.399999999999999,9.0,60,0,59,59 58 57 56 55 54 53 52 51,"[[59, 9.0, 1.0], [58, 8.0, 1.0], [57, 9.0, 1.0], [56, 10.0, 0.6], [55, 2.0, 0.6], [54, 9.0, 0.6], [53, 1.0, 0.3], [52, 0.0, 0.3], [51, 4.0, 0.3]]",30,21-12,Round of 32,0,-9
Valderra Aviation and Engineering Academy|boys,Coyote Bend,boys,9A,22,39.6,9.400000000000002,13.0,55,0,59,59 58 57 56 55 54 53 52 51,"[[59, 13.0, 1.0], [58, 10.0, 1.0], [57, 10.0, 1.0], [56, 9.0, 0.6], [55, 0.0, 0.6], [54, 0.0, 0.6], [53, 0.0, 0.3], [52, 4.0, 0.3], [51, 0.0, 0.3]]",10,22-9,Octofinalist,0,12
San Cordero School of Commerce|boys,Mesa Verde,boys,9A,23,39.3,-12.200000000000005,0.0,37,0,59,59 58 57 56 55 54 53 52 51,"[[59, 0.0, 1.0], [58, 10.0, 1.0], [57, 2.0, 1.0], [56, 11.0, 0.6], [55, 4.0, 0.6], [54, 9.0, 0.6], [53, 26.0, 0.3], [52, 10.0, 0.3], [51, 7.0, 0.3]]",51,12-16,Semi-Conference,0,-28
Ida B. Wells|boys,Wells,boys,9A,24,36.8,9.200000000000005,10.0,60,0,59,59 58 57 56 55 54 53 52 51,"[[59, 10.0, 1.0], [58, 16.0, 1.0], [57, 9.0, 1.0], [56, 2.0, 0.6], [55, 0.0, 0.6], [54, 0.0, 0.6], [53, 0.0, 0.3], [52, 0.0, 0.3], [51, 2.0, 0.3]]",14,24-7,Octofinalist,0,10
Svenja Bianchi|boys,Tamarack,boys,9A,25,35.89999999999999,5.399999999999992,7.0,37,0,59,59 58 57 56 55 54 53 52 51,"[[59, 7.0, 1.0], [58, 9.0, 1.0], [57, 10.0, 1.0], [56, 4.0, 0.6], [55, 9.0, 0.6], [54, 3.0, 0.6], [53, 0.0, 0.3], [52, 1.0, 0.3], [51, 0.0, 0.3]]",23,22-11,Round of 32,0,2
Edith Mercer|boys,Forest Park,boys,9A,26,34.6,-1.7000000000000028,9.0,60,0,59,59 58 57 56 55 54 53 52 51,"[[59, 9.0, 1.0], [58, 8.0, 1.0], [57, 2.0, 1.0], [56, 5.0, 0.6], [55, 11.0, 0.6], [54, 5.0, 0.6], [53, 10.0, 0.3], [52, 0.0, 0.3], [51, 0.0, 0.3]]",19,23-6,Round of 32,0,7
Black Springs|boys,Black Springs,boys,9A,27,33.6,3.000000000000004,5.0,43,0,59,59 58 57 56 55 54 53 52 51,"[[59, 5.0, 1.0], [58, 8.0, 1.0], [57, 11.0, 1.0], [56, 5.0, 0.6], [55, 0.0, 0.6], [54, 7.0, 0.6], [53, 0.0, 0.3], [52, 8.0, 0.3], [51, 0.0, 0.3]]",36,18-15,Round of 32,0,-9
Belyakov Environmental Sciences Academy|boys,Friendship City,boys,9A,28,33.1,9.499999999999996,16.0,60,0,59,59 58 57 56 55 54 53 52 51,"[[59, 16.0, 1.0], [58, 0.0, 1.0], [57, 0.0, 1.0], [56, 11.0, 0.6], [55, 11.0, 0.6], [54, 3.0, 0.6], [53, 0.0, 0.3], [52, 0.0, 0.3], [51, 7.0, 0.3]]",8,26-5,Quarterfinalist,0,20
Coolidge|boys,Seagrove,boys,9A,29,32.9,0.8999999999999986,6.0,60,0,59,59 58 57 56 55 54 53 52 51,"[[59, 6.0, 1.0], [58, 7.0, 1.0], [57, 10.0, 1.0], [56, 0.0, 0.6], [55, 0.0, 0.6], [54, 4.0, 0.6], [53, 0.0, 0.3], [52, 6.0, 0.3], [51, 19.0, 0.3]]",39,19-16,Round of 32,0,-10
Anya Antonov|boys,Mar Vista,boys,9A,30,32.4,9.6,12.0,60,0,59,59 58 57 56 55 54 53 52 51,"[[59, 12.0, 1.0], [58, 9.0, 1.0], [57, 9.0, 1.0], [56, 0.0, 0.6], [55, 4.0, 0.6], [54, 0.0, 0.6], [53, 0.0, 0.3], [52, 0.0, 0.3], [51, 0.0, 0.3]]",22,22-10,Round of 32,0,8
San Tomás|boys,San Tomás,boys,9A,31,31.6,7.600000000000001,8.0,60,0,59,59 58 57 56 55 54 53 52 51,"[[59, 8.0, 1.0], [58, 10.0, 1.0], [57, 7.0, 1.0], [56, 1.0, 0.6], [55, 7.0, 0.6], [54, 0.0, 0.6], [53, 0.0, 0.3], [52, 0.0, 0.3], [51, 6.0, 0.3]]",17,23-10,Round of 32,0,14
Telfair Country Day School|boys,Telfair Country Day,boys,9A,32,30.6,-5.199999999999999,0.0,60,0,59,59 58 57 56 55 54 53 52 51,"[[59, 0.0, 1.0], [58, 0.0, 1.0], [57, 0.0, 1.0], [56, 13.0, 0.6], [55, 10.0, 0.6], [54, 11.0, 0.6], [53, 0.0, 0.3], [52, 10.0, 0.3], [51, 24.0, 0.3]]",74,6-20,Areas,0,-42
Commonwealth|boys,Commonwealth,boys,9A,33,30.4,-12.4,2.0,60,0,59,59 58 57 56 55 54 53 52 51,"[[59, 2.0, 1.0], [58, 3.0, 1.0], [57, 8.0, 1.0], [56, 9.0, 0.6], [55, 0.0, 0.6], [54, 0.0, 0.6], [53, 25.0, 0.3], [52, 7.0, 0.3], [51, 8.0, 0.3]]",31,15-11,Parastate,0,2
Bayard Rustin|boys,Rustin,boys,9A,34,29.2,-10.099999999999998,0.0,60,0,59,59 58 57 56 55 54 53 52 51,"[[59, 0.0, 1.0], [58, 1.0, 1.0], [57, 9.0, 1.0], [56, 8.0, 0.6], [55, 10.0, 0.6], [54, 9.0, 0.6], [53, 10.0, 0.3], [52, 0.0, 0.3], [51, 0.0, 0.3]]",65,7-18,Areas,0,-31
Seafarer High|boys,Seafarer,boys,9A,35,27.5,-6.899999999999999,0.0,60,0,59,59 58 57 56 55 54 53 52 51,"[[59, 0.0, 1.0], [58, 0.0, 1.0], [57, 5.0, 1.0], [56, 3.0, 0.6], [55, 0.0, 0.6], [54, 5.0, 0.6], [53, 11.0, 0.3], [52, 38.0, 0.3], [51, 10.0, 0.3]]",75,4-23,Areas,0,-40
Elena Petrov|boys,Talladega,boys,9A,36,26.6,3.1000000000000014,9.0,60,0,59,59 58 57 56 55 54 53 52 51,"[[59, 9.0, 1.0], [58, 3.0, 1.0], [57, 5.0, 1.0], [56, 8.0, 0.6], [55, 4.0, 0.6], [54, 0.0, 0.6], [53, 0.0, 0.3], [52, 0.0, 0.3], [51, 8.0, 0.3]]",33,16-13,Round of 32,0,3
Amelia|boys,Amelia,boys,9A,37,26.0,-0.3999999999999986,0.0,35,0,59,59 58 57 56 55 54 53 52 51,"[[59, 0.0, 1.0], [58, 5.0, 1.0], [57, 12.0, 1.0], [56, 1.0, 0.6], [55, 9.0, 0.6], [54, 0.0, 0.6], [53, 0.0, 0.3], [52, 9.0, 0.3], [51, 1.0, 0.3]]",57,10-19,Wards,0,-20
Halbrook|boys,Halbrook,boys,9A,38,24.7,5.699999999999999,9.0,37,0,59,59 58 57 56 55 54 53 52 51,"[[59, 9.0, 1.0], [58, 4.0, 1.0], [57, 3.0, 1.0], [56, 0.0, 0.6], [55, 1.0, 0.6], [54, 4.0, 0.6], [53, 11.0, 0.3], [52, 0.0, 0.3], [51, 8.0, 0.3]]",21,24-9,Round of 32,0,17
Carmen Valera|boys,Ferris,boys,9A,39,23.7,5.300000000000001,11.0,60,0,59,59 58 57 56 55 54 53 52 51,"[[59, 11.0, 1.0], [58, 4.0, 1.0], [57, 0.0, 1.0], [56, 0.0, 0.6], [55, 0.0, 0.6], [54, 0.0, 0.6], [53, 9.0, 0.3], [52, 10.0, 0.3], [51, 10.0, 0.3]]",35,18-12,Round of 32,0,4
Arrieta|boys,Arrieta,boys,9A,40,21.6,-8.299999999999997,0.0,60,0,59,59 58 57 56 55 54 53 52 51,"[[59, 0.0, 1.0], [58, 0.0, 1.0], [57, 0.0, 1.0], [56, 8.0, 0.6], [55, 9.0, 0.6], [54, 6.0, 0.6], [53, 9.0, 0.3], [52, 9.0, 0.3], [51, 8.0, 0.3]]",70,5-19,Areas,0,-30
Snowline|boys,Snowline,boys,9A,41,21.3,9.0,9.0,60,0,59,59 58 57 56 55 54 53 52 51,"[[59, 9.0, 1.0], [58, 11.0, 1.0], [57, 1.0, 1.0], [56, 0.0, 0.6], [55, 0.0, 0.6], [54, 0.0, 0.6], [53, 0.0, 0.3], [52, 0.0, 0.3], [51, 1.0, 0.3]]",24,23-9,Round of 32,0,17
Lars Mercier|boys,Shasta Agricultural,boys,9A,42,21.0,-11.400000000000006,0.0,60,0,59,59 58 57 56 55 54 53 52 51,"[[59, 0.0, 1.0], [58, 0.0, 1.0], [57, 0.0, 1.0], [56, 12.0, 0.6], [55, 3.0, 0.6], [54, 8.0, 0.6], [53, 10.0, 0.3], [52, 2.0, 0.3], [51, 12.0, 0.3]]",64,6-15,Areas,0,-22
Harbor Gate North|boys,Van Buren,boys,9A,43,20.0,3.0,3.0,37,0,59,59 58 57 56 55 54 53 52 51,"[[59, 3.0, 1.0], [58, 10.0, 1.0], [57, 7.0, 1.0], [56, 0.0, 0.6], [55, 0.0, 0.6], [54, 0.0, 0.6], [53, 0.0, 0.3], [52, 0.0, 0.3], [51, 0.0, 0.3]]",27,19-10,Parastate,0,16
Katherine Booker|boys,Polk,boys,9A,44,19.3,-6.799999999999997,1.0,60,0,59,59 58 57 56 55 54 53 52 51,"[[59, 1.0, 1.0], [58, 0.0, 1.0], [57, 0.0, 1.0], [56, 0.0, 0.6], [55, 6.0, 0.6], [54, 9.0, 0.6], [53, 17.0, 0.3], [52, 9.0, 0.3], [51, 5.0, 0.3]]",58,11-15,Parastate,0,-14
Thelma Avery|boys,Readbury,boys,9A,45,17.0,-1.8000000000000007,0.0,55,0,59,59 58 57 56 55 54 53 52 51,"[[59, 0.0, 1.0], [58, 0.0, 1.0], [57, 8.0, 1.0], [56, 0.0, 0.6], [55, 4.0, 0.6], [54, 6.0, 0.6], [53, 5.0, 0.3], [52, 0.0, 0.3], [51, 5.0, 0.3]]",37,19-13,Parastate,0,8
Harold Williams|boys,Tuskegee,boys,9A,46,16.2,-4.299999999999997,0.0,60,0,59,59 58 57 56 55 54 53 52 51,"[[59, 0.0, 1.0], [58, 0.0, 1.0], [57, 0.0, 1.0], [56, 4.0, 0.6], [55, 9.0, 0.6], [54, 7.0, 0.6], [53, 9.0, 0.3], [52, 5.0, 0.3], [51, 0.0, 0.3]]",79,4-18,Areas,0,-33
Orellana School of Commerce|boys,Malpais,boys,9A,47,15.2,-2.599999999999998,1.0,55,0,59,59 58 57 56 55 54 53 52 51,"[[59, 1.0, 1.0], [58, 1.0, 1.0], [57, 0.0, 1.0], [56, 9.0, 0.6], [55, 2.0, 0.6], [54, 11.0, 0.6], [53, 0.0, 0.3], [52, 0.0, 0.3], [51, 0.0, 0.3]]",61,11-16,Parastate,0,-14
Hazel Bennett|boys,Benton Park,boys,9A,48,13.8,-3.1999999999999997,0.0,60,0,59,59 58 57 56 55 54 53 52 51,"[[59, 0.0, 1.0], [58, 1.0, 1.0], [57, 2.0, 1.0], [56, 2.0, 0.6], [55, 8.0, 0.6], [54, 8.0, 0.6], [53, 0.0, 0.3], [52, 0.0, 0.3], [51, 0.0, 0.3]]",48,10-13,Areas,0,0
Foundry High|boys,Esperanza,boys,9A,49,13.2,-3.0,0.0,60,0,59,59 58 57 56 55 54 53 52 51,"[[59, 0.0, 1.0], [58, 0.0, 1.0], [57, 0.0, 1.0], [56, 0.0, 0.6], [55, 0.0, 0.6], [54, 17.0, 0.6], [53, 10.0, 0.3], [52, 0.0, 0.3], [51, 0.0, 0.3]]",76,2-21,Areas,0,-27
Thurgood Marshall|boys,Marshall,boys,9A,50,13.2,-1.8000000000000007,1.0,60,0,59,59 58 57 56 55 54 53 52 51,"[[59, 1.0, 1.0], [58, 0.0, 1.0], [57, 5.0, 1.0], [56, 1.0, 0.6], [55, 0.0, 0.6], [54, 3.0, 0.6], [53, 0.0, 0.3], [52, 6.0, 0.3], [51, 10.0, 0.3]]",45,15-17,Parastate,0,5
Belmonte Civic Leadership Academy|boys,Keeler,boys,9A,51,12.3,-4.1,0.0,55,0,59,59 58 57 56 55 54 53 52 51,"[[59, 0.0, 1.0], [58, 0.0, 1.0], [57, 0.0, 1.0], [56, 5.0, 0.6], [55, 12.0, 0.6], [54, 0.0, 0.6], [53, 7.0, 0.3], [52, 0.0, 0.3], [51, 0.0, 0.3]]",73,6-23,Areas,0,-22
Jeannette Freeman|boys,Round Mountain,boys,9A,52,12.2,-1.200000000000001,0.0,60,0,59,59 58 57 56 55 54 53 52 51,"[[59, 0.0, 1.0], [58, 9.0, 1.0], [57, 2.0, 1.0], [56, 0.0, 0.6], [55, 0.0, 0.6], [54, 0.0, 0.6], [53, 4.0, 0.3], [52, 0.0, 0.3], [51, 0.0, 0.3]]",40,13-14,Parastate,0,12
Halbrook Technical|boys,Basin Gate,boys,9A,53,11.7,1.0,1.0,55,0,59,59 58 57 56 55 54 53 52 51,"[[59, 1.0, 1.0], [58, 5.0, 1.0], [57, 0.0, 1.0], [56, 0.0, 0.6], [55, 0.0, 0.6], [54, 0.0, 0.6], [53, 0.0, 0.3], [52, 8.0, 0.3], [51, 11.0, 0.3]]",38,17-15,Parastate,0,15
Jimmy Carter|boys,Carter,boys,9A,54,11.4,-2.700000000000001,0.0,60,0,59,59 58 57 56 55 54 53 52 51,"[[59, 0.0, 1.0], [58, 0.0, 1.0], [57, 0.0, 1.0], [56, 0.0, 0.6], [55, 0.0, 0.6], [54, 0.0, 0.6], [53, 8.0, 0.3], [52, 25.0, 0.3], [51, 5.0, 0.3]]",50,10-14,Parastate,0,4
Housatonic HS|boys,Housatonic,boys,9A,55,9.3,-5.1999999999999975,0.0,60,0,59,59 58 57 56 55 54 53 52 51,"[[59, 0.0, 1.0], [58, 0.0, 1.0], [57, 0.0, 1.0], [56, 1.0, 0.6], [55, 0.0, 0.6], [54, 0.0, 0.6], [53, 9.0, 0.3], [52, 9.0, 0.3], [51, 11.0, 0.3]]",66,4-21,Areas,0,-11
Santa Laura|boys,Santa Laura,boys,9A,56,9.3,2.700000000000001,6.0,60,0,59,59 58 57 56 55 54 53 52 51,"[[59, 6.0, 1.0], [58, 0.0, 1.0], [57, 0.0, 1.0], [56, 0.0, 0.6], [55, 0.0, 0.6], [54, 0.0, 0.6], [53, 11.0, 0.3], [52, 0.0, 0.3], [51, 0.0, 0.3]]",34,21-11,Parastate,0,22
Lars Bellini|boys,Bernal Heights,boys,9A,57,9.3,-3.3000000000000007,0.0,60,0,59,59 58 57 56 55 54 53 52 51,"[[59, 0.0, 1.0], [58, 0.0, 1.0], [57, 0.0, 1.0], [56, 0.0, 0.6], [55, 0.0, 0.6], [54, 2.0, 0.6], [53, 10.0, 0.3], [52, 8.0, 0.3], [51, 9.0, 0.3]]",49,12-17,Sectionals,0,8
Ashbury West|boys,Laurel Park,boys,9A,58,8.399999999999999,-2.1000000000000014,0.0,60,0,59,59 58 57 56 55 54 53 52 51,"[[59, 0.0, 1.0], [58, 0.0, 1.0], [57, 0.0, 1.0], [56, 0.0, 0.6], [55, 1.0, 0.6], [54, 10.0, 0.6], [53, 6.0, 0.3], [52, 0.0, 0.3], [51, 0.0, 0.3]]",63,6-17,Areas,0,-5
Beatriz Zamora|boys,Tower Grove,boys,9A,59,8.1,-4.300000000000001,0.0,60,0,59,59 58 57 56 55 54 53 52 51,"[[59, 0.0, 1.0], [58, 0.0, 1.0], [57, 0.0, 1.0], [56, 4.0, 0.6], [55, 8.0, 0.6], [54, 0.0, 0.6], [53, 0.0, 0.3], [52, 0.0, 0.3], [51, 3.0, 0.3]]",83,2-19,Areas,0,-24
Santa Michaela|boys,Santa Michaela,boys,9A,60,8.0,5.0,5.0,60,0,59,59 58 57 56 55 54 53 52 51,"[[59, 5.0, 1.0], [58, 0.0, 1.0], [57, 0.0, 1.0], [56, 0.0, 0.6], [55, 0.0, 0.6], [54, 0.0, 0.6], [53, 0.0, 0.3], [52, 0.0, 0.3], [51, 10.0, 0.3]]",43,19-15,Specials,0,17
Walter Mondale|boys,Mondale,boys,9A,61,6.9,-5.1000000000000005,0.0,60,0,59,59 58 57 56 55 54 53 52 51,"[[59, 0.0, 1.0], [58, 0.0, 1.0], [57, 0.0, 1.0], [56, 0.0, 0.6], [55, 3.0, 0.6], [54, 0.0, 0.6], [53, 17.0, 0.3], [52, 0.0, 0.3], [51, 0.0, 0.3]]",41,15-16,Parastate,0,20
Westside Christian|boys,Westside Christian,boys,9A,62,6.6,-1.5,0.0,60,0,59,59 58 57 56 55 54 53 52 51,"[[59, 0.0, 1.0], [58, 0.0, 1.0], [57, 0.0, 1.0], [56, 0.0, 0.6], [55, 2.0, 0.6], [54, 9.0, 0.6], [53, 0.0, 0.3], [52, 0.0, 0.3], [51, 0.0, 0.3]]",71,6-20,Areas,0,-9
Mercer City Technical Arts Academy|boys,Twin Mills,boys,9A,63,6.2,-0.7999999999999998,0.0,55,0,59,59 58 57 56 55 54 53 52 51,"[[59, 0.0, 1.0], [58, 2.0, 1.0], [57, 3.0, 1.0], [56, 2.0, 0.6], [55, 0.0, 0.6], [54, 0.0, 0.6], [53, 0.0, 0.3], [52, 0.0, 0.3], [51, 0.0, 0.3]]",47,13-13,Challengers,0,16
Leire Garmendia|boys,Potrero Hill,boys,9A,64,5.699999999999999,0.0,0.0,60,0,59,59 58 57 56 55 54 53 52 51,"[[59, 0.0, 1.0], [58, 0.0, 1.0], [57, 0.0, 1.0], [56, 0.0, 0.6], [55, 9.0, 0.6], [54, 0.0, 0.6], [53, 0.0, 0.3], [52, 0.0, 0.3], [51, 1.0, 0.3]]",67,5-20,Areas,0,-3
Irina Kovalenko North|boys,Arroyo Verde,boys,9A,65,5.4,-3.0,0.0,55,0,59,59 58 57 56 55 54 53 52 51,"[[59, 0.0, 1.0], [58, 0.0, 1.0], [57, 0.0, 1.0], [56, 0.0, 0.6], [55, 0.0, 0.6], [54, 0.0, 0.6], [53, 10.0, 0.3], [52, 8.0, 0.3], [51, 0.0, 0.3]]",68,7-22,Areas,0,-3
Purcell|boys,Purcell,boys,9A,66,5.4,0.0,0.0,60,0,59,59 58 57 56 55 54 53 52 51,"[[59, 0.0, 1.0], [58, 0.0, 1.0], [57, 0.0, 1.0], [56, 0.0, 0.6], [55, 0.0, 0.6], [54, 0.0, 0.6], [53, 0.0, 0.3], [52, 12.0, 0.3], [51, 6.0, 0.3]]",78,4-23,Areas,0,-12
Tamarack Harbor|boys,Tamarack Harbor,boys,9A,67,5.3,-0.2999999999999998,0.0,20,0,59,59 58 57 56 55 54 53 52 51,"[[59, 0.0, 1.0], [58, 0.0, 1.0], [57, 5.0, 1.0], [56, 0.0, 0.6], [55, 0.0, 0.6], [54, 0.0, 0.6], [53, 1.0, 0.3], [52, 0.0, 0.3], [51, 0.0, 0.3]]",62,10-20,Areas,0,5
Marsh Depot|boys,Jersey City,boys,9A,68,4.2,-11.400000000000002,0.0,60,0,59,59 58 57 56 55 54 53 52 51,"[[59, 0.0, 1.0], [58, 0.0, 1.0], [57, 0.0, 1.0], [56, 0.0, 0.6], [55, 0.0, 0.6], [54, 0.0, 0.6], [53, 0.0, 0.3], [52, 4.0, 0.3], [51, 10.0, 0.3]]",85,1-25,Areas,0,-17
Serrano Applied Sciences Institute|boys,Arroyo Seco,boys,9A,69,3.6,-1.7999999999999998,0.0,55,0,59,59 58 57 56 55 54 53 52 51,"[[59, 0.0, 1.0], [58, 0.0, 1.0], [57, 0.0, 1.0], [56, 0.0, 0.6], [55, 0.0, 0.6], [54, 0.0, 0.6], [53, 5.0, 0.3], [52, 1.0, 0.3], [51, 6.0, 0.3]]",69,6-24,Areas,0,0
Javier Villalba|boys,Los Feliz,boys,9A,70,3.3,-1.7999999999999998,0.0,60,0,59,59 58 57 56 55 54 53 52 51,"[[59, 0.0, 1.0], [58, 0.0, 1.0], [57, 0.0, 1.0], [56, 0.0, 0.6], [55, 0.0, 0.6], [54, 0.0, 0.6], [53, 0.0, 0.3], [52, 11.0, 0.3], [51, 0.0, 0.3]]",82,3-22,Areas,0,-12
Orellana Treasure Valley|boys,Treasure Valley,boys,9A,71,3.3,-0.5999999999999996,0.0,60,0,59,59 58 57 56 55 54 53 52 51,"[[59, 0.0, 1.0], [58, 0.0, 1.0], [57, 0.0, 1.0], [56, 0.0, 0.6], [55, 0.0, 0.6], [54, 0.0, 0.6], [53, 2.0, 0.3], [52, 9.0, 0.3], [51, 0.0, 0.3]]",80,4-22,Areas,0,-9
Redwood Coast|boys,Bienville,boys,9A,72,3.0,0.0,0.0,60,0,59,59 58 57 56 55 54 53 52 51,"[[59, 0.0, 1.0], [58, 0.0, 1.0], [57, 0.0, 1.0], [56, 0.0, 0.6], [55, 0.0, 0.6], [54, 0.0, 0.6], [53, 0.0, 0.3], [52, 5.0, 0.3], [51, 5.0, 0.3]]",52,10-18,Areas,0,20
Galina Markov|boys,Monroe,boys,9A,73,2.7,-2.1,0.0,60,0,59,59 58 57 56 55 54 53 52 51,"[[59, 0.0, 1.0], [58, 0.0, 1.0], [57, 0.0, 1.0], [56, 0.0, 0.6], [55, 0.0, 0.6], [54, 0.0, 0.6], [53, 0.0, 0.3], [52, 0.0, 0.3], [51, 9.0, 0.3]]",54,10-20,Areas,0,19
Rosa Castañeda|boys,Tippecanoe,boys,9A,74,2.7,-2.7,0.0,60,0,59,59 58 57 56 55 54 53 52 51,"[[59, 0.0, 1.0], [58, 0.0, 1.0], [57, 0.0, 1.0], [56, 0.0, 0.6], [55, 0.0, 0.6], [54, 0.0, 0.6], [53, 0.0, 0.3], [52, 9.0, 0.3], [51, 0.0, 0.3]]",81,3-23,Areas,0,-7
James Gaines|boys,Rogue Valley,boys,9A,75,2.5,-2.7,0.0,37,0,59,59 58 57 56 55 54 53 52 51,"[[59, 0.0, 1.0], [58, 1.0, 1.0], [57, 0.0, 1.0], [56, 0.0, 0.6], [55, 0.0, 0.6], [54, 0.0, 0.6], [53, 5.0, 0.3], [52, 0.0, 0.3], [51, 0.0, 0.3]]",42,13-15,Parastate,0,33
Trinity Catholic|boys,Trinity Catholic,boys,9A,76,2.5,-3.0,0.0,60,0,59,59 58 57 56 55 54 53 52 51,"[[59, 0.0, 1.0], [58, 0.0, 1.0], [57, 1.0, 1.0], [56, 0.0, 0.6], [55, 0.0, 0.6], [54, 2.0, 0.6], [53, 0.0, 0.3], [52, 0.0, 0.3], [51, 1.0, 0.3]]",56,9-12,Areas,0,20
Cortland|boys,Cortland,boys,9A,77,2.4,-1.7999999999999994,0.0,60,0,59,59 58 57 56 55 54 53 52 51,"[[59, 0.0, 1.0], [58, 0.0, 1.0], [57, 0.0, 1.0], [56, 0.0, 0.6], [55, 0.0, 0.6], [54, 1.0, 0.6], [53, 6.0, 0.3], [52, 0.0, 0.3], [51, 0.0, 0.3]]",60,9-16,Areas,0,17
Mission Bay|boys,Mission Bay,boys,9A,78,2.4,0.0,0.0,60,0,59,59 58 57 56 55 54 53 52 51,"[[59, 0.0, 1.0], [58, 0.0, 1.0], [57, 0.0, 1.0], [56, 0.0, 0.6], [55, 0.0, 0.6], [54, 4.0, 0.6], [53, 0.0, 0.3], [52, 0.0, 0.3], [51, 0.0, 0.3]]",55,7-17,Areas,0,23
Vista Terrace|boys,Vista Terrace,boys,9A,79,2.4,-2.4,0.0,60,0,59,59 58 57 56 55 54 53 52 51,"[[59, 0.0, 1.0], [58, 0.0, 1.0], [57, 0.0, 1.0], [56, 0.0, 0.6], [55, 0.0, 0.6], [54, 0.0, 0.6], [53, 8.0, 0.3], [52, 0.0, 0.3], [51, 0.0, 0.3]]",53,9-16,Sectionals,0,26
Carmen Cordero|boys,Bannock,boys,9A,80,2.0,1.1,2.0,60,0,59,59 58 57 56 55 54 53 52 51,"[[59, 2.0, 1.0], [58, 0.0, 1.0], [57, 0.0, 1.0], [56, 0.0, 0.6], [55, 0.0, 0.6], [54, 0.0, 0.6], [53, 0.0, 0.3], [52, 0.0, 0.3], [51, 0.0, 0.3]]",46,14-15,Parastate,0,34
Yelena Belov|boys,Pennsauke,boys,9A,81,1.5,-1.5,0.0,60,0,59,59 58 57 56 55 54 53 52 51,"[[59, 0.0, 1.0], [58, 0.0, 1.0], [57, 0.0, 1.0], [56, 0.0, 0.6], [55, 0.0, 0.6], [54, 0.0, 0.6], [53, 5.0, 0.3], [52, 0.0, 0.3], [51, 0.0, 0.3]]",59,8-17,Areas,0,22
César Mendoza|boys,De La Salle,boys,9A,82,1.2,-1.2,0.0,60,0,59,59 58 57 56 55 54 53 52 51,"[[59, 0.0, 1.0], [58, 0.0, 1.0], [57, 0.0, 1.0], [56, 0.0, 0.6], [55, 0.0, 0.6], [54, 0.0, 0.6], [53, 4.0, 0.3], [52, 0.0, 0.3], [51, 0.0, 0.3]]",77,4-19,Areas,0,5
Dolores Huerta|boys,Huerta,boys,9A,83,0.6,0.0,0.0,60,0,59,59 58 57 56 55 54 53 52 51,"[[59, 0.0, 1.0], [58, 0.0, 1.0], [57, 0.0, 1.0], [56, 0.0, 0.6], [55, 0.0, 0.6], [54, 1.0, 0.6], [53, 0.0, 0.3], [52, 0.0, 0.3], [51, 0.0, 0.3]]",44,10-15,Parastate,0,39
Jefferson School of Science and Technology|boys,Jefferson Science,boys,9A,84,0.0,-1.5,0.0,60,0,59,59 58 57 56 55 54 53 52 51,"[[59, 0.0, 1.0], [58, 0.0, 1.0], [57, 0.0, 1.0], [56, 0.0, 0.6], [55, 0.0, 0.6], [54, 0.0, 0.6], [53, 0.0, 0.3], [52, 0.0, 0.3], [51, 0.0, 0.3]]",84,0-23,Areas,0,0
Katherine Williams|boys,Pierce,boys,9A,85,0.0,0.0,0.0,60,0,59,59 58 57 56 55 54 53 52 51,"[[59, 0.0, 1.0], [58, 0.0, 1.0], [57, 0.0, 1.0], [56, 0.0, 0.6], [55, 0.0, 0.6], [54, 0.0, 0.6], [53, 0.0, 0.3], [52, 0.0, 0.3], [51, 0.0, 0.3]]",86,1-27,Areas,0,-1
Octavia Butler|boys,Butler,boys,9A,86,0.0,0.0,0.0,60,0,59,59 58 57 56 55 54 53 52 51,"[[59, 0.0, 1.0], [58, 0.0, 1.0], [57, 0.0, 1.0], [56, 0.0, 0.6], [55, 0.0, 0.6], [54, 0.0, 0.6], [53, 0.0, 0.3], [52, 0.0, 0.3], [51, 0.0, 0.3]]",72,4-19,Areas,0,14
Terrace Park|boys,Terrace Park,boys,Group 1,1,185.2,-1.0999999999999943,25.0,60,0,59,59 58 57 56 55 54 53 52 51,"[[59, 25.0, 1.0], [58, 39.0, 1.0], [57, 39.0, 1.0], [56, 39.0, 0.6], [55, 27.0, 0.6], [54, 27.0, 0.6], [53, 10.0, 0.3], [52, 39.0, 0.3], [51, 39.0, 0.3]]",1,28-4,Semifinalist,0,0
Aldecoa Depot High|boys,Grant,boys,Group 1,2,111.4,12.5,26.0,60,0,59,59 58 57 56 55 54 53 52 51,"[[59, 26.0, 1.0], [58, 17.0, 1.0], [57, 27.0, 1.0], [56, 27.0, 0.6], [55, 25.0, 0.6], [54, 12.0, 0.6], [53, 9.0, 0.3], [52, 1.0, 0.3], [51, 0.0, 0.3]]",3,31-6,Finalist,0,-1
Zubieta River Plain|boys,River Plain,boys,Group 1,3,105.7,1.6000000000000083,11.0,37,0,59,59 58 57 56 55 54 53 52 51,"[[59, 11.0, 1.0], [58, 25.0, 1.0], [57, 25.0, 1.0], [56, 10.0, 0.6], [55, 39.0, 0.6], [54, 10.0, 0.6], [53, 16.0, 0.3], [52, 9.0, 0.3], [51, 6.0, 0.3]]",4,31-2,Octofinalist,0,-1
Irvington|boys,Irvington,boys,Group 1,4,92.1,3.0,16.0,43,0,59,59 58 57 56 55 54 53 52 51,"[[59, 16.0, 1.0], [58, 10.0, 1.0], [57, 25.0, 1.0], [56, 16.0, 0.6], [55, 16.0, 0.6], [54, 17.0, 0.6], [53, 12.0, 0.3], [52, 11.0, 0.3], [51, 16.0, 0.3]]",7,23-9,Quarterfinalist,0,-3
Lev Voronin|boys,Cole Valley,boys,Group 1,5,85.80000000000001,31.00000000000002,39.0,60,0,59,59 58 57 56 55 54 53 52 51,"[[59, 39.0, 1.0], [58, 16.0, 1.0], [57, 8.0, 1.0], [56, 14.0, 0.6], [55, 8.0, 0.6], [54, 8.0, 0.6], [53, 8.0, 0.3], [52, 8.0, 0.3], [51, 0.0, 0.3]]",2,32-1,Champion,1,3
Jackson Hole High|boys,Jackson Hole,boys,Group 1,6,80.1,2.700000000000003,16.0,38,0,59,59 58 57 56 55 54 53 52 51,"[[59, 16.0, 1.0], [58, 16.0, 1.0], [57, 16.0, 1.0], [56, 25.0, 0.6], [55, 10.0, 0.6], [54, 8.0, 0.6], [53, 5.0, 0.3], [52, 0.0, 0.3], [51, 16.0, 0.3]]",12,20-6,Quarterfinalist,0,-6
Rio San Juan|boys,Rio San Juan,boys,Group 1,7,75.1,5.499999999999986,17.0,43,0,59,59 58 57 56 55 54 53 52 51,"[[59, 17.0, 1.0], [58, 10.0, 1.0], [57, 10.0, 1.0], [56, 10.0, 0.6], [55, 11.0, 0.6], [54, 9.0, 0.6], [53, 17.0, 0.3], [52, 25.0, 0.3], [51, 25.0, 0.3]]",5,26-1,Quarterfinalist,0,2
Aurelia Classical Academy|boys,Goodman,boys,Group 1,8,71.3,3.5999999999999943,10.0,60,0,59,59 58 57 56 55 54 53 52 51,"[[59, 10.0, 1.0], [58, 27.0, 1.0], [57, 16.0, 1.0], [56, 16.0, 0.6], [55, 10.0, 0.6], [54, 3.0, 0.6], [53, 0.0, 0.3], [52, 0.0, 0.3], [51, 3.0, 0.3]]",13,22-6,Octofinalist,0,-5
Aitor Echevarria|boys,Point Loma,boys,Group 1,9,71.29999999999998,14.799999999999985,24.0,60,0,59,59 58 57 56 55 54 53 52 51,"[[59, 24.0, 1.0], [58, 9.0, 1.0], [57, 8.0, 1.0], [56, 14.0, 0.6], [55, 11.0, 0.6], [54, 16.0, 0.6], [53, 12.0, 0.3], [52, 6.0, 0.3], [51, 1.0, 0.3]]",15,22-7,Semifinalist,0,-6
Vermillion|boys,Vermillion,boys,Group 1,10,64.2,9.200000000000005,16.0,43,0,59,59 58 57 56 55 54 53 52 51,"[[59, 16.0, 1.0], [58, 24.0, 1.0], [57, 11.0, 1.0], [56, 8.0, 0.6], [55, 10.0, 0.6], [54, 0.0, 0.6], [53, 2.0, 0.3], [52, 3.0, 0.3], [51, 3.0, 0.3]]",8,30-2,Quarterfinalist,0,2
Frontier High|boys,Frontier,boys,Group 1,11,58.8,-7.200000000000003,0.0,60,0,59,59 58 57 56 55 54 53 52 51,"[[59, 0.0, 1.0], [58, 8.0, 1.0], [57, 10.0, 1.0], [56, 9.0, 0.6], [55, 16.0, 0.6], [54, 38.0, 0.6], [53, 0.0, 0.3], [52, 0.0, 0.3], [51, 10.0, 0.3]]",74,1-27,Sectionals,0,-63
Aldecoa Applied Sciences Institute|boys,Deadwood,boys,Group 1,12,55.6,-4.099999999999994,10.0,55,0,59,59 58 57 56 55 54 53 52 51,"[[59, 10.0, 1.0], [58, 4.0, 1.0], [57, 11.0, 1.0], [56, 24.0, 0.6], [55, 10.0, 0.6], [54, 11.0, 0.6], [53, 4.0, 0.3], [52, 0.0, 0.3], [51, 8.0, 0.3]]",22,21-14,Round of 32,0,-10
Ashbury Central|boys,Tallulah Central,boys,Group 1,13,55.5,4.600000000000001,10.0,60,0,59,59 58 57 56 55 54 53 52 51,"[[59, 10.0, 1.0], [58, 10.0, 1.0], [57, 16.0, 1.0], [56, 9.0, 0.6], [55, 16.0, 0.6], [54, 1.0, 0.6], [53, 5.0, 0.3], [52, 7.0, 0.3], [51, 1.0, 0.3]]",9,22-8,Octofinalist,0,4
Jon Garmendia|boys,Pope Leo XIV,boys,Group 1,14,54.8,-0.3999999999999986,10.0,60,0,59,59 58 57 56 55 54 53 52 51,"[[59, 10.0, 1.0], [58, 9.0, 1.0], [57, 13.0, 1.0], [56, 8.0, 0.6], [55, 3.0, 0.6], [54, 10.0, 0.6], [53, 24.0, 0.3], [52, 5.0, 0.3], [51, 5.0, 0.3]]",14,26-8,Octofinalist,0,0
Ainhoa Mendizabal|boys,Charles Harbor,boys,Group 1,15,53.4,6.400000000000006,11.0,60,0,59,59 58 57 56 55 54 53 52 51,"[[59, 11.0, 1.0], [58, 18.0, 1.0], [57, 10.0, 1.0], [56, 4.0, 0.6], [55, 3.0, 0.6], [54, 10.0, 0.6], [53, 4.0, 0.3], [52, 10.0, 0.3], [51, 0.0, 0.3]]",27,21-12,Round of 32,0,-12
Esteban Téllez|boys,Sawtelle,boys,Group 1,16,53.09999999999999,3.6999999999999886,10.0,60,0,59,59 58 57 56 55 54 53 52 51,"[[59, 10.0, 1.0], [58, 11.0, 1.0], [57, 9.0, 1.0], [56, 6.0, 0.6], [55, 8.0, 0.6], [54, 12.0, 0.6], [53, 11.0, 0.3], [52, 8.0, 0.3], [51, 6.0, 0.3]]",25,21-14,Round of 32,0,-9
Leire Aramburu|boys,Furnace Creek,boys,Group 1,17,52.0,4.5,10.0,55,0,59,59 58 57 56 55 54 53 52 51,"[[59, 10.0, 1.0], [58, 8.0, 1.0], [57, 16.0, 1.0], [56, 10.0, 0.6], [55, 10.0, 0.6], [54, 10.0, 0.6], [53, 0.0, 0.3], [52, 0.0, 0.3], [51, 0.0, 0.3]]",10,24-6,Octofinalist,0,7
I-50 Technical North|boys,Tuscarora,boys,Group 1,18,50.29999999999999,-5.600000000000001,12.0,60,0,59,59 58 57 56 55 54 53 52 51,"[[59, 12.0, 1.0], [58, 10.0, 1.0], [57, 10.0, 1.0], [56, 8.0, 0.6], [55, 8.0, 0.6], [54, 0.0, 0.6], [53, 10.0, 0.3], [52, 8.0, 0.3], [51, 11.0, 0.3]]",24,20-11,Octofinalist,0,-6
Rostova Junction Technical Arts Academy|boys,Rostova Tech,boys,Group 1,19,48.3,2.999999999999993,9.0,55,0,59,59 58 57 56 55 54 53 52 51,"[[59, 9.0, 1.0], [58, 10.0, 1.0], [57, 11.0, 1.0], [56, 6.0, 0.6], [55, 12.0, 0.6], [54, 7.0, 0.6], [53, 1.0, 0.3], [52, 2.0, 0.3], [51, 8.0, 0.3]]",19,18-10,Round of 32,0,0
Elena Petrenko|boys,Kingsway,boys,Group 1,20,47.9,6.0,10.0,37,0,59,59 58 57 56 55 54 53 52 51,"[[59, 10.0, 1.0], [58, 10.0, 1.0], [57, 9.0, 1.0], [56, 10.0, 0.6], [55, 10.0, 0.6], [54, 11.0, 0.6], [53, 0.0, 0.3], [52, 1.0, 0.3], [51, 0.0, 0.3]]",16,24-10,Round of 32,0,4
Opal Tillman|boys,Granite,boys,Group 1,21,47.5,1.0,9.0,60,0,59,59 58 57 56 55 54 53 52 51,"[[59, 9.0, 1.0], [58, 12.0, 1.0], [57, 10.0, 1.0], [56, 8.0, 0.6], [55, 10.0, 0.6], [54, 0.0, 0.6], [53, 8.0, 0.3], [52, 9.0, 0.3], [51, 2.0, 0.3]]",20,21-10,Round of 32,0,1
Rock Springs High|boys,Rock Springs,boys,Group 1,22,47.4,10.799999999999995,12.0,38,0,59,59 58 57 56 55 54 53 52 51,"[[59, 12.0, 1.0], [58, 9.0, 1.0], [57, 9.0, 1.0], [56, 3.0, 0.6], [55, 10.0, 0.6], [54, 12.0, 0.6], [53, 0.0, 0.3], [52, 7.0, 0.3], [51, 1.0, 0.3]]",17,22-11,Octofinalist,0,5
Belmonte River Plain|boys,Chillicothe,boys,Group 1,23,45.5,-5.5,3.0,60,0,59,59 58 57 56 55 54 53 52 51,"[[59, 3.0, 1.0], [58, 10.0, 1.0], [57, 10.0, 1.0], [56, 10.0, 0.6], [55, 6.0, 0.6], [54, 0.0, 0.6], [53, 10.0, 0.3], [52, 8.0, 0.3], [51, 25.0, 0.3]]",44,13-19,Parastate,0,-21
Andrés Ibarra|boys,Monongahela,boys,Group 1,24,45.3,1.8000000000000045,9.0,60,0,59,59 58 57 56 55 54 53 52 51,"[[59, 9.0, 1.0], [58, 9.0, 1.0], [57, 9.0, 1.0], [56, 12.0, 0.6], [55, 11.0, 0.6], [54, 0.0, 0.6], [53, 0.0, 0.3], [52, 11.0, 0.3], [51, 4.0, 0.3]]",18,19-11,Round of 32,0,6
Carden City|boys,Carden City,boys,Group 1,25,44.7,-5.399999999999999,0.0,60,0,59,59 58 57 56 55 54 53 52 51,"[[59, 0.0, 1.0], [58, 0.0, 1.0], [57, 0.0, 1.0], [56, 6.0, 0.6], [55, 25.0, 0.6], [54, 25.0, 0.6], [53, 10.0, 0.3], [52, 27.0, 0.3], [51, 0.0, 0.3]]",69,2-24,Sectionals,0,-44
Green River High|boys,Green River,boys,Group 1,26,43.400000000000006,3.6000000000000085,10.0,38,0,59,59 58 57 56 55 54 53 52 51,"[[59, 10.0, 1.0], [58, 9.0, 1.0], [57, 4.0, 1.0], [56, 7.0, 0.6], [55, 10.0, 0.6], [54, 11.0, 0.6], [53, 12.0, 0.3], [52, 0.0, 0.3], [51, 0.0, 0.3]]",28,17-11,Round of 32,0,-2
Harriman|boys,Harriman,boys,Group 1,27,42.1,-14.200000000000005,1.0,60,0,59,59 58 57 56 55 54 53 52 51,"[[59, 1.0, 1.0], [58, 3.0, 1.0], [57, 0.0, 1.0], [56, 11.0, 0.6], [55, 9.0, 0.6], [54, 24.0, 0.6], [53, 26.0, 0.3], [52, 8.0, 0.3], [51, 5.0, 0.3]]",26,17-11,Parastate,0,1
Cañada Grande|boys,Cañada Grande,boys,Group 1,28,40.9,-8.499999999999993,3.0,60,0,59,59 58 57 56 55 54 53 52 51,"[[59, 3.0, 1.0], [58, 1.0, 1.0], [57, 3.0, 1.0], [56, 16.0, 0.6], [55, 16.0, 0.6], [54, 8.0, 0.6], [53, 17.0, 0.3], [52, 8.0, 0.3], [51, 8.0, 0.3]]",42,13-20,Parastate,0,-14
Itziar Lertxundi|boys,Noe Valley,boys,Group 1,29,37.7,-1.7000000000000028,1.0,37,0,59,59 58 57 56 55 54 53 52 51,"[[59, 1.0, 1.0], [58, 12.0, 1.0], [57, 10.0, 1.0], [56, 6.0, 0.6], [55, 8.0, 0.6], [54, 2.0, 0.6], [53, 1.0, 0.3], [52, 16.0, 0.3], [51, 0.0, 0.3]]",40,12-19,Parastate,0,-11
James Madison North|boys,Hagerstown,boys,Group 1,30,36.6,-19.099999999999994,0.0,37,0,59,59 58 57 56 55 54 53 52 51,"[[59, 0.0, 1.0], [58, 0.0, 1.0], [57, 0.0, 1.0], [56, 11.0, 0.6], [55, 14.0, 0.6], [54, 8.0, 0.6], [53, 38.0, 0.3], [52, 7.0, 0.3], [51, 11.0, 0.3]]",64,4-18,Sectionals,0,-34
John F. Kennedy North|boys,Box Canyon,boys,Group 1,31,36.4,9.0,10.0,55,0,59,59 58 57 56 55 54 53 52 51,"[[59, 10.0, 1.0], [58, 12.0, 1.0], [57, 12.0, 1.0], [56, 1.0, 0.6], [55, 0.0, 0.6], [54, 0.0, 0.6], [53, 2.0, 0.3], [52, 3.0, 0.3], [51, 1.0, 0.3]]",39,17-16,Round of 32,0,-8
Homecroft|boys,Homecroft,boys,Group 1,32,36.3,0.8000000000000043,9.0,60,0,59,59 58 57 56 55 54 53 52 51,"[[59, 9.0, 1.0], [58, 12.0, 1.0], [57, 3.0, 1.0], [56, 4.0, 0.6], [55, 0.0, 0.6], [54, 6.0, 0.6], [53, 12.0, 0.3], [52, 4.0, 0.3], [51, 5.0, 0.3]]",34,17-15,Round of 32,0,-2
Fort Valois|boys,Fort Valois,boys,Group 1,33,35.4,8.999999999999996,9.0,60,0,59,59 58 57 56 55 54 53 52 51,"[[59, 9.0, 1.0], [58, 11.0, 1.0], [57, 10.0, 1.0], [56, 0.0, 0.6], [55, 0.0, 0.6], [54, 1.0, 0.6], [53, 0.0, 0.3], [52, 10.0, 0.3], [51, 6.0, 0.3]]",23,19-12,Round of 32,0,10
Galina Romanov|boys,Stagewater,boys,Group 1,34,35.2,-10.9,1.0,60,0,59,59 58 57 56 55 54 53 52 51,"[[59, 1.0, 1.0], [58, 5.0, 1.0], [57, 1.0, 1.0], [56, 8.0, 0.6], [55, 9.0, 0.6], [54, 12.0, 0.6], [53, 2.0, 0.3], [52, 25.0, 0.3], [51, 9.0, 0.3]]",48,11-17,Parastate,0,-14
Marian Cross|boys,Quail Hollow,boys,Group 1,35,33.4,-4.899999999999999,4.0,55,0,59,59 58 57 56 55 54 53 52 51,"[[59, 4.0, 1.0], [58, 0.0, 1.0], [57, 0.0, 1.0], [56, 11.0, 0.6], [55, 6.0, 0.6], [54, 17.0, 0.6], [53, 8.0, 0.3], [52, 11.0, 0.3], [51, 11.0, 0.3]]",41,14-16,Parastate,0,-6
Amaia Etxeberria|boys,Boyle Heights,boys,Group 1,36,32.400000000000006,9.700000000000005,10.0,60,0,59,59 58 57 56 55 54 53 52 51,"[[59, 10.0, 1.0], [58, 10.0, 1.0], [57, 10.0, 1.0], [56, 0.0, 0.6], [55, 1.0, 0.6], [54, 0.0, 0.6], [53, 1.0, 0.3], [52, 0.0, 0.3], [51, 5.0, 0.3]]",6,26-5,Octofinalist,0,30
Idaho Valley|boys,Idaho Valley,boys,Group 1,37,31.200000000000003,12.000000000000004,12.0,43,0,59,59 58 57 56 55 54 53 52 51,"[[59, 12.0, 1.0], [58, 5.0, 1.0], [57, 7.0, 1.0], [56, 0.0, 0.6], [55, 6.0, 0.6], [54, 6.0, 0.6], [53, 0.0, 0.3], [52, 0.0, 0.3], [51, 0.0, 0.3]]",37,15-14,Round of 32,0,0
Sadie Freeman|boys,High Desert Co-op,boys,Group 1,38,30.9,3.1999999999999997,8.0,60,0,59,59 58 57 56 55 54 53 52 51,"[[59, 8.0, 1.0], [58, 9.0, 1.0], [57, 10.0, 1.0], [56, 6.0, 0.6], [55, 0.0, 0.6], [54, 0.0, 0.6], [53, 1.0, 0.3], [52, 0.0, 0.3], [51, 0.0, 0.3]]",11,24-8,Round of 32,0,27
West Oberlin|boys,West Oberlin,boys,Group 1,39,30.4,-3.799999999999997,3.0,43,0,59,59 58 57 56 55 54 53 52 51,"[[59, 3.0, 1.0], [58, 5.0, 1.0], [57, 8.0, 1.0], [56, 2.0, 0.6], [55, 3.0, 0.6], [54, 0.0, 0.6], [53, 4.0, 0.3], [52, 8.0, 0.3], [51, 26.0, 0.3]]",36,13-13,Parastate,0,3
Homestead North|boys,Garden Plain,boys,Group 1,40,29.9,-8.799999999999997,0.0,60,0,59,59 58 57 56 55 54 53 52 51,"[[59, 0.0, 1.0], [58, 2.0, 1.0], [57, 0.0, 1.0], [56, 16.0, 0.6], [55, 9.0, 0.6], [54, 10.0, 0.6], [53, 8.0, 0.3], [52, 5.0, 0.3], [51, 10.0, 0.3]]",56,5-17,Sectionals,0,-16
Elena Mendoza North|boys,Cahaba,boys,Group 1,41,27.200000000000003,3.6000000000000014,10.0,60,0,59,59 58 57 56 55 54 53 52 51,"[[59, 10.0, 1.0], [58, 0.0, 1.0], [57, 1.0, 1.0], [56, 4.0, 0.6], [55, 1.0, 0.6], [54, 6.0, 0.6], [53, 0.0, 0.3], [52, 16.0, 0.3], [51, 16.0, 0.3]]",31,18-15,Round of 32,0,10
Zubieta|boys,Zubieta,boys,Group 1,42,24.6,-9.6,0.0,60,0,59,59 58 57 56 55 54 53 52 51,"[[59, 0.0, 1.0], [58, 3.0, 1.0], [57, 6.0, 1.0], [56, 12.0, 0.6], [55, 1.0, 0.6], [54, 1.0, 0.6], [53, 8.0, 0.3], [52, 6.0, 0.3], [51, 10.0, 0.3]]",49,8-15,Sectionals,0,-7
Cincinnati|boys,Cincinnati,boys,Group 1,43,24.6,-3.0,0.0,43,0,59,59 58 57 56 55 54 53 52 51,"[[59, 0.0, 1.0], [58, 0.0, 1.0], [57, 0.0, 1.0], [56, 0.0, 0.6], [55, 11.0, 0.6], [54, 17.0, 0.6], [53, 10.0, 0.3], [52, 12.0, 0.3], [51, 4.0, 0.3]]",60,7-21,Sectionals,0,-17
Echevarria Foundry High|boys,Bitterroot,boys,Group 1,44,21.3,5.800000000000001,7.0,55,0,59,59 58 57 56 55 54 53 52 51,"[[59, 7.0, 1.0], [58, 3.0, 1.0], [57, 8.0, 1.0], [56, 0.0, 0.6], [55, 0.0, 0.6], [54, 1.0, 0.6], [53, 1.0, 0.3], [52, 0.0, 0.3], [51, 8.0, 0.3]]",29,19-14,Parastate,0,15
Romare Bearden|boys,Romare Bearden,boys,Group 1,45,20.500000000000004,1.1000000000000014,3.0,60,0,59,59 58 57 56 55 54 53 52 51,"[[59, 3.0, 1.0], [58, 4.0, 1.0], [57, 12.0, 1.0], [56, 1.0, 0.6], [55, 0.0, 0.6], [54, 1.0, 0.6], [53, 0.0, 0.3], [52, 0.0, 0.3], [51, 1.0, 0.3]]",38,16-15,Parastate,0,7
Belmonte Northwest|boys,Kokomo,boys,Group 1,46,20.3,-4.899999999999999,0.0,60,0,59,59 58 57 56 55 54 53 52 51,"[[59, 0.0, 1.0], [58, 8.0, 1.0], [57, 0.0, 1.0], [56, 4.0, 0.6], [55, 0.0, 0.6], [54, 1.0, 0.6], [53, 11.0, 0.3], [52, 10.0, 0.3], [51, 10.0, 0.3]]",51,9-17,Parastate,0,-5
Mikel Echevarria|boys,Fir Valley,boys,Group 1,47,19.5,-12.900000000000002,0.0,60,0,59,59 58 57 56 55 54 53 52 51,"[[59, 0.0, 1.0], [58, 0.0, 1.0], [57, 0.0, 1.0], [56, 0.0, 0.6], [55, 11.0, 0.6], [54, 3.0, 0.6], [53, 25.0, 0.3], [52, 4.0, 0.3], [51, 8.0, 0.3]]",73,0-27,Sectionals,0,-26
Utah|boys,Utah,boys,Group 1,48,18.3,0.5000000000000036,5.0,43,0,59,59 58 57 56 55 54 53 52 51,"[[59, 5.0, 1.0], [58, 1.0, 1.0], [57, 0.0, 1.0], [56, 0.0, 0.6], [55, 0.0, 0.6], [54, 12.0, 0.6], [53, 7.0, 0.3], [52, 1.0, 0.3], [51, 9.0, 0.3]]",35,15-13,Parastate,0,13
Aldecoa|boys,Aldecoa,boys,Group 1,49,17.299999999999997,-12.200000000000005,0.0,60,0,59,59 58 57 56 55 54 53 52 51,"[[59, 0.0, 1.0], [58, 0.0, 1.0], [57, 5.0, 1.0], [56, 11.0, 0.6], [55, 8.0, 0.6], [54, 0.0, 0.6], [53, 0.0, 0.3], [52, 0.0, 0.3], [51, 3.0, 0.3]]",65,4-22,Sectionals,0,-16
Depot High North|boys,Natchez,boys,Group 1,50,16.5,-5.099999999999998,1.0,37,0,59,59 58 57 56 55 54 53 52 51,"[[59, 1.0, 1.0], [58, 0.0, 1.0], [57, 2.0, 1.0], [56, 1.0, 0.6], [55, 0.0, 0.6], [54, 7.0, 0.6], [53, 11.0, 0.3], [52, 10.0, 0.3], [51, 8.0, 0.3]]",57,10-17,Wards,0,-7
Harriman South|boys,Hidden Draw,boys,Group 1,51,16.4,-7.800000000000001,0.0,60,0,59,59 58 57 56 55 54 53 52 51,"[[59, 0.0, 1.0], [58, 1.0, 1.0], [57, 1.0, 1.0], [56, 6.0, 0.6], [55, 2.0, 0.6], [54, 0.0, 0.6], [53, 9.0, 0.3], [52, 11.0, 0.3], [51, 12.0, 0.3]]",71,1-20,Sectionals,0,-20
Atlanta|boys,Atlanta,boys,Group 1,52,15.9,-2.099999999999998,0.0,43,0,59,59 58 57 56 55 54 53 52 51,"[[59, 0.0, 1.0], [58, 0.0, 1.0], [57, 0.0, 1.0], [56, 0.0, 0.6], [55, 0.0, 0.6], [54, 12.0, 0.6], [53, 4.0, 0.3], [52, 16.0, 0.3], [51, 9.0, 0.3]]",61,7-20,Sectionals,0,-9
Gravel Narrows|boys,Gravel Narrows,boys,Group 1,53,14.6,7.6,8.0,60,0,59,59 58 57 56 55 54 53 52 51,"[[59, 8.0, 1.0], [58, 3.0, 1.0], [57, 0.0, 1.0], [56, 1.0, 0.6], [55, 0.0, 0.6], [54, 0.0, 0.6], [53, 0.0, 0.3], [52, 1.0, 0.3], [51, 9.0, 0.3]]",32,21-15,Round of 32,0,21
Homestead|boys,Homestead,boys,Group 1,54,14.2,4.0,4.0,60,0,59,59 58 57 56 55 54 53 52 51,"[[59, 4.0, 1.0], [58, 0.0, 1.0], [57, 3.0, 1.0], [56, 0.0, 0.6], [55, 0.0, 0.6], [54, 10.0, 0.6], [53, 0.0, 0.3], [52, 4.0, 0.3], [51, 0.0, 0.3]]",21,22-6,Parastate,0,33
Treasure Valley|boys,Caney,boys,Group 1,55,14.1,-3.0000000000000018,0.0,60,0,59,59 58 57 56 55 54 53 52 51,"[[59, 0.0, 1.0], [58, 8.0, 1.0], [57, 1.0, 1.0], [56, 0.0, 0.6], [55, 1.0, 0.6], [54, 0.0, 0.6], [53, 10.0, 0.3], [52, 5.0, 0.3], [51, 0.0, 0.3]]",53,5-20,Sectionals,0,2
Harriman Maritime Academy|boys,Kennedy,boys,Group 1,56,13.599999999999998,0.7999999999999972,2.0,60,0,59,59 58 57 56 55 54 53 52 51,"[[59, 2.0, 1.0], [58, 1.0, 1.0], [57, 1.0, 1.0], [56, 0.0, 0.6], [55, 1.0, 0.6], [54, 8.0, 0.6], [53, 4.0, 0.3], [52, 4.0, 0.3], [51, 6.0, 0.3]]",30,14-15,Parastate,0,26
Paul Robeson|boys,Robeson,boys,Group 1,57,13.2,1.5,8.0,60,0,59,59 58 57 56 55 54 53 52 51,"[[59, 8.0, 1.0], [58, 1.0, 1.0], [57, 0.0, 1.0], [56, 5.0, 0.6], [55, 0.0, 0.6], [54, 0.0, 0.6], [53, 4.0, 0.3], [52, 0.0, 0.3], [51, 0.0, 0.3]]",33,16-12,Parastate,0,24
Fort Valois School of Public Service|boys,Sagebrush,boys,Group 1,58,12.0,-4.099999999999998,0.0,60,0,59,59 58 57 56 55 54 53 52 51,"[[59, 0.0, 1.0], [58, 0.0, 1.0], [57, 0.0, 1.0], [56, 2.0, 0.6], [55, 1.0, 0.6], [54, 12.0, 0.6], [53, 6.0, 0.3], [52, 4.0, 0.3], [51, 0.0, 0.3]]",59,6-21,Sectionals,0,-1
Fort Valois School of Design and Engineering|boys,Valois Bluffs,boys,Group 1,59,9.1,-2.1,1.0,55,0,59,59 58 57 56 55 54 53 52 51,"[[59, 1.0, 1.0], [58, 0.0, 1.0], [57, 0.0, 1.0], [56, 1.0, 0.6], [55, 0.0, 0.6], [54, 0.0, 0.6], [53, 0.0, 0.3], [52, 16.0, 0.3], [51, 9.0, 0.3]]",54,10-18,Parastate,0,5
Etchartville|boys,Etchartville,boys,Group 1,60,8.6,1.1999999999999993,4.0,60,0,59,59 58 57 56 55 54 53 52 51,"[[59, 4.0, 1.0], [58, 0.0, 1.0], [57, 1.0, 1.0], [56, 1.0, 0.6], [55, 3.0, 0.6], [54, 2.0, 0.6], [53, 0.0, 0.3], [52, 0.0, 0.3], [51, 0.0, 0.3]]",50,8-17,Round of 32,0,10
Beatriz Salcedo|boys,Spring Branch,boys,Group 1,61,7.3,-5.9,1.0,37,0,59,59 58 57 56 55 54 53 52 51,"[[59, 1.0, 1.0], [58, 0.0, 1.0], [57, 0.0, 1.0], [56, 0.0, 0.6], [55, 1.0, 0.6], [54, 0.0, 0.6], [53, 18.0, 0.3], [52, 0.0, 0.3], [51, 1.0, 0.3]]",46,10-17,Parastate,0,15
Aldecoa Academy of Arts and Letters|boys,Coyote Springs,boys,Group 1,62,6.9,-2.4000000000000004,0.0,55,0,59,59 58 57 56 55 54 53 52 51,"[[59, 0.0, 1.0], [58, 0.0, 1.0], [57, 3.0, 1.0], [56, 0.0, 0.6], [55, 0.0, 0.6], [54, 0.0, 0.6], [53, 2.0, 0.3], [52, 7.0, 0.3], [51, 4.0, 0.3]]",47,10-19,Sectionals,0,15
Amaia Echevarria|boys,Redwood,boys,Group 1,63,6.4,1.0,1.0,60,0,59,59 58 57 56 55 54 53 52 51,"[[59, 1.0, 1.0], [58, 0.0, 1.0], [57, 0.0, 1.0], [56, 0.0, 0.6], [55, 0.0, 0.6], [54, 0.0, 0.6], [53, 0.0, 0.3], [52, 0.0, 0.3], [51, 18.0, 0.3]]",52,11-17,Semi-Conference,0,11
Aurelia|boys,Aurelia,boys,Group 1,64,6.0,-4.5,0.0,60,0,59,59 58 57 56 55 54 53 52 51,"[[59, 0.0, 1.0], [58, 0.0, 1.0], [57, 0.0, 1.0], [56, 0.0, 0.6], [55, 0.0, 0.6], [54, 0.0, 0.6], [53, 3.0, 0.3], [52, 7.0, 0.3], [51, 10.0, 0.3]]",66,5-19,Sectionals,0,-2
South Wheeler|boys,South Wheeler,boys,Group 1,65,6.0,-2.6999999999999997,0.0,43,0,59,59 58 57 56 55 54 53 52 51,"[[59, 0.0, 1.0], [58, 0.0, 1.0], [57, 0.0, 1.0], [56, 0.0, 0.6], [55, 3.0, 0.6], [54, 1.0, 0.6], [53, 8.0, 0.3], [52, 4.0, 0.3], [51, 0.0, 0.3]]",55,9-19,Sectionals,0,10
Echevarria I-50 Technical|boys,Red Bluff,boys,Group 1,66,4.8,-0.5999999999999996,0.0,55,0,59,59 58 57 56 55 54 53 52 51,"[[59, 0.0, 1.0], [58, 0.0, 1.0], [57, 0.0, 1.0], [56, 0.0, 0.6], [55, 1.0, 0.6], [54, 1.0, 0.6], [53, 0.0, 0.3], [52, 0.0, 0.3], [51, 12.0, 0.3]]",58,6-20,Sectionals,0,8
St. Teresa High School|boys,St. Teresa,boys,Group 1,67,4.699999999999999,-3.0,0.0,60,0,59,59 58 57 56 55 54 53 52 51,"[[59, 0.0, 1.0], [58, 1.0, 1.0], [57, 1.0, 1.0], [56, 0.0, 0.6], [55, 0.0, 0.6], [54, 0.0, 0.6], [53, 9.0, 0.3], [52, 0.0, 0.3], [51, 0.0, 0.3]]",45,9-14,Semi-Conference,0,22
Greaves|boys,Greaves,boys,Group 1,68,4.199999999999999,-5.199999999999999,0.0,60,0,59,59 58 57 56 55 54 53 52 51,"[[59, 0.0, 1.0], [58, 0.0, 1.0], [57, 0.0, 1.0], [56, 1.0, 0.6], [55, 0.0, 0.6], [54, 3.0, 0.6], [53, 0.0, 0.3], [52, 1.0, 0.3], [51, 5.0, 0.3]]",67,3-20,Sectionals,0,1
Ander Aramburu|boys,Western Sky,boys,Group 1,69,3.9,-1.5,0.0,60,0,59,59 58 57 56 55 54 53 52 51,"[[59, 0.0, 1.0], [58, 0.0, 1.0], [57, 0.0, 1.0], [56, 0.0, 0.6], [55, 0.0, 0.6], [54, 1.0, 0.6], [53, 1.0, 0.3], [52, 9.0, 0.3], [51, 1.0, 0.3]]",72,1-27,Sectionals,0,-3
Pavel Kovalenko|boys,Coles Creek,boys,Group 1,70,0.6,-2.1,0.0,60,0,59,59 58 57 56 55 54 53 52 51,"[[59, 0.0, 1.0], [58, 0.0, 1.0], [57, 0.0, 1.0], [56, 0.0, 0.6], [55, 0.0, 0.6], [54, 0.0, 0.6], [53, 0.0, 0.3], [52, 2.0, 0.3], [51, 0.0, 0.3]]",75,0-25,Sectionals,0,-5
St. Brigid Preparatory|boys,Kingston,boys,Group 1,71,0.3,-0.3,0.0,60,0,59,59 58 57 56 55 54 53 52 51,"[[59, 0.0, 1.0], [58, 0.0, 1.0], [57, 0.0, 1.0], [56, 0.0, 0.6], [55, 0.0, 0.6], [54, 0.0, 0.6], [53, 0.0, 0.3], [52, 0.0, 0.3], [51, 1.0, 0.3]]",68,4-22,Sectionals,0,3
St. Michael Academy North|boys,Green Valley,boys,Group 1,72,0.3,0.0,0.0,37,0,59,59 58 57 56 55 54 53 52 51,"[[59, 0.0, 1.0], [58, 0.0, 1.0], [57, 0.0, 1.0], [56, 0.0, 0.6], [55, 0.0, 0.6], [54, 0.0, 0.6], [53, 0.0, 0.3], [52, 1.0, 0.3], [51, 0.0, 0.3]]",43,11-17,Challengers,0,29
Mae Jemison|boys,Jemison,boys,Group 1,73,0.0,-3.9,0.0,60,0,59,59 58 57 56 55 54 53 52 51,"[[59, 0.0, 1.0], [58, 0.0, 1.0], [57, 0.0, 1.0], [56, 0.0, 0.6], [55, 0.0, 0.6], [54, 0.0, 0.6], [53, 0.0, 0.3], [52, 0.0, 0.3], [51, 0.0, 0.3]]",70,3-23,Sectionals,0,3
Stone Springs|boys,Simmons,boys,Group 1,74,0.0,0.0,0.0,60,0,59,59 58 57 56 55 54 53 52 51,"[[59, 0.0, 1.0], [58, 0.0, 1.0], [57, 0.0, 1.0], [56, 0.0, 0.6], [55, 0.0, 0.6], [54, 0.0, 0.6], [53, 0.0, 0.3], [52, 0.0, 0.3], [51, 0.0, 0.3]]",63,3-19,Sectionals,0,11
Viktor Gromov|boys,Armour Fields,boys,Group 1,75,0.0,0.0,0.0,37,0,59,59 58 57 56 55 54 53 52 51,"[[59, 0.0, 1.0], [58, 0.0, 1.0], [57, 0.0, 1.0], [56, 0.0, 0.6], [55, 0.0, 0.6], [54, 0.0, 0.6], [53, 0.0, 0.3], [52, 0.0, 0.3], [51, 0.0, 0.3]]",62,6-21,Sectionals,0,13
Northside Christian North|boys,Toussaint,boys,Group 2,1,153.2,10.099999999999994,24.0,60,0,59,59 58 57 56 55 54 53 52 51,"[[59, 24.0, 1.0], [58, 17.0, 1.0], [57, 39.0, 1.0], [56, 16.0, 0.6], [55, 39.0, 0.6], [54, 39.0, 0.6], [53, 8.0, 0.3], [52, 24.0, 0.3], [51, 24.0, 0.3]]",3,26-4,Semifinalist,0,-2
Star Valley Regional|boys,Star Valley Regional,boys,Group 2,2,136.29999999999998,12.599999999999994,39.0,43,0,59,59 58 57 56 55 54 53 52 51,"[[59, 39.0, 1.0], [58, 16.0, 1.0], [57, 24.0, 1.0], [56, 39.0, 0.6], [55, 11.0, 0.6], [54, 15.0, 0.6], [53, 10.0, 0.3], [52, 12.0, 0.3], [51, 39.0, 0.3]]",1,33-1,Champion,1,1
Providence Academy North|boys,Minidoka,boys,Group 2,3,123.5,2.299999999999997,27.0,19,0,59,59 58 57 56 55 54 53 52 51,"[[59, 27.0, 1.0], [58, 16.0, 1.0], [57, 16.0, 1.0], [56, 25.0, 0.6], [55, 10.0, 0.6], [54, 25.0, 0.6], [53, 39.0, 0.3], [52, 39.0, 0.3], [51, 17.0, 0.3]]",2,30-2,Finalist,0,1
Ashbury Central North|boys,Kishwaukee,boys,Group 2,4,110.5,0.9999999999999858,11.0,60,0,59,59 58 57 56 55 54 53 52 51,"[[59, 11.0, 1.0], [58, 38.0, 1.0], [57, 27.0, 1.0], [56, 16.0, 0.6], [55, 24.0, 0.6], [54, 10.0, 0.6], [53, 12.0, 0.3], [52, 0.0, 0.3], [51, 3.0, 0.3]]",14,22-8,Octofinalist,0,-10
Dawkins|boys,Dawkins,boys,Group 2,5,106.9,2.299999999999983,17.0,43,0,59,59 58 57 56 55 54 53 52 51,"[[59, 17.0, 1.0], [58, 25.0, 1.0], [57, 25.0, 1.0], [56, 27.0, 0.6], [55, 24.0, 0.6], [54, 9.0, 0.6], [53, 2.0, 0.3], [52, 11.0, 0.3], [51, 0.0, 0.3]]",4,29-2,Quarterfinalist,0,1
Pacific Friends School|boys,Pacific Friends,boys,Group 2,6,88.60000000000001,-4.999999999999986,25.0,60,0,59,59 58 57 56 55 54 53 52 51,"[[59, 25.0, 1.0], [58, 11.0, 1.0], [57, 10.0, 1.0], [56, 24.0, 0.6], [55, 10.0, 0.6], [54, 13.0, 0.6], [53, 29.0, 0.3], [52, 9.0, 0.3], [51, 10.0, 0.3]]",5,27-3,Semifinalist,0,1
Spring Harvest|boys,Spring Harvest,boys,Group 2,7,78.60000000000001,6.599999999999994,16.0,38,0,59,59 58 57 56 55 54 53 52 51,"[[59, 16.0, 1.0], [58, 27.0, 1.0], [57, 17.0, 1.0], [56, 16.0, 0.6], [55, 10.0, 0.6], [54, 2.0, 0.6], [53, 0.0, 0.3], [52, 3.0, 0.3], [51, 3.0, 0.3]]",12,25-7,Quarterfinalist,0,-5
Chicago Island|boys,Chicago Island,boys,Group 2,8,71.1,-1.8000000000000114,10.0,43,0,59,59 58 57 56 55 54 53 52 51,"[[59, 10.0, 1.0], [58, 7.0, 1.0], [57, 16.0, 1.0], [56, 10.0, 0.6], [55, 28.0, 0.6], [54, 10.0, 0.6], [53, 17.0, 0.3], [52, 4.0, 0.3], [51, 10.0, 0.3]]",10,27-7,Octofinalist,0,-2
Rostova Junction|boys,Rostova Junction,boys,Group 2,9,69.0,2.5999999999999943,10.0,60,0,59,59 58 57 56 55 54 53 52 51,"[[59, 10.0, 1.0], [58, 10.0, 1.0], [57, 16.0, 1.0], [56, 11.0, 0.6], [55, 17.0, 0.6], [54, 16.0, 0.6], [53, 10.0, 0.3], [52, 0.0, 0.3], [51, 12.0, 0.3]]",31,15-12,Round of 32,0,-22
Petersburg High|boys,Brown,boys,Group 2,10,62.0,8.399999999999999,16.0,30,0,59,59 58 57 56 55 54 53 52 51,"[[59, 16.0, 1.0], [58, 25.0, 1.0], [57, 9.0, 1.0], [56, 10.0, 0.6], [55, 9.0, 0.6], [54, 1.0, 0.6], [53, 0.0, 0.3], [52, 0.0, 0.3], [51, 0.0, 0.3]]",6,25-6,Quarterfinalist,0,4
Lodestone County High|boys,Lodestone County,boys,Group 2,11,58.7,1.8000000000000045,8.0,43,0,59,59 58 57 56 55 54 53 52 51,"[[59, 8.0, 1.0], [58, 8.0, 1.0], [57, 10.0, 1.0], [56, 8.0, 0.6], [55, 10.0, 0.6], [54, 11.0, 0.6], [53, 9.0, 0.3], [52, 26.0, 0.3], [51, 16.0, 0.3]]",15,26-7,Round of 32,0,-4
Garfield Park|boys,Reservoir Park,boys,Group 2,12,58.6,-1.0,10.0,60,0,59,59 58 57 56 55 54 53 52 51,"[[59, 10.0, 1.0], [58, 3.0, 1.0], [57, 12.0, 1.0], [56, 8.0, 0.6], [55, 3.0, 0.6], [54, 27.0, 0.6], [53, 25.0, 0.3], [52, 1.0, 0.3], [51, 10.0, 0.3]]",8,27-7,Octofinalist,0,4
Wyoming Valley|boys,Wyoming Valley,boys,Group 2,13,58.1,0.70000000000001,9.0,43,0,59,59 58 57 56 55 54 53 52 51,"[[59, 9.0, 1.0], [58, 10.0, 1.0], [57, 10.0, 1.0], [56, 11.0, 0.6], [55, 10.0, 0.6], [54, 16.0, 0.6], [53, 12.0, 0.3], [52, 11.0, 0.3], [51, 0.0, 0.3]]",17,20-11,Round of 32,0,-4
Garazi Mendizabal|boys,Cedar,boys,Group 2,14,57.79999999999999,-4.500000000000007,10.0,60,0,59,59 58 57 56 55 54 53 52 51,"[[59, 10.0, 1.0], [58, 6.0, 1.0], [57, 10.0, 1.0], [56, 10.0, 0.6], [55, 16.0, 0.6], [54, 8.0, 0.6], [53, 11.0, 0.3], [52, 11.0, 0.3], [51, 16.0, 0.3]]",9,24-7,Octofinalist,0,5
Millport|boys,Vonjo City,boys,Group 2,15,56.5,2.0999999999999943,10.0,60,0,59,59 58 57 56 55 54 53 52 51,"[[59, 10.0, 1.0], [58, 16.0, 1.0], [57, 8.0, 1.0], [56, 13.0, 0.6], [55, 10.0, 0.6], [54, 10.0, 0.6], [53, 0.0, 0.3], [52, 0.0, 0.3], [51, 9.0, 0.3]]",11,23-5,Octofinalist,0,4
Hampton Technical|boys,Hampton,boys,Group 2,16,54.3,1.5999999999999943,10.0,40,0,59,59 58 57 56 55 54 53 52 51,"[[59, 10.0, 1.0], [58, 10.0, 1.0], [57, 7.0, 1.0], [56, 0.0, 0.6], [55, 12.0, 0.6], [54, 8.0, 0.6], [53, 17.0, 0.3], [52, 24.0, 0.3], [51, 10.0, 0.3]]",22,21-15,Round of 32,0,-6
Oksana Petrov|boys,Oak Forest,boys,Group 2,17,53.79999999999999,11.199999999999996,16.0,60,0,59,59 58 57 56 55 54 53 52 51,"[[59, 16.0, 1.0], [58, 12.0, 1.0], [57, 12.0, 1.0], [56, 9.0, 0.6], [55, 0.0, 0.6], [54, 12.0, 0.6], [53, 3.0, 0.3], [52, 1.0, 0.3], [51, 0.0, 0.3]]",7,24-7,Quarterfinalist,0,10
Boley Union|boys,Boley,boys,Group 2,18,49.6,1.3999999999999986,9.0,40,0,59,59 58 57 56 55 54 53 52 51,"[[59, 9.0, 1.0], [58, 10.0, 1.0], [57, 9.0, 1.0], [56, 7.0, 0.6], [55, 8.0, 0.6], [54, 9.0, 0.6], [53, 5.0, 0.3], [52, 10.0, 0.3], [51, 9.0, 0.3]]",19,20-7,Round of 32,0,-1
St. Dominic Academy|boys,Wildrye,boys,Group 2,19,49.5,0.5,10.0,60,0,59,59 58 57 56 55 54 53 52 51,"[[59, 10.0, 1.0], [58, 10.0, 1.0], [57, 10.0, 1.0], [56, 8.0, 0.6], [55, 10.0, 0.6], [54, 4.0, 0.6], [53, 9.0, 0.3], [52, 0.0, 0.3], [51, 12.0, 0.3]]",13,23-7,Octofinalist,0,6
Drayfield Foundry High|boys,Empire,boys,Group 2,20,49.4,1.5999999999999943,5.0,55,0,59,59 58 57 56 55 54 53 52 51,"[[59, 5.0, 1.0], [58, 8.0, 1.0], [57, 10.0, 1.0], [56, 7.0, 0.6], [55, 17.0, 0.6], [54, 10.0, 0.6], [53, 0.0, 0.3], [52, 8.0, 0.3], [51, 12.0, 0.3]]",25,15-16,Round of 32,0,-5
St. Brigid School|boys,Kuopio,boys,Group 2,21,48.39999999999999,-4.800000000000004,3.0,60,0,59,59 58 57 56 55 54 53 52 51,"[[59, 3.0, 1.0], [58, 9.0, 1.0], [57, 10.0, 1.0], [56, 9.0, 0.6], [55, 8.0, 0.6], [54, 9.0, 0.6], [53, 10.0, 0.3], [52, 16.0, 0.3], [51, 10.0, 0.3]]",32,16-14,Parastate,0,-11
Stagewater County High|boys,Wong,boys,Group 2,22,47.0,3.5,11.0,43,0,59,59 58 57 56 55 54 53 52 51,"[[59, 11.0, 1.0], [58, 9.0, 1.0], [57, 12.0, 1.0], [56, 12.0, 0.6], [55, 11.0, 0.6], [54, 1.0, 0.6], [53, 1.0, 0.3], [52, 0.0, 0.3], [51, 1.0, 0.3]]",20,21-11,Octofinalist,0,2
Pierre|boys,Pierre,boys,Group 2,23,45.6,0.7000000000000028,10.0,43,0,59,59 58 57 56 55 54 53 52 51,"[[59, 10.0, 1.0], [58, 11.0, 1.0], [57, 9.0, 1.0], [56, 9.0, 0.6], [55, 8.0, 0.6], [54, 0.0, 0.6], [53, 8.0, 0.3], [52, 10.0, 0.3], [51, 0.0, 0.3]]",16,24-9,Octofinalist,0,7
Jon Etxeberria North|boys,Chickasaw,boys,Group 2,24,44.2,0.7999999999999972,9.0,60,0,59,59 58 57 56 55 54 53 52 51,"[[59, 9.0, 1.0], [58, 10.0, 1.0], [57, 3.0, 1.0], [56, 7.0, 0.6], [55, 5.0, 0.6], [54, 8.0, 0.6], [53, 8.0, 0.3], [52, 16.0, 0.3], [51, 10.0, 0.3]]",24,18-11,Round of 32,0,0
Burdensome|boys,Burdensome,boys,Group 2,25,43.7,6.199999999999996,12.0,43,0,59,59 58 57 56 55 54 53 52 51,"[[59, 12.0, 1.0], [58, 7.0, 1.0], [57, 7.0, 1.0], [56, 10.0, 0.6], [55, 9.0, 0.6], [54, 1.0, 0.6], [53, 6.0, 0.3], [52, 10.0, 0.3], [51, 3.0, 0.3]]",36,16-17,Round of 32,0,-11
Star Valley Catholic|boys,Star Valley Catholic,boys,Group 2,26,43.5,-0.1000000000000014,9.0,43,0,59,59 58 57 56 55 54 53 52 51,"[[59, 9.0, 1.0], [58, 9.0, 1.0], [57, 3.0, 1.0], [56, 7.0, 0.6], [55, 1.0, 0.6], [54, 10.0, 0.6], [53, 11.0, 0.3], [52, 11.0, 0.3], [51, 17.0, 0.3]]",18,19-14,Round of 32,0,8
Timberline North|boys,Allegheny,boys,Group 2,27,43.4,3.200000000000003,8.0,60,0,59,59 58 57 56 55 54 53 52 51,"[[59, 8.0, 1.0], [58, 6.0, 1.0], [57, 9.0, 1.0], [56, 0.0, 0.6], [55, 11.0, 0.6], [54, 9.0, 0.6], [53, 4.0, 0.3], [52, 13.0, 0.3], [51, 11.0, 0.3]]",35,14-15,Round of 32,0,-8
Laketown Regional|boys,Laketown Regional,boys,Group 2,28,41.5,-14.0,3.0,43,0,59,59 58 57 56 55 54 53 52 51,"[[59, 3.0, 1.0], [58, 1.0, 1.0], [57, 3.0, 1.0], [56, 5.0, 0.6], [55, 7.0, 0.6], [54, 12.0, 0.6], [53, 25.0, 0.3], [52, 17.0, 0.3], [51, 25.0, 0.3]]",45,10-23,Parastate,0,-17
Harrow School of Design and Engineering|boys,New Boston,boys,Group 2,29,40.8,-1.5999999999999943,4.0,55,0,59,59 58 57 56 55 54 53 52 51,"[[59, 4.0, 1.0], [58, 9.0, 1.0], [57, 11.0, 1.0], [56, 8.0, 0.6], [55, 0.0, 0.6], [54, 9.0, 0.6], [53, 8.0, 0.3], [52, 6.0, 0.3], [51, 8.0, 0.3]]",29,16-14,Parastate,0,0
Mikel Garmendia|boys,Homeland,boys,Group 2,30,38.4,3.200000000000003,8.0,37,0,59,59 58 57 56 55 54 53 52 51,"[[59, 8.0, 1.0], [58, 8.0, 1.0], [57, 11.0, 1.0], [56, 6.0, 0.6], [55, 8.0, 0.6], [54, 0.0, 0.6], [53, 0.0, 0.3], [52, 10.0, 0.3], [51, 0.0, 0.3]]",21,22-6,Round of 32,0,9
St. Michael Academy|boys,Harriman East,boys,Group 2,31,38.0,-7.499999999999993,1.0,60,0,59,59 58 57 56 55 54 53 52 51,"[[59, 1.0, 1.0], [58, 10.0, 1.0], [57, 9.0, 1.0], [56, 16.0, 0.6], [55, 4.0, 0.6], [54, 7.0, 0.6], [53, 4.0, 0.3], [52, 1.0, 0.3], [51, 1.0, 0.3]]",42,12-15,Specials,0,-11
Eden County Christian|boys,Eden,boys,Group 2,32,37.6,5.799999999999994,9.0,43,0,59,59 58 57 56 55 54 53 52 51,"[[59, 9.0, 1.0], [58, 9.0, 1.0], [57, 10.0, 1.0], [56, 8.0, 0.6], [55, 8.0, 0.6], [54, 0.0, 0.6], [53, 0.0, 0.3], [52, 0.0, 0.3], [51, 0.0, 0.3]]",26,18-10,Round of 32,0,6
Money|boys,Money,boys,Group 2,33,36.49999999999999,-12.200000000000005,0.0,38,0,59,59 58 57 56 55 54 53 52 51,"[[59, 0.0, 1.0], [58, 1.0, 1.0], [57, 1.0, 1.0], [56, 11.0, 0.6], [55, 16.0, 0.6], [54, 24.0, 0.6], [53, 10.0, 0.3], [52, 0.0, 0.3], [51, 3.0, 0.3]]",52,3-23,Sectionals,0,-19
St. Martin Preparatory|boys,Greaves West,boys,Group 2,34,32.9,4.9999999999999964,11.0,60,0,59,59 58 57 56 55 54 53 52 51,"[[59, 11.0, 1.0], [58, 11.0, 1.0], [57, 4.0, 1.0], [56, 3.0, 0.6], [55, 0.0, 0.6], [54, 0.0, 0.6], [53, 0.0, 0.3], [52, 10.0, 0.3], [51, 7.0, 0.3]]",33,18-15,Round of 32,0,1
Bridger Regional|boys,Bridger Regional,boys,Group 2,35,31.9,2.700000000000003,6.0,43,0,59,59 58 57 56 55 54 53 52 51,"[[59, 6.0, 1.0], [58, 0.0, 1.0], [57, 1.0, 1.0], [56, 0.0, 0.6], [55, 0.0, 0.6], [54, 16.0, 0.6], [53, 8.0, 0.3], [52, 17.0, 0.3], [51, 26.0, 0.3]]",39,13-16,Parastate,0,-4
Edith Tillman|boys,Norwood Park,boys,Group 2,36,31.4,4.099999999999998,9.0,60,0,59,59 58 57 56 55 54 53 52 51,"[[59, 9.0, 1.0], [58, 11.0, 1.0], [57, 3.0, 1.0], [56, 4.0, 0.6], [55, 1.0, 0.6], [54, 1.0, 0.6], [53, 8.0, 0.3], [52, 1.0, 0.3], [51, 7.0, 0.3]]",34,16-17,Parastate,0,2
Ruby County Catholic|boys,Carlin,boys,Group 2,37,30.2,0.2000000000000028,2.0,43,0,59,59 58 57 56 55 54 53 52 51,"[[59, 2.0, 1.0], [58, 12.0, 1.0], [57, 9.0, 1.0], [56, 3.0, 0.6], [55, 4.0, 0.6], [54, 4.0, 0.6], [53, 2.0, 0.3], [52, 0.0, 0.3], [51, 0.0, 0.3]]",30,14-19,Parastate,0,7
Greaves Aviation and Engineering Academy|boys,Skypark,boys,Group 2,38,26.800000000000004,-2.299999999999997,3.0,55,0,59,59 58 57 56 55 54 53 52 51,"[[59, 3.0, 1.0], [58, 1.0, 1.0], [57, 9.0, 1.0], [56, 11.0, 0.6], [55, 6.0, 0.6], [54, 6.0, 0.6], [53, 0.0, 0.3], [52, 0.0, 0.3], [51, 0.0, 0.3]]",38,11-17,Parastate,0,0
Cub River Catholic|boys,Coldwater,boys,Group 2,39,24.3,3.099999999999998,5.0,43,0,59,59 58 57 56 55 54 53 52 51,"[[59, 5.0, 1.0], [58, 3.0, 1.0], [57, 10.0, 1.0], [56, 4.0, 0.6], [55, 1.0, 0.6], [54, 0.0, 0.6], [53, 0.0, 0.3], [52, 11.0, 0.3], [51, 0.0, 0.3]]",41,13-14,Parastate,0,-2
St. Francis Xavier Preparatory|boys,Clarendon,boys,Group 2,40,24.1,-8.7,0.0,60,0,59,59 58 57 56 55 54 53 52 51,"[[59, 0.0, 1.0], [58, 1.0, 1.0], [57, 0.0, 1.0], [56, 9.0, 0.6], [55, 10.0, 0.6], [54, 10.0, 0.6], [53, 10.0, 0.3], [52, 6.0, 0.3], [51, 3.0, 0.3]]",59,3-24,Sectionals,0,-19
Norfolk Central|boys,Norfolk,boys,Group 2,41,23.1,-5.599999999999998,1.0,40,0,59,59 58 57 56 55 54 53 52 51,"[[59, 1.0, 1.0], [58, 1.0, 1.0], [57, 1.0, 1.0], [56, 12.0, 0.6], [55, 12.0, 0.6], [54, 5.0, 0.6], [53, 6.0, 0.3], [52, 2.0, 0.3], [51, 1.0, 0.3]]",51,4-18,Wards,0,-10
Timberline|boys,Timberline,boys,Group 2,42,20.1,-8.599999999999994,0.0,55,0,59,59 58 57 56 55 54 53 52 51,"[[59, 0.0, 1.0], [58, 0.0, 1.0], [57, 0.0, 1.0], [56, 2.0, 0.6], [55, 1.0, 0.6], [54, 12.0, 0.6], [53, 16.0, 0.3], [52, 9.0, 0.3], [51, 12.0, 0.3]]",55,6-20,Sectionals,0,-13
Harold Tillman|boys,Copper Belt,boys,Group 2,43,19.500000000000004,6.700000000000005,7.0,60,0,59,59 58 57 56 55 54 53 52 51,"[[59, 7.0, 1.0], [58, 7.0, 1.0], [57, 1.0, 1.0], [56, 0.0, 0.6], [55, 4.0, 0.6], [54, 1.0, 0.6], [53, 1.0, 0.3], [52, 2.0, 0.3], [51, 2.0, 0.3]]",28,18-14,Round of 32,0,15
St. Catherine College Prep|boys,Lizarra,boys,Group 2,44,17.700000000000003,-2.699999999999996,1.0,60,0,59,59 58 57 56 55 54 53 52 51,"[[59, 1.0, 1.0], [58, 3.0, 1.0], [57, 2.0, 1.0], [56, 1.0, 0.6], [55, 12.0, 0.6], [54, 0.0, 0.6], [53, 1.0, 0.3], [52, 10.0, 0.3], [51, 2.0, 0.3]]",43,9-17,Semi-Conference,0,1
Cutbank|boys,Cutbank,boys,Group 2,45,17.3,9.7,10.0,43,0,59,59 58 57 56 55 54 53 52 51,"[[59, 10.0, 1.0], [58, 3.0, 1.0], [57, 1.0, 1.0], [56, 0.0, 0.6], [55, 0.0, 0.6], [54, 0.0, 0.6], [53, 1.0, 0.3], [52, 0.0, 0.3], [51, 10.0, 0.3]]",27,18-13,Round of 32,0,18
San Vito Regional|boys,San Vito Regional,boys,Group 2,46,17.1,0.3000000000000007,3.0,43,0,59,59 58 57 56 55 54 53 52 51,"[[59, 3.0, 1.0], [58, 0.0, 1.0], [57, 0.0, 1.0], [56, 0.0, 0.6], [55, 0.0, 0.6], [54, 14.0, 0.6], [53, 9.0, 0.3], [52, 10.0, 0.3], [51, 0.0, 0.3]]",37,13-14,Specials,0,9
Drayfield|boys,Drayfield,boys,Group 2,47,15.9,9.0,9.0,60,0,59,59 58 57 56 55 54 53 52 51,"[[59, 9.0, 1.0], [58, 1.0, 1.0], [57, 5.0, 1.0], [56, 0.0, 0.6], [55, 0.0, 0.6], [54, 0.0, 0.6], [53, 0.0, 0.3], [52, 3.0, 0.3], [51, 0.0, 0.3]]",23,20-14,Round of 32,0,24
Harold Tillman North|boys,Echevarria,boys,Group 2,48,14.699999999999998,-8.200000000000001,0.0,60,0,59,59 58 57 56 55 54 53 52 51,"[[59, 0.0, 1.0], [58, 0.0, 1.0], [57, 0.0, 1.0], [56, 1.0, 0.6], [55, 6.0, 0.6], [54, 1.0, 0.6], [53, 16.0, 0.3], [52, 8.0, 0.3], [51, 9.0, 0.3]]",50,7-23,Sectionals,0,-2
Emigrant Trail|boys,Trailhead,boys,Group 2,49,14.4,-2.4000000000000004,0.0,60,0,59,59 58 57 56 55 54 53 52 51,"[[59, 0.0, 1.0], [58, 6.0, 1.0], [57, 0.0, 1.0], [56, 3.0, 0.6], [55, 1.0, 0.6], [54, 8.0, 0.6], [53, 3.0, 0.3], [52, 0.0, 0.3], [51, 1.0, 0.3]]",44,10-18,Challengers,0,5
Alina Belov|boys,Clear Lake,boys,Group 2,50,13.1,-4.199999999999999,1.0,60,0,59,59 58 57 56 55 54 53 52 51,"[[59, 1.0, 1.0], [58, 0.0, 1.0], [57, 1.0, 1.0], [56, 1.0, 0.6], [55, 3.0, 0.6], [54, 2.0, 0.6], [53, 5.0, 0.3], [52, 9.0, 0.3], [51, 11.0, 0.3]]",40,11-15,Challengers,0,10
Sluice Valley|boys,Sluice Valley,boys,Group 2,51,12.7,-2.5,0.0,43,0,59,59 58 57 56 55 54 53 52 51,"[[59, 0.0, 1.0], [58, 1.0, 1.0], [57, 3.0, 1.0], [56, 1.0, 0.6], [55, 0.0, 0.6], [54, 2.0, 0.6], [53, 4.0, 0.3], [52, 10.0, 0.3], [51, 9.0, 0.3]]",53,3-16,Sectionals,0,-2
Copper Bar|boys,Copper Bar,boys,Group 2,52,11.2,-8.0,1.0,43,0,59,59 58 57 56 55 54 53 52 51,"[[59, 1.0, 1.0], [58, 0.0, 1.0], [57, 0.0, 1.0], [56, 0.0, 0.6], [55, 0.0, 0.6], [54, 1.0, 0.6], [53, 13.0, 0.3], [52, 9.0, 0.3], [51, 10.0, 0.3]]",47,10-19,Semi-Conference,0,5
Miren Garmendia|boys,Ibarra,boys,Group 2,53,11.2,-1.6000000000000014,0.0,60,0,59,59 58 57 56 55 54 53 52 51,"[[59, 0.0, 1.0], [58, 0.0, 1.0], [57, 1.0, 1.0], [56, 1.0, 0.6], [55, 1.0, 0.6], [54, 9.0, 0.6], [53, 4.0, 0.3], [52, 0.0, 0.3], [51, 8.0, 0.3]]",58,4-20,Sectionals,0,-5
Carmina|boys,Carmina,boys,Group 2,54,10.2,-9.400000000000002,0.0,60,0,59,59 58 57 56 55 54 53 52 51,"[[59, 0.0, 1.0], [58, 0.0, 1.0], [57, 0.0, 1.0], [56, 7.0, 0.6], [55, 0.0, 0.6], [54, 0.0, 0.6], [53, 12.0, 0.3], [52, 1.0, 0.3], [51, 7.0, 0.3]]",54,3-19,Sectionals,0,0
Scheelite County|boys,Scheelite County,boys,Group 2,55,7.0,-1.1999999999999993,0.0,60,0,59,59 58 57 56 55 54 53 52 51,"[[59, 0.0, 1.0], [58, 0.0, 1.0], [57, 4.0, 1.0], [56, 3.0, 0.6], [55, 0.0, 0.6], [54, 0.0, 0.6], [53, 0.0, 0.3], [52, 0.0, 0.3], [51, 4.0, 0.3]]",48,6-18,Sectionals,0,7
Bonds|boys,Bonds,boys,Group 2,56,6.6,-2.6999999999999997,0.0,43,0,59,59 58 57 56 55 54 53 52 51,"[[59, 0.0, 1.0], [58, 0.0, 1.0], [57, 0.0, 1.0], [56, 0.0, 0.6], [55, 0.0, 0.6], [54, 7.0, 0.6], [53, 0.0, 0.3], [52, 0.0, 0.3], [51, 8.0, 0.3]]",56,5-21,Sectionals,0,0
Treasure Valley North|boys,Petoskey,boys,Group 2,57,6.6,-0.5999999999999996,0.0,60,0,59,59 58 57 56 55 54 53 52 51,"[[59, 0.0, 1.0], [58, 0.0, 1.0], [57, 0.0, 1.0], [56, 0.0, 0.6], [55, 10.0, 0.6], [54, 0.0, 0.6], [53, 1.0, 0.3], [52, 1.0, 0.3], [51, 0.0, 0.3]]",62,2-22,Sectionals,0,-5
Muskogee|boys,Muskogee,boys,Group 2,58,6.4,-1.6999999999999993,1.0,40,0,59,59 58 57 56 55 54 53 52 51,"[[59, 1.0, 1.0], [58, 0.0, 1.0], [57, 0.0, 1.0], [56, 0.0, 0.6], [55, 0.0, 0.6], [54, 1.0, 0.6], [53, 8.0, 0.3], [52, 8.0, 0.3], [51, 0.0, 0.3]]",49,8-19,Semi-Conference,0,9
Naomi Price|boys,Crown Paper,boys,Group 2,59,5.1,-2.700000000000001,0.0,60,0,59,59 58 57 56 55 54 53 52 51,"[[59, 0.0, 1.0], [58, 0.0, 1.0], [57, 0.0, 1.0], [56, 0.0, 0.6], [55, 0.0, 0.6], [54, 0.0, 0.6], [53, 1.0, 0.3], [52, 6.0, 0.3], [51, 10.0, 0.3]]",61,1-20,Sectionals,0,-2
Jean Baptiste|boys,Baptiste,boys,Group 2,60,4.6,-0.2000000000000001,1.0,43,0,59,59 58 57 56 55 54 53 52 51,"[[59, 1.0, 1.0], [58, 0.0, 1.0], [57, 0.0, 1.0], [56, 0.0, 0.6], [55, 0.0, 0.6], [54, 0.0, 0.6], [53, 1.0, 0.3], [52, 10.0, 0.3], [51, 1.0, 0.3]]",46,9-20,Semi-Conference,0,14
Wellsville County Catholic|boys,Hyrum,boys,Group 2,61,4.300000000000001,-2.1,0.0,43,0,59,59 58 57 56 55 54 53 52 51,"[[59, 0.0, 1.0], [58, 1.0, 1.0], [57, 0.0, 1.0], [56, 0.0, 0.6], [55, 0.0, 0.6], [54, 2.0, 0.6], [53, 7.0, 0.3], [52, 0.0, 0.3], [51, 0.0, 0.3]]",64,0-24,Sectionals,0,-3
New Baltimore|boys,New Baltimore,boys,Group 2,62,3.9,-3.1,0.0,43,0,59,59 58 57 56 55 54 53 52 51,"[[59, 0.0, 1.0], [58, 3.0, 1.0], [57, 0.0, 1.0], [56, 1.0, 0.6], [55, 0.0, 0.6], [54, 0.0, 0.6], [53, 0.0, 0.3], [52, 0.0, 0.3], [51, 1.0, 0.3]]",63,2-21,Sectionals,0,-1
St. Elias College Prep|boys,Aranaz,boys,Group 2,63,3.7,0.0,0.0,60,0,59,59 58 57 56 55 54 53 52 51,"[[59, 0.0, 1.0], [58, 1.0, 1.0], [57, 0.0, 1.0], [56, 0.0, 0.6], [55, 3.0, 0.6], [54, 0.0, 0.6], [53, 0.0, 0.3], [52, 3.0, 0.3], [51, 0.0, 0.3]]",57,3-24,Sectionals,0,6
Galena|boys,Galena,boys,Group 2,64,2.4,0.0,0.0,60,0,59,59 58 57 56 55 54 53 52 51,"[[59, 0.0, 1.0], [58, 0.0, 1.0], [57, 0.0, 1.0], [56, 0.0, 0.6], [55, 1.0, 0.6], [54, 3.0, 0.6], [53, 0.0, 0.3], [52, 0.0, 0.3], [51, 0.0, 0.3]]",60,3-23,Sectionals,0,4
Mirage Crossing|boys,Mirage Crossing,boys,Group 3,1,135.2,-14.5,8.0,60,0,59,59 58 57 56 55 54 53 52 51,"[[59, 8.0, 1.0], [58, 27.0, 1.0], [57, 39.0, 1.0], [56, 39.0, 0.6], [55, 27.0, 0.6], [54, 16.0, 0.6], [53, 16.0, 0.3], [52, 10.0, 0.3], [51, 14.0, 0.3]]",14,22-8,Round of 24,0,-13
Keldale|boys,Espoo,boys,Group 3,2,121.3,8.399999999999991,39.0,60,0,59,59 58 57 56 55 54 53 52 51,"[[59, 39.0, 1.0], [58, 1.0, 1.0], [57, 0.0, 1.0], [56, 27.0, 0.6], [55, 25.0, 0.6], [54, 38.0, 0.6], [53, 27.0, 0.3], [52, 25.0, 0.3], [51, 39.0, 0.3]]",1,30-1,Champion,1,1
Ashbrook|boys,Ashbrook,boys,Group 3,3,112.1,6.700000000000003,11.0,43,0,59,59 58 57 56 55 54 53 52 51,"[[59, 11.0, 1.0], [58, 39.0, 1.0], [57, 27.0, 1.0], [56, 10.0, 0.6], [55, 39.0, 0.6], [54, 8.0, 0.6], [53, 0.0, 0.3], [52, 1.0, 0.3], [51, 2.0, 0.3]]",6,24-5,Octofinalist,0,-3
Doyleville Union|boys,Doyleville Union,boys,Group 3,4,87.5,16.999999999999986,27.0,43,0,59,59 58 57 56 55 54 53 52 51,"[[59, 27.0, 1.0], [58, 10.0, 1.0], [57, 16.0, 1.0], [56, 16.0, 0.6], [55, 16.0, 0.6], [54, 7.0, 0.6], [53, 2.0, 0.3], [52, 27.0, 0.3], [51, 8.0, 0.3]]",9,27-2,Finalist,0,-5
Garazi Aramburu|boys,Ocean Park,boys,Group 3,5,82.50000000000001,20.00000000000002,24.0,60,0,59,59 58 57 56 55 54 53 52 51,"[[59, 24.0, 1.0], [58, 11.0, 1.0], [57, 25.0, 1.0], [56, 4.0, 0.6], [55, 10.0, 0.6], [54, 19.0, 0.6], [53, 8.0, 0.3], [52, 1.0, 0.3], [51, 0.0, 0.3]]",4,25-9,Semifinalist,0,1
Guthrie Catholic|boys,Guthrie,boys,Group 3,6,79.6,7.899999999999991,17.0,40,0,59,59 58 57 56 55 54 53 52 51,"[[59, 17.0, 1.0], [58, 16.0, 1.0], [57, 25.0, 1.0], [56, 10.0, 0.6], [55, 5.0, 0.6], [54, 11.0, 0.6], [53, 9.0, 0.3], [52, 1.0, 0.3], [51, 10.0, 0.3]]",10,23-3,Quarterfinalist,0,-4
Sage Meadows|boys,Galactica Plains,boys,Group 3,7,79.0,-2.700000000000003,10.0,60,0,59,59 58 57 56 55 54 53 52 51,"[[59, 10.0, 1.0], [58, 9.0, 1.0], [57, 9.0, 1.0], [56, 16.0, 0.6], [55, 11.0, 0.6], [54, 25.0, 0.6], [53, 11.0, 0.3], [52, 39.0, 0.3], [51, 16.0, 0.3]]",2,28-3,Octofinalist,0,5
Millview|boys,Kuusamo,boys,Group 3,8,72.6,6.0,16.0,60,0,59,59 58 57 56 55 54 53 52 51,"[[59, 16.0, 1.0], [58, 16.0, 1.0], [57, 10.0, 1.0], [56, 25.0, 0.6], [55, 25.0, 0.6], [54, 1.0, 0.6], [53, 0.0, 0.3], [52, 0.0, 0.3], [51, 0.0, 0.3]]",18,24-12,Octofinalist,0,-10
Mabryville|boys,Virginia City,boys,Group 3,9,70.8,-4.099999999999994,5.0,60,0,59,59 58 57 56 55 54 53 52 51,"[[59, 5.0, 1.0], [58, 24.0, 1.0], [57, 16.0, 1.0], [56, 10.0, 0.6], [55, 16.0, 0.6], [54, 9.0, 0.6], [53, 0.0, 0.3], [52, 0.0, 0.3], [51, 16.0, 0.3]]",22,18-8,Parastate,0,-13
Elmfield|boys,Nurmes,boys,Group 3,10,69.3,5.400000000000006,16.0,60,0,59,59 58 57 56 55 54 53 52 51,"[[59, 16.0, 1.0], [58, 10.0, 1.0], [57, 10.0, 1.0], [56, 16.0, 0.6], [55, 16.0, 0.6], [54, 17.0, 0.6], [53, 11.0, 0.3], [52, 1.0, 0.3], [51, 1.0, 0.3]]",12,22-6,Quarterfinalist,0,-2
Saltbush Reach|boys,Saltbush,boys,Group 3,11,67.5,-0.0999999999999943,10.0,60,0,59,59 58 57 56 55 54 53 52 51,"[[59, 10.0, 1.0], [58, 25.0, 1.0], [57, 16.0, 1.0], [56, 14.0, 0.6], [55, 10.0, 0.6], [54, 0.0, 0.6], [53, 1.0, 0.3], [52, 1.0, 0.3], [51, 5.0, 0.3]]",3,29-5,Octofinalist,0,8
Raft County Catholic|boys,Raft County Catholic,boys,Group 3,12,64.3,19.700000000000003,24.0,43,0,59,59 58 57 56 55 54 53 52 51,"[[59, 24.0, 1.0], [58, 11.0, 1.0], [57, 8.0, 1.0], [56, 10.0, 0.6], [55, 10.0, 0.6], [54, 8.0, 0.6], [53, 0.0, 0.3], [52, 10.0, 0.3], [51, 5.0, 0.3]]",5,27-6,Semifinalist,0,7
Malad County Christian|boys,Sixmile,boys,Group 3,13,60.9,3.6000000000000014,10.0,43,0,59,59 58 57 56 55 54 53 52 51,"[[59, 10.0, 1.0], [58, 10.0, 1.0], [57, 16.0, 1.0], [56, 10.0, 0.6], [55, 10.0, 0.6], [54, 14.0, 0.6], [53, 7.0, 0.3], [52, 1.0, 0.3], [51, 7.0, 0.3]]",11,25-5,Octofinalist,0,2
Marshdale|boys,Fort Lassiter,boys,Group 3,14,60.7,-5.100000000000001,8.0,60,0,59,59 58 57 56 55 54 53 52 51,"[[59, 8.0, 1.0], [58, 7.0, 1.0], [57, 16.0, 1.0], [56, 8.0, 0.6], [55, 10.0, 0.6], [54, 11.0, 0.6], [53, 24.0, 0.3], [52, 9.0, 0.3], [51, 8.0, 0.3]]",28,14-15,Round of 24,0,-14
Naylors Landing|boys,Naylors Landing,boys,Group 3,15,58.89999999999999,11.499999999999991,16.0,43,0,59,59 58 57 56 55 54 53 52 51,"[[59, 16.0, 1.0], [58, 16.0, 1.0], [57, 11.0, 1.0], [56, 0.0, 0.6], [55, 8.0, 0.6], [54, 3.0, 0.6], [53, 15.0, 0.3], [52, 10.0, 0.3], [51, 6.0, 0.3]]",7,23-8,Quarterfinalist,0,8
Beargrass Christian|boys,Beargrass,boys,Group 3,16,49.8,-2.3000000000000043,5.0,43,0,59,59 58 57 56 55 54 53 52 51,"[[59, 5.0, 1.0], [58, 8.0, 1.0], [57, 14.0, 1.0], [56, 10.0, 0.6], [55, 5.0, 0.6], [54, 14.0, 0.6], [53, 1.0, 0.3], [52, 8.0, 0.3], [51, 9.0, 0.3]]",25,17-14,Round of 24,0,-9
Standale|boys,Lieksa,boys,Group 3,17,48.1,7.899999999999999,11.0,60,0,59,59 58 57 56 55 54 53 52 51,"[[59, 11.0, 1.0], [58, 16.0, 1.0], [57, 10.0, 1.0], [56, 7.0, 0.6], [55, 8.0, 0.6], [54, 2.0, 0.6], [53, 1.0, 0.3], [52, 1.0, 0.3], [51, 1.0, 0.3]]",13,23-9,Octofinalist,0,4
Graymont|boys,Georgia Mills,boys,Group 3,18,46.7,-4.699999999999996,2.0,60,0,59,59 58 57 56 55 54 53 52 51,"[[59, 2.0, 1.0], [58, 10.0, 1.0], [57, 14.0, 1.0], [56, 16.0, 0.6], [55, 9.0, 0.6], [54, 9.0, 0.6], [53, 0.0, 0.3], [52, 1.0, 0.3], [51, 0.0, 0.3]]",36,13-18,Semi-Conference,0,-18
Kendricks Landing|boys,Kendricks Landing,boys,Group 3,19,45.5,2.1000000000000014,12.0,60,0,59,59 58 57 56 55 54 53 52 51,"[[59, 12.0, 1.0], [58, 8.0, 1.0], [57, 9.0, 1.0], [56, 6.0, 0.6], [55, 5.0, 0.6], [54, 0.0, 0.6], [53, 0.0, 0.3], [52, 25.0, 0.3], [51, 8.0, 0.3]]",19,23-10,Round of 24,0,0
Latgaway|boys,Latgaway,boys,Group 3,20,45.1,15.3,16.0,60,0,59,59 58 57 56 55 54 53 52 51,"[[59, 16.0, 1.0], [58, 12.0, 1.0], [57, 9.0, 1.0], [56, 1.0, 0.6], [55, 10.0, 0.6], [54, 0.0, 0.6], [53, 0.0, 0.3], [52, 4.0, 0.3], [51, 1.0, 0.3]]",17,22-8,Quarterfinalist,0,3
Topeka West|boys,Topeka,boys,Group 3,21,42.4,-6.5,5.0,40,0,59,59 58 57 56 55 54 53 52 51,"[[59, 5.0, 1.0], [58, 10.0, 1.0], [57, 10.0, 1.0], [56, 10.0, 0.6], [55, 16.0, 0.6], [54, 3.0, 0.6], [53, 0.0, 0.3], [52, 0.0, 0.3], [51, 0.0, 0.3]]",16,19-12,Parastate,0,5
Milldale Union|boys,Sotkamo Union,boys,Group 3,22,40.2,-25.6,0.0,60,0,59,59 58 57 56 55 54 53 52 51,"[[59, 0.0, 1.0], [58, 2.0, 1.0], [57, 1.0, 1.0], [56, 25.0, 0.6], [55, 2.0, 0.6], [54, 2.0, 0.6], [53, 25.0, 0.3], [52, 16.0, 0.3], [51, 25.0, 0.3]]",60,2-19,Sectionals,0,-38
Marian Browne|boys,Riverview,boys,Group 3,23,37.5,1.0,10.0,60,0,59,59 58 57 56 55 54 53 52 51,"[[59, 10.0, 1.0], [58, 10.0, 1.0], [57, 10.0, 1.0], [56, 9.0, 0.6], [55, 2.0, 0.6], [54, 1.0, 0.6], [53, 1.0, 0.3], [52, 0.0, 0.3], [51, 0.0, 0.3]]",8,23-4,Octofinalist,0,15
Silver Lake|boys,Silver Lake,boys,Group 3,24,35.99999999999999,10.09999999999999,14.0,60,0,59,59 58 57 56 55 54 53 52 51,"[[59, 14.0, 1.0], [58, 5.0, 1.0], [57, 5.0, 1.0], [56, 9.0, 0.6], [55, 0.0, 0.6], [54, 10.0, 0.6], [53, 1.0, 0.3], [52, 0.0, 0.3], [51, 1.0, 0.3]]",21,24-12,Round of 24,0,3
Northrup I-50 Technical|boys,Northrup Tech,boys,Group 3,25,33.5,-10.0,0.0,20,0,59,59 58 57 56 55 54 53 52 51,"[[59, 0.0, 1.0], [58, 1.0, 1.0], [57, 1.0, 1.0], [56, 1.0, 0.6], [55, 0.0, 0.6], [54, 25.0, 0.6], [53, 16.0, 0.3], [52, 10.0, 0.3], [51, 27.0, 0.3]]",34,13-13,Challengers,0,-9
Elk Bluff|boys,Elk Bluff,boys,Group 3,26,32.9,9.599999999999998,10.0,60,0,59,59 58 57 56 55 54 53 52 51,"[[59, 10.0, 1.0], [58, 11.0, 1.0], [57, 5.0, 1.0], [56, 1.0, 0.6], [55, 1.0, 0.6], [54, 9.0, 0.6], [53, 0.0, 0.3], [52, 1.0, 0.3], [51, 0.0, 0.3]]",15,23-6,Octofinalist,0,11
Stone Meadows|boys,Raahe,boys,Group 3,27,29.6,-5.500000000000007,1.0,60,0,59,59 58 57 56 55 54 53 52 51,"[[59, 1.0, 1.0], [58, 0.0, 1.0], [57, 1.0, 1.0], [56, 2.0, 0.6], [55, 0.0, 0.6], [54, 26.0, 0.6], [53, 10.0, 0.3], [52, 16.0, 0.3], [51, 10.0, 0.3]]",53,9-20,Wards,0,-26
Oscar Michaeux|boys,Michaeux,boys,Group 3,28,28.9,-5.000000000000004,1.0,60,0,59,59 58 57 56 55 54 53 52 51,"[[59, 1.0, 1.0], [58, 0.0, 1.0], [57, 0.0, 1.0], [56, 0.0, 0.6], [55, 14.0, 0.6], [54, 11.0, 0.6], [53, 16.0, 0.3], [52, 16.0, 0.3], [51, 11.0, 0.3]]",43,8-19,Wards,0,-15
Weller Regional|boys,Yandell,boys,Group 3,29,28.6,-1.6999999999999993,2.0,60,0,59,59 58 57 56 55 54 53 52 51,"[[59, 2.0, 1.0], [58, 7.0, 1.0], [57, 4.0, 1.0], [56, 1.0, 0.6], [55, 12.0, 0.6], [54, 0.0, 0.6], [53, 10.0, 0.3], [52, 12.0, 0.3], [51, 4.0, 0.3]]",31,15-19,Parastate,0,-2
Mabry Township|boys,Mabry Township,boys,Group 3,30,28.200000000000003,-3.6999999999999993,1.0,43,0,59,59 58 57 56 55 54 53 52 51,"[[59, 1.0, 1.0], [58, 1.0, 1.0], [57, 10.0, 1.0], [56, 11.0, 0.6], [55, 12.0, 0.6], [54, 3.0, 0.6], [53, 0.0, 0.3], [52, 2.0, 0.3], [51, 0.0, 0.3]]",32,11-13,Parastate,0,-2
Southern Jefferson Christian|boys,Uplands,boys,Group 3,31,26.9,2.6000000000000014,8.0,60,0,59,59 58 57 56 55 54 53 52 51,"[[59, 8.0, 1.0], [58, 7.0, 1.0], [57, 2.0, 1.0], [56, 6.0, 0.6], [55, 3.0, 0.6], [54, 1.0, 0.6], [53, 10.0, 0.3], [52, 3.0, 0.3], [51, 0.0, 0.3]]",30,15-14,Round of 24,0,1
Diamante|boys,Diamante,boys,Group 3,32,23.9,6.699999999999999,7.0,60,0,59,59 58 57 56 55 54 53 52 51,"[[59, 7.0, 1.0], [58, 11.0, 1.0], [57, 5.0, 1.0], [56, 0.0, 0.6], [55, 1.0, 0.6], [54, 0.0, 0.6], [53, 1.0, 0.3], [52, 0.0, 0.3], [51, 0.0, 0.3]]",24,18-13,Round of 24,0,8
Basalt Prairie Union|boys,Prairie,boys,Group 3,33,23.1,-4.599999999999998,1.0,60,0,59,59 58 57 56 55 54 53 52 51,"[[59, 1.0, 1.0], [58, 1.0, 1.0], [57, 1.0, 1.0], [56, 11.0, 0.6], [55, 8.0, 0.6], [54, 11.0, 0.6], [53, 2.0, 0.3], [52, 4.0, 0.3], [51, 1.0, 0.3]]",40,9-18,Wards,0,-7
Tungsten Reach|boys,Tungsten,boys,Group 3,34,22.3,-12.0,0.0,60,0,59,59 58 57 56 55 54 53 52 51,"[[59, 0.0, 1.0], [58, 0.0, 1.0], [57, 1.0, 1.0], [56, 0.0, 0.6], [55, 1.0, 0.6], [54, 6.0, 0.6], [53, 39.0, 0.3], [52, 10.0, 0.3], [51, 8.0, 0.3]]",56,3-18,Sectionals,0,-22
Kearney|boys,Kearney,boys,Group 3,35,21.6,5.199999999999999,8.0,40,0,59,59 58 57 56 55 54 53 52 51,"[[59, 8.0, 1.0], [58, 6.0, 1.0], [57, 1.0, 1.0], [56, 4.0, 0.6], [55, 5.0, 0.6], [54, 1.0, 0.6], [53, 0.0, 0.3], [52, 1.0, 0.3], [51, 1.0, 0.3]]",20,20-6,Round of 24,0,15
Sage Lake|boys,Sage Village,boys,Group 3,36,19.0,-4.5,1.0,60,0,59,59 58 57 56 55 54 53 52 51,"[[59, 1.0, 1.0], [58, 0.0, 1.0], [57, 0.0, 1.0], [56, 1.0, 0.6], [55, 0.0, 0.6], [54, 16.0, 0.6], [53, 17.0, 0.3], [52, 9.0, 0.3], [51, 0.0, 0.3]]",55,4-21,Wards,0,-19
Rilland|boys,Rilland,boys,Group 3,37,17.6,8.800000000000002,10.0,60,0,59,59 58 57 56 55 54 53 52 51,"[[59, 10.0, 1.0], [58, 3.0, 1.0], [57, 1.0, 1.0], [56, 0.0, 0.6], [55, 0.0, 0.6], [54, 0.0, 0.6], [53, 1.0, 0.3], [52, 0.0, 0.3], [51, 11.0, 0.3]]",23,19-11,Parastate,0,14
Dovetail|boys,Dovetail,boys,Group 3,38,17.5,-13.1,0.0,60,0,59,59 58 57 56 55 54 53 52 51,"[[59, 0.0, 1.0], [58, 1.0, 1.0], [57, 0.0, 1.0], [56, 14.0, 0.6], [55, 0.0, 0.6], [54, 0.0, 0.6], [53, 11.0, 0.3], [52, 15.0, 0.3], [51, 1.0, 0.3]]",58,3-21,Sectionals,0,-20
Aspen Harbor|boys,East Simmons,boys,Group 3,39,17.400000000000002,3.100000000000003,5.0,60,0,59,59 58 57 56 55 54 53 52 51,"[[59, 5.0, 1.0], [58, 1.0, 1.0], [57, 9.0, 1.0], [56, 1.0, 0.6], [55, 0.0, 0.6], [54, 0.0, 0.6], [53, 1.0, 0.3], [52, 4.0, 0.3], [51, 1.0, 0.3]]",26,16-15,Parastate,0,13
Ninemile|boys,Ninemile,boys,Group 3,40,15.6,-0.4000000000000003,0.0,60,0,59,59 58 57 56 55 54 53 52 51,"[[59, 0.0, 1.0], [58, 8.0, 1.0], [57, 4.0, 1.0], [56, 1.0, 0.6], [55, 4.0, 0.6], [54, 1.0, 0.6], [53, 0.0, 0.3], [52, 0.0, 0.3], [51, 0.0, 0.3]]",63,1-22,Sectionals,0,-23
Starlake|boys,Starlake,boys,Group 3,41,14.4,-3.4000000000000057,0.0,60,0,59,59 58 57 56 55 54 53 52 51,"[[59, 0.0, 1.0], [58, 0.0, 1.0], [57, 0.0, 1.0], [56, 1.0, 0.6], [55, 8.0, 0.6], [54, 8.0, 0.6], [53, 10.0, 0.3], [52, 2.0, 0.3], [51, 2.0, 0.3]]",44,8-18,Sectionals,0,-3
Huckle Butte|boys,Huckle Butte,boys,Group 3,42,14.299999999999995,-0.6000000000000014,1.0,60,0,59,59 58 57 56 55 54 53 52 51,"[[59, 1.0, 1.0], [58, 1.0, 1.0], [57, 0.0, 1.0], [56, 1.0, 0.6], [55, 1.0, 0.6], [54, 10.0, 0.6], [53, 4.0, 0.3], [52, 9.0, 0.3], [51, 4.0, 0.3]]",54,8-21,Wards,0,-12
Etchart|boys,Etchart,boys,Group 3,43,14.2,-6.0,1.0,60,0,59,59 58 57 56 55 54 53 52 51,"[[59, 1.0, 1.0], [58, 0.0, 1.0], [57, 0.0, 1.0], [56, 1.0, 0.6], [55, 2.0, 0.6], [54, 0.0, 0.6], [53, 12.0, 0.3], [52, 16.0, 0.3], [51, 10.0, 0.3]]",41,8-17,Wards,0,2
Assay|boys,Assay,boys,Group 3,44,14.099999999999998,-4.800000000000001,1.0,60,0,59,59 58 57 56 55 54 53 52 51,"[[59, 1.0, 1.0], [58, 1.0, 1.0], [57, 1.0, 1.0], [56, 7.0, 0.6], [55, 5.0, 0.6], [54, 1.0, 0.6], [53, 0.0, 0.3], [52, 9.0, 0.3], [51, 2.0, 0.3]]",38,11-17,Wards,0,6
Windrow|boys,Windrow,boys,Group 3,45,13.2,-5.399999999999999,0.0,60,0,59,59 58 57 56 55 54 53 52 51,"[[59, 0.0, 1.0], [58, 0.0, 1.0], [57, 0.0, 1.0], [56, 0.0, 0.6], [55, 0.0, 0.6], [54, 10.0, 0.6], [53, 10.0, 0.3], [52, 8.0, 0.3], [51, 6.0, 0.3]]",64,1-24,Sectionals,0,-19
Quincy Union|boys,Quincy,boys,Group 3,46,10.8,-2.0,1.0,40,0,59,59 58 57 56 55 54 53 52 51,"[[59, 1.0, 1.0], [58, 1.0, 1.0], [57, 1.0, 1.0], [56, 0.0, 0.6], [55, 0.0, 0.6], [54, 1.0, 0.6], [53, 0.0, 0.3], [52, 8.0, 0.3], [51, 16.0, 0.3]]",33,11-13,Wards,0,13
Hetfield|boys,Brynildson Hill,boys,Group 3,47,10.5,-5.399999999999999,0.0,60,0,59,59 58 57 56 55 54 53 52 51,"[[59, 0.0, 1.0], [58, 0.0, 1.0], [57, 0.0, 1.0], [56, 0.0, 0.6], [55, 0.0, 0.6], [54, 1.0, 0.6], [53, 2.0, 0.3], [52, 6.0, 0.3], [51, 25.0, 0.3]]",48,7-20,Sectionals,0,-1
Mercy Academy|boys,Natchez Mercy,boys,Group 3,48,10.3,-3.199999999999997,0.0,60,0,59,59 58 57 56 55 54 53 52 51,"[[59, 0.0, 1.0], [58, 0.0, 1.0], [57, 1.0, 1.0], [56, 2.0, 0.6], [55, 0.0, 0.6], [54, 0.0, 0.6], [53, 1.0, 0.3], [52, 10.0, 0.3], [51, 16.0, 0.3]]",62,1-19,Sectionals,0,-14
Nicodemus|boys,Nicodemus,boys,Group 3,49,9.0,-4.800000000000001,1.0,40,0,59,59 58 57 56 55 54 53 52 51,"[[59, 1.0, 1.0], [58, 1.0, 1.0], [57, 1.0, 1.0], [56, 4.0, 0.6], [55, 2.0, 0.6], [54, 1.0, 0.6], [53, 5.0, 0.3], [52, 1.0, 0.3], [51, 0.0, 0.3]]",29,14-16,Parastate,0,20
Covenant Christian|boys,Covenant Christian,boys,Group 3,50,8.3,-3.799999999999999,1.0,46,0,59,59 58 57 56 55 54 53 52 51,"[[59, 1.0, 1.0], [58, 1.0, 1.0], [57, 0.0, 1.0], [56, 0.0, 0.6], [55, 0.0, 0.6], [54, 0.0, 0.6], [53, 8.0, 0.3], [52, 0.0, 0.3], [51, 13.0, 0.3]]",47,9-19,Wards,0,3
Twin Rivers|boys,Twin Rivers,boys,Group 3,51,8.299999999999999,-2.1,0.0,60,0,59,59 58 57 56 55 54 53 52 51,"[[59, 0.0, 1.0], [58, 1.0, 1.0], [57, 1.0, 1.0], [56, 0.0, 0.6], [55, 3.0, 0.6], [54, 1.0, 0.6], [53, 5.0, 0.3], [52, 8.0, 0.3], [51, 0.0, 0.3]]",52,5-18,Sectionals,0,-1
Emporia|boys,Emporia,boys,Group 3,52,7.999999999999999,-1.3000000000000016,0.0,40,0,59,59 58 57 56 55 54 53 52 51,"[[59, 0.0, 1.0], [58, 1.0, 1.0], [57, 1.0, 1.0], [56, 1.0, 0.6], [55, 1.0, 0.6], [54, 6.0, 0.6], [53, 3.0, 0.3], [52, 1.0, 0.3], [51, 0.0, 0.3]]",65,0-28,Sectionals,0,-13
Kelview Union|boys,Iisalmi Union,boys,Group 3,53,7.0,-7.699999999999999,0.0,60,0,59,59 58 57 56 55 54 53 52 51,"[[59, 0.0, 1.0], [58, 1.0, 1.0], [57, 0.0, 1.0], [56, 2.0, 0.6], [55, 1.0, 0.6], [54, 0.0, 0.6], [53, 14.0, 0.3], [52, 0.0, 0.3], [51, 0.0, 0.3]]",46,5-18,Sectionals,0,7
St. Casimir High School North|boys,Casimir Creek,boys,Group 3,54,6.9,-2.0,1.0,55,0,59,59 58 57 56 55 54 53 52 51,"[[59, 1.0, 1.0], [58, 1.0, 1.0], [57, 1.0, 1.0], [56, 0.0, 0.6], [55, 1.0, 0.6], [54, 1.0, 0.6], [53, 9.0, 0.3], [52, 0.0, 0.3], [51, 0.0, 0.3]]",42,10-18,Wards,0,12
Nerea Urrutia|boys,Blue Valley,boys,Group 3,55,6.2,0.1000000000000005,1.0,60,0,59,59 58 57 56 55 54 53 52 51,"[[59, 1.0, 1.0], [58, 1.0, 1.0], [57, 0.0, 1.0], [56, 0.0, 0.6], [55, 0.0, 0.6], [54, 2.0, 0.6], [53, 0.0, 0.3], [52, 0.0, 0.3], [51, 10.0, 0.3]]",27,19-15,Parastate,0,28
Homecroft Manufacturing and Technology Academy|boys,West Burlington,boys,Group 3,56,6.0,-0.4000000000000003,0.0,55,0,59,59 58 57 56 55 54 53 52 51,"[[59, 0.0, 1.0], [58, 0.0, 1.0], [57, 0.0, 1.0], [56, 1.0, 0.6], [55, 1.0, 0.6], [54, 0.0, 0.6], [53, 0.0, 0.3], [52, 0.0, 0.3], [51, 16.0, 0.3]]",57,3-18,Sectionals,0,-1
Sixes|boys,Sixes,boys,Group 3,57,4.3,-0.2999999999999998,0.0,60,0,59,59 58 57 56 55 54 53 52 51,"[[59, 0.0, 1.0], [58, 0.0, 1.0], [57, 1.0, 1.0], [56, 0.0, 0.6], [55, 0.0, 0.6], [54, 1.0, 0.6], [53, 0.0, 0.3], [52, 8.0, 0.3], [51, 1.0, 0.3]]",61,2-21,Sectionals,0,-4
Starlake Canal View|boys,North Starlake,boys,Group 3,58,3.6,0.3999999999999999,1.0,60,0,59,59 58 57 56 55 54 53 52 51,"[[59, 1.0, 1.0], [58, 1.0, 1.0], [57, 1.0, 1.0], [56, 0.0, 0.6], [55, 0.0, 0.6], [54, 0.0, 0.6], [53, 1.0, 0.3], [52, 0.0, 0.3], [51, 1.0, 0.3]]",35,10-13,Wards,0,23
Norstead|boys,Norstead,boys,Group 3,59,3.5,0.6999999999999997,1.0,60,0,59,59 58 57 56 55 54 53 52 51,"[[59, 1.0, 1.0], [58, 0.0, 1.0], [57, 1.0, 1.0], [56, 0.0, 0.6], [55, 1.0, 0.6], [54, 0.0, 0.6], [53, 1.0, 0.3], [52, 0.0, 0.3], [51, 2.0, 0.3]]",50,8-18,Wards,0,9
Eatonville Central|boys,Eatonville,boys,Group 3,60,3.2,0.9999999999999996,1.0,40,0,59,59 58 57 56 55 54 53 52 51,"[[59, 1.0, 1.0], [58, 0.0, 1.0], [57, 1.0, 1.0], [56, 0.0, 0.6], [55, 0.0, 0.6], [54, 1.0, 0.6], [53, 0.0, 0.3], [52, 1.0, 0.3], [51, 1.0, 0.3]]",39,9-21,Wards,0,21
Silver Junction|boys,Silver Junction,boys,Group 3,61,2.6,0.3999999999999994,1.0,43,0,59,59 58 57 56 55 54 53 52 51,"[[59, 1.0, 1.0], [58, 0.0, 1.0], [57, 1.0, 1.0], [56, 0.0, 0.6], [55, 0.0, 0.6], [54, 0.0, 0.6], [53, 1.0, 0.3], [52, 0.0, 0.3], [51, 1.0, 0.3]]",37,10-14,Wards,0,24
Langston Central|boys,Singleton,boys,Group 3,62,1.5,-0.5999999999999996,0.0,30,0,59,59 58 57 56 55 54 53 52 51,"[[59, 0.0, 1.0], [58, 0.0, 1.0], [57, 0.0, 1.0], [56, 0.0, 0.6], [55, 0.0, 0.6], [54, 1.0, 0.6], [53, 1.0, 0.3], [52, 2.0, 0.3], [51, 0.0, 0.3]]",49,7-19,Sectionals,0,13
Agate|boys,Agate,boys,Group 3,63,1.0,-0.3,0.0,60,0,59,59 58 57 56 55 54 53 52 51,"[[59, 0.0, 1.0], [58, 1.0, 1.0], [57, 0.0, 1.0], [56, 0.0, 0.6], [55, 0.0, 0.6], [54, 0.0, 0.6], [53, 0.0, 0.3], [52, 0.0, 0.3], [51, 0.0, 0.3]]",45,7-17,Sectionals,0,18
Ferris Union|boys,Union Prairie,boys,Group 3,64,0.8999999999999999,-0.3,0.0,60,0,59,59 58 57 56 55 54 53 52 51,"[[59, 0.0, 1.0], [58, 0.0, 1.0], [57, 0.0, 1.0], [56, 0.0, 0.6], [55, 1.0, 0.6], [54, 0.0, 0.6], [53, 1.0, 0.3], [52, 0.0, 0.3], [51, 0.0, 0.3]]",59,2-20,Sectionals,0,5
Lodestone|boys,Lodestone,boys,Group 3,65,0.8999999999999999,-0.7000000000000002,0.0,60,0,59,59 58 57 56 55 54 53 52 51,"[[59, 0.0, 1.0], [58, 0.0, 1.0], [57, 0.0, 1.0], [56, 1.0, 0.6], [55, 0.0, 0.6], [54, 0.0, 0.6], [53, 1.0, 0.3], [52, 0.0, 0.3], [51, 0.0, 0.3]]",51,7-20,Sectionals,0,14
Calvary Chapel Olivet|girls,Banfield Day,girls,1A,1,171.8,-0.8000000000000398,25.0,60,0,59,59 58 57 56 55 54 53 52 51,"[[59, 25.0, 1.0], [58, 25.0, 1.0], [57, 39.0, 1.0], [56, 27.0, 0.6], [55, 39.0, 0.6], [54, 39.0, 0.6], [53, 39.0, 0.3], [52, 11.0, 0.3], [51, 16.0, 0.3]]",1,32-2,Semifinalist,0,0
Coastal Christian|girls,Coastal Christian,girls,1A,2,89.6,10.300000000000011,25.0,60,0,59,59 58 57 56 55 54 53 52 51,"[[59, 25.0, 1.0], [58, 24.0, 1.0], [57, 10.0, 1.0], [56, 24.0, 0.6], [55, 10.0, 0.6], [54, 11.0, 0.6], [53, 6.0, 0.3], [52, 0.0, 0.3], [51, 6.0, 0.3]]",3,31-3,Semifinalist,0,-1
Alderfield|girls,Linden,girls,1A,3,86.1,-2.700000000000003,16.0,60,0,59,59 58 57 56 55 54 53 52 51,"[[59, 16.0, 1.0], [58, 10.0, 1.0], [57, 16.0, 1.0], [56, 10.0, 0.6], [55, 8.0, 0.6], [54, 25.0, 0.6], [53, 10.0, 0.3], [52, 26.0, 0.3], [51, 25.0, 0.3]]",16,20-7,Quarterfinalist,0,-13
Calvary Chapel Ditch Fork|girls,Cassius,girls,1A,4,85.39999999999999,34.49999999999999,38.0,60,0,59,59 58 57 56 55 54 53 52 51,"[[59, 38.0, 1.0], [58, 26.0, 1.0], [57, 10.0, 1.0], [56, 8.0, 0.6], [55, 11.0, 0.6], [54, 0.0, 0.6], [53, 0.0, 0.3], [52, 0.0, 0.3], [51, 0.0, 0.3]]",4,30-6,Champion,1,0
Joseph High|girls,Joseph,girls,1A,5,84.8,22.599999999999994,27.0,35,0,59,59 58 57 56 55 54 53 52 51,"[[59, 27.0, 1.0], [58, 10.0, 1.0], [57, 25.0, 1.0], [56, 11.0, 0.6], [55, 17.0, 0.6], [54, 10.0, 0.6], [53, 0.0, 0.3], [52, 0.0, 0.3], [51, 0.0, 0.3]]",2,29-1,Finalist,0,3
Elmburg|girls,Mt Jacqueline,girls,1A,6,78.5,-7.899999999999991,0.0,60,0,59,59 58 57 56 55 54 53 52 51,"[[59, 0.0, 1.0], [58, 39.0, 1.0], [57, 11.0, 1.0], [56, 10.0, 0.6], [55, 25.0, 0.6], [54, 11.0, 0.6], [53, 3.0, 0.3], [52, 0.0, 0.3], [51, 0.0, 0.3]]",74,4-23,Areas,0,-68
Dufur High|girls,Dufur,girls,1A,7,76.9,1.2000000000000028,10.0,35,0,59,59 58 57 56 55 54 53 52 51,"[[59, 10.0, 1.0], [58, 12.0, 1.0], [57, 24.0, 1.0], [56, 10.0, 0.6], [55, 5.0, 0.6], [54, 24.0, 0.6], [53, 16.0, 0.3], [52, 9.0, 0.3], [51, 0.0, 0.3]]",9,20-6,Octofinalist,0,-2
Klickitat High|girls,Klickitat,girls,1A,8,69.3,8.600000000000001,17.0,35,0,59,59 58 57 56 55 54 53 52 51,"[[59, 17.0, 1.0], [58, 17.0, 1.0], [57, 14.0, 1.0], [56, 9.0, 0.6], [55, 0.0, 0.6], [54, 10.0, 0.6], [53, 16.0, 0.3], [52, 1.0, 0.3], [51, 16.0, 0.3]]",11,26-2,Quarterfinalist,0,-3
Levee Bluff|girls,Levee Bluff,girls,1A,9,67.5,9.300000000000004,16.0,60,0,59,59 58 57 56 55 54 53 52 51,"[[59, 16.0, 1.0], [58, 16.0, 1.0], [57, 16.0, 1.0], [56, 16.0, 0.6], [55, 8.0, 0.6], [54, 8.0, 0.6], [53, 1.0, 0.3], [52, 0.0, 0.3], [51, 0.0, 0.3]]",13,25-7,Quarterfinalist,0,-4
Foothills Christian|girls,Foothills Christian,girls,1A,10,67.39999999999999,3.3999999999999915,9.0,60,0,59,59 58 57 56 55 54 53 52 51,"[[59, 9.0, 1.0], [58, 12.0, 1.0], [57, 11.0, 1.0], [56, 14.0, 0.6], [55, 27.0, 0.6], [54, 16.0, 0.6], [53, 0.0, 0.3], [52, 3.0, 0.3], [51, 1.0, 0.3]]",28,20-12,Parastate,0,-18
Los Remolinos|girls,Los Remolinos,girls,1A,11,64.89999999999999,0.5999999999999943,10.0,60,0,59,59 58 57 56 55 54 53 52 51,"[[59, 10.0, 1.0], [58, 10.0, 1.0], [57, 11.0, 1.0], [56, 16.0, 0.6], [55, 10.0, 0.6], [54, 17.0, 0.6], [53, 10.0, 0.3], [52, 0.0, 0.3], [51, 17.0, 0.3]]",5,26-6,Octofinalist,0,6
Silton Union|girls,Silton Ridge,girls,1A,12,63.4,6.0,10.0,60,0,59,59 58 57 56 55 54 53 52 51,"[[59, 10.0, 1.0], [58, 17.0, 1.0], [57, 10.0, 1.0], [56, 10.0, 0.6], [55, 24.0, 0.6], [54, 10.0, 0.6], [53, 0.0, 0.3], [52, 0.0, 0.3], [51, 0.0, 0.3]]",7,26-6,Octofinalist,0,5
Ransoms Landing|girls,Ransoms Landing,girls,1A,13,57.0,9.200000000000005,16.0,60,0,59,59 58 57 56 55 54 53 52 51,"[[59, 16.0, 1.0], [58, 9.0, 1.0], [57, 8.0, 1.0], [56, 11.0, 0.6], [55, 0.0, 0.6], [54, 25.0, 0.6], [53, 8.0, 0.3], [52, 0.0, 0.3], [51, 0.0, 0.3]]",6,25-5,Quarterfinalist,0,7
Burnt River High|girls,Burnt River,girls,1A,14,56.7,-13.300000000000004,0.0,35,0,59,59 58 57 56 55 54 53 52 51,"[[59, 0.0, 1.0], [58, 8.0, 1.0], [57, 7.0, 1.0], [56, 25.0, 0.6], [55, 10.0, 0.6], [54, 16.0, 0.6], [53, 11.0, 0.3], [52, 16.0, 0.3], [51, 10.0, 0.3]]",85,0-25,Areas,0,-71
Barley Gap|girls,Barley Gap,girls,1A,15,54.6,-4.299999999999997,0.0,60,0,59,59 58 57 56 55 54 53 52 51,"[[59, 0.0, 1.0], [58, 10.0, 1.0], [57, 26.0, 1.0], [56, 10.0, 0.6], [55, 3.0, 0.6], [54, 10.0, 0.6], [53, 0.0, 0.3], [52, 7.0, 0.3], [51, 9.0, 0.3]]",51,12-12,Wards,0,-36
Serra Caverly|girls,Portola-Caverly,girls,1A,16,53.5,-16.299999999999997,10.0,60,0,59,59 58 57 56 55 54 53 52 51,"[[59, 10.0, 1.0], [58, 0.0, 1.0], [57, 3.0, 1.0], [56, 38.0, 0.6], [55, 0.0, 0.6], [54, 0.0, 0.6], [53, 10.0, 0.3], [52, 10.0, 0.3], [51, 39.0, 0.3]]",12,25-5,Octofinalist,0,4
Pellford|girls,Pellford,girls,1A,17,52.6,10.0,10.0,43,0,59,59 58 57 56 55 54 53 52 51,"[[59, 10.0, 1.0], [58, 10.0, 1.0], [57, 17.0, 1.0], [56, 0.0, 0.6], [55, 22.0, 0.6], [54, 4.0, 0.6], [53, 0.0, 0.3], [52, 0.0, 0.3], [51, 0.0, 0.3]]",30,21-12,Round of 24,0,-13
Archbishop Quinlan|girls,Quaking Aspen,girls,1A,18,52.0,4.0,10.0,60,0,59,59 58 57 56 55 54 53 52 51,"[[59, 10.0, 1.0], [58, 17.0, 1.0], [57, 10.0, 1.0], [56, 15.0, 0.6], [55, 8.0, 0.6], [54, 2.0, 0.6], [53, 0.0, 0.3], [52, 0.0, 0.3], [51, 0.0, 0.3]]",10,26-6,Octofinalist,0,8
Nicolás Treviño|girls,Valera,girls,1A,19,45.4,6.399999999999999,10.0,20,0,59,59 58 57 56 55 54 53 52 51,"[[59, 10.0, 1.0], [58, 10.0, 1.0], [57, 5.0, 1.0], [56, 9.0, 0.6], [55, 16.0, 0.6], [54, 9.0, 0.6], [53, 0.0, 0.3], [52, 0.0, 0.3], [51, 0.0, 0.3]]",18,21-6,Octofinalist,0,1
Bidwell City|girls,Alfalfa City,girls,1A,20,40.7,5.599999999999994,11.0,60,0,59,59 58 57 56 55 54 53 52 51,"[[59, 11.0, 1.0], [58, 10.0, 1.0], [57, 8.0, 1.0], [56, 6.0, 0.6], [55, 3.0, 0.6], [54, 10.0, 0.6], [53, 0.0, 0.3], [52, 0.0, 0.3], [51, 1.0, 0.3]]",14,22-11,Octofinalist,0,6
Manzanita Junction|girls,Manzanita Junction,girls,1A,21,39.8,2.499999999999993,7.0,60,0,59,59 58 57 56 55 54 53 52 51,"[[59, 7.0, 1.0], [58, 0.0, 1.0], [57, 10.0, 1.0], [56, 0.0, 0.6], [55, 10.0, 0.6], [54, 16.0, 0.6], [53, 6.0, 0.3], [52, 8.0, 0.3], [51, 10.0, 0.3]]",22,21-16,Round of 24,0,-1
Summervale Heights|girls,Aspen Hollow,girls,1A,22,36.4,-4.799999999999997,0.0,60,0,59,59 58 57 56 55 54 53 52 51,"[[59, 0.0, 1.0], [58, 14.0, 1.0], [57, 14.0, 1.0], [56, 0.0, 0.6], [55, 0.0, 0.6], [54, 0.0, 0.6], [53, 0.0, 0.3], [52, 11.0, 0.3], [51, 17.0, 0.3]]",38,11-12,Wards,0,-16
Kilbride Hall|girls,Kilbride Hall,girls,1A,23,33.2,-4.200000000000003,11.0,60,0,59,59 58 57 56 55 54 53 52 51,"[[59, 11.0, 1.0], [58, 0.0, 1.0], [57, 0.0, 1.0], [56, 17.0, 0.6], [55, 0.0, 0.6], [54, 0.0, 0.6], [53, 13.0, 0.3], [52, 0.0, 0.3], [51, 27.0, 0.3]]",25,25-13,Round of 24,0,-2
Basalt Fork|girls,Río Salado,girls,1A,24,31.0,6.0,8.0,60,0,59,59 58 57 56 55 54 53 52 51,"[[59, 8.0, 1.0], [58, 0.0, 1.0], [57, 8.0, 1.0], [56, 5.0, 0.6], [55, 10.0, 0.6], [54, 10.0, 0.6], [53, 0.0, 0.3], [52, 0.0, 0.3], [51, 0.0, 0.3]]",15,21-8,Round of 24,0,9
Redwood Glen|girls,Redwood Glen,girls,1A,25,28.2,-4.899999999999995,0.0,60,0,59,59 58 57 56 55 54 53 52 51,"[[59, 0.0, 1.0], [58, 0.0, 1.0], [57, 0.0, 1.0], [56, 1.0, 0.6], [55, 10.0, 0.6], [54, 5.0, 0.6], [53, 14.0, 0.3], [52, 39.0, 0.3], [51, 9.0, 0.3]]",35,14-15,Wards,0,-10
San Aurelio|girls,San Aurelio,girls,1A,26,26.9,0.1999999999999993,5.0,60,0,59,59 58 57 56 55 54 53 52 51,"[[59, 5.0, 1.0], [58, 0.0, 1.0], [57, 3.0, 1.0], [56, 6.0, 0.6], [55, 8.0, 0.6], [54, 1.0, 0.6], [53, 8.0, 0.3], [52, 16.0, 0.3], [51, 9.0, 0.3]]",20,23-10,Parastate,0,6
Trout Lake|girls,Trout Lake,girls,1A,27,26.6,4.0,10.0,60,0,59,59 58 57 56 55 54 53 52 51,"[[59, 10.0, 1.0], [58, 1.0, 1.0], [57, 0.0, 1.0], [56, 3.0, 0.6], [55, 0.0, 0.6], [54, 0.0, 0.6], [53, 9.0, 0.3], [52, 26.0, 0.3], [51, 11.0, 0.3]]",23,20-13,Round of 24,0,4
Yarmere|girls,Yarmere,girls,1A,28,25.8,6.800000000000001,8.0,60,0,59,59 58 57 56 55 54 53 52 51,"[[59, 8.0, 1.0], [58, 10.0, 1.0], [57, 3.0, 1.0], [56, 3.0, 0.6], [55, 1.0, 0.6], [54, 0.0, 0.6], [53, 0.0, 0.3], [52, 0.0, 0.3], [51, 8.0, 0.3]]",8,22-4,Round of 24,0,20
Bidwell|girls,Bidwell,girls,1A,29,25.0,2.8999999999999986,9.0,60,0,59,59 58 57 56 55 54 53 52 51,"[[59, 9.0, 1.0], [58, 1.0, 1.0], [57, 0.0, 1.0], [56, 10.0, 0.6], [55, 5.0, 0.6], [54, 10.0, 0.6], [53, 0.0, 0.3], [52, 0.0, 0.3], [51, 0.0, 0.3]]",17,23-9,Round of 24,0,12
Huckle Lake|girls,Mount Dylan Lake,girls,1A,30,23.0,0.4000000000000021,10.0,60,0,59,59 58 57 56 55 54 53 52 51,"[[59, 10.0, 1.0], [58, 0.0, 1.0], [57, 1.0, 1.0], [56, 0.0, 0.6], [55, 0.0, 0.6], [54, 0.0, 0.6], [53, 24.0, 0.3], [52, 11.0, 0.3], [51, 5.0, 0.3]]",29,22-11,Parastate,0,1
Weston-McEwen High|girls,Weston-McEwen,girls,1A,31,22.7,4.5,6.0,35,0,59,59 58 57 56 55 54 53 52 51,"[[59, 6.0, 1.0], [58, 5.0, 1.0], [57, 0.0, 1.0], [56, 0.0, 0.6], [55, 17.0, 0.6], [54, 0.0, 0.6], [53, 5.0, 0.3], [52, 0.0, 0.3], [51, 0.0, 0.3]]",27,20-11,Parastate,0,4
Tule Flat Lutheran|girls,Reed Lake,girls,1A,32,21.3,-5.199999999999999,0.0,25,0,59,59 58 57 56 55 54 53 52 51,"[[59, 0.0, 1.0], [58, 0.0, 1.0], [57, 0.0, 1.0], [56, 1.0, 0.6], [55, 3.0, 0.6], [54, 11.0, 0.6], [53, 8.0, 0.3], [52, 9.0, 0.3], [51, 24.0, 0.3]]",79,4-23,Areas,0,-47
St. Cecilia Academy|girls,Quartzburg,girls,1A,33,20.3,-0.3000000000000007,0.0,60,0,59,59 58 57 56 55 54 53 52 51,"[[59, 0.0, 1.0], [58, 9.0, 1.0], [57, 11.0, 1.0], [56, 0.0, 0.6], [55, 0.0, 0.6], [54, 0.0, 0.6], [53, 1.0, 0.3], [52, 0.0, 0.3], [51, 0.0, 0.3]]",64,8-20,Areas,0,-31
Ashfield|girls,California Beach,girls,1A,34,19.4,-6.700000000000003,0.0,60,0,59,59 58 57 56 55 54 53 52 51,"[[59, 0.0, 1.0], [58, 5.0, 1.0], [57, 6.0, 1.0], [56, 4.0, 0.6], [55, 0.0, 0.6], [54, 10.0, 0.6], [53, 0.0, 0.3], [52, 0.0, 0.3], [51, 0.0, 0.3]]",26,19-11,Parastate,0,8
Lyle High|girls,Lyle,girls,1A,35,18.3,8.0,11.0,35,0,59,59 58 57 56 55 54 53 52 51,"[[59, 11.0, 1.0], [58, 3.0, 1.0], [57, 1.0, 1.0], [56, 0.0, 0.6], [55, 4.0, 0.6], [54, 1.0, 0.6], [53, 0.0, 0.3], [52, 1.0, 0.3], [51, 0.0, 0.3]]",21,25-8,Octofinalist,0,14
St. Perpetua Preparatory|girls,St. Josephine Bakhita,girls,1A,36,17.5,-0.8999999999999986,0.0,60,0,59,59 58 57 56 55 54 53 52 51,"[[59, 0.0, 1.0], [58, 0.0, 1.0], [57, 13.0, 1.0], [56, 0.0, 0.6], [55, 0.0, 0.6], [54, 7.0, 0.6], [53, 0.0, 0.3], [52, 0.0, 0.3], [51, 1.0, 0.3]]",75,5-23,Areas,0,-39
Bidwell County|girls,County Line,girls,1A,37,17.4,-7.199999999999999,0.0,60,0,59,59 58 57 56 55 54 53 52 51,"[[59, 0.0, 1.0], [58, 0.0, 1.0], [57, 0.0, 1.0], [56, 0.0, 0.6], [55, 0.0, 0.6], [54, 5.0, 0.6], [53, 24.0, 0.3], [52, 10.0, 0.3], [51, 14.0, 0.3]]",43,11-15,Areas,0,-6
Free Hill|girls,Free Hill,girls,1A,38,16.5,-8.8,0.0,43,0,59,59 58 57 56 55 54 53 52 51,"[[59, 0.0, 1.0], [58, 0.0, 1.0], [57, 0.0, 1.0], [56, 1.0, 0.6], [55, 0.0, 0.6], [54, 8.0, 0.6], [53, 17.0, 0.3], [52, 10.0, 0.3], [51, 10.0, 0.3]]",47,9-18,Areas,0,-9
Camden Flat|girls,Camden Flat,girls,1A,39,16.299999999999997,-3.6000000000000014,0.0,60,0,59,59 58 57 56 55 54 53 52 51,"[[59, 0.0, 1.0], [58, 4.0, 1.0], [57, 0.0, 1.0], [56, 9.0, 0.6], [55, 10.0, 0.6], [54, 0.0, 0.6], [53, 0.0, 0.3], [52, 3.0, 0.3], [51, 0.0, 0.3]]",33,16-12,Wards,0,6
St. Genevieve High School|girls,Bravewoman,girls,1A,40,15.7,-10.699999999999998,0.0,20,0,59,59 58 57 56 55 54 53 52 51,"[[59, 0.0, 1.0], [58, 0.0, 1.0], [57, 1.0, 1.0], [56, 11.0, 0.6], [55, 7.0, 0.6], [54, 0.0, 0.6], [53, 11.0, 0.3], [52, 2.0, 0.3], [51, 0.0, 0.3]]",52,11-13,Sectionals,0,-12
Granite Bar|girls,New Penzance Island,girls,1A,41,15.2,0.1999999999999993,5.0,60,0,59,59 58 57 56 55 54 53 52 51,"[[59, 5.0, 1.0], [58, 1.0, 1.0], [57, 5.0, 1.0], [56, 6.0, 0.6], [55, 1.0, 0.6], [54, 0.0, 0.6], [53, 0.0, 0.3], [52, 0.0, 0.3], [51, 0.0, 0.3]]",19,18-16,Round of 24,0,22
Vernon Moss|girls,Playa Honda,girls,1A,42,14.4,-11.1,0.0,60,0,59,59 58 57 56 55 54 53 52 51,"[[59, 0.0, 1.0], [58, 0.0, 1.0], [57, 0.0, 1.0], [56, 9.0, 0.6], [55, 10.0, 0.6], [54, 0.0, 0.6], [53, 0.0, 0.3], [52, 0.0, 0.3], [51, 10.0, 0.3]]",67,8-18,Areas,0,-25
Marlow County|girls,Marlow County,girls,1A,43,14.3,-0.2999999999999989,0.0,60,0,59,59 58 57 56 55 54 53 52 51,"[[59, 0.0, 1.0], [58, 5.0, 1.0], [57, 9.0, 1.0], [56, 0.0, 0.6], [55, 0.0, 0.6], [54, 0.0, 0.6], [53, 1.0, 0.3], [52, 0.0, 0.3], [51, 0.0, 0.3]]",68,7-15,Areas,0,-25
Brackwood Union|girls,Brackwood Pass,girls,1A,44,13.2,0.0,0.0,60,0,59,59 58 57 56 55 54 53 52 51,"[[59, 0.0, 1.0], [58, 9.0, 1.0], [57, 0.0, 1.0], [56, 0.0, 0.6], [55, 1.0, 0.6], [54, 6.0, 0.6], [53, 0.0, 0.3], [52, 0.0, 0.3], [51, 0.0, 0.3]]",44,12-14,Wards,0,0
Arlington High|girls,Arlington,girls,1A,45,12.3,-8.1,0.0,35,0,59,59 58 57 56 55 54 53 52 51,"[[59, 0.0, 1.0], [58, 0.0, 1.0], [57, 0.0, 1.0], [56, 0.0, 0.6], [55, 3.0, 0.6], [54, 4.0, 0.6], [53, 27.0, 0.3], [52, 0.0, 0.3], [51, 0.0, 0.3]]",82,3-25,Areas,0,-37
Grace Christian|girls,Grace Christian,girls,1A,46,11.8,-3.9,0.0,60,0,59,59 58 57 56 55 54 53 52 51,"[[59, 0.0, 1.0], [58, 1.0, 1.0], [57, 0.0, 1.0], [56, 0.0, 0.6], [55, 0.0, 0.6], [54, 0.0, 0.6], [53, 13.0, 0.3], [52, 22.0, 0.3], [51, 1.0, 0.3]]",41,12-13,Areas,0,5
St. Gabriel Preparatory|girls,Orchardgate,girls,1A,47,11.7,-0.7000000000000028,0.0,60,0,59,59 58 57 56 55 54 53 52 51,"[[59, 0.0, 1.0], [58, 0.0, 1.0], [57, 0.0, 1.0], [56, 1.0, 0.6], [55, 15.0, 0.6], [54, 3.0, 0.6], [53, 0.0, 0.3], [52, 0.0, 0.3], [51, 1.0, 0.3]]",59,8-17,Areas,0,-12
Flume|girls,Flume,girls,1A,48,9.1,-3.6,0.0,43,0,59,59 58 57 56 55 54 53 52 51,"[[59, 0.0, 1.0], [58, 1.0, 1.0], [57, 0.0, 1.0], [56, 0.0, 0.6], [55, 0.0, 0.6], [54, 0.0, 0.6], [53, 9.0, 0.3], [52, 9.0, 0.3], [51, 9.0, 0.3]]",55,7-16,Areas,0,-7
Wickbrook|girls,Salmon Bay,girls,1A,49,8.7,-7.199999999999999,0.0,60,0,59,59 58 57 56 55 54 53 52 51,"[[59, 0.0, 1.0], [58, 0.0, 1.0], [57, 0.0, 1.0], [56, 0.0, 0.6], [55, 0.0, 0.6], [54, 0.0, 0.6], [53, 0.0, 0.3], [52, 25.0, 0.3], [51, 4.0, 0.3]]",66,7-20,Areas,0,-17
Thornford|girls,Thorn Summit,girls,1A,50,8.2,2.999999999999999,3.0,60,0,59,59 58 57 56 55 54 53 52 51,"[[59, 3.0, 1.0], [58, 1.0, 1.0], [57, 0.0, 1.0], [56, 0.0, 0.6], [55, 0.0, 0.6], [54, 7.0, 0.6], [53, 0.0, 0.3], [52, 0.0, 0.3], [51, 0.0, 0.3]]",32,15-12,Conference,0,18
Elk Prairie|girls,Carolina Island,girls,1A,51,8.1,-2.4000000000000004,0.0,60,0,59,59 58 57 56 55 54 53 52 51,"[[59, 0.0, 1.0], [58, 0.0, 1.0], [57, 0.0, 1.0], [56, 0.0, 0.6], [55, 4.0, 0.6], [54, 0.0, 0.6], [53, 0.0, 0.3], [52, 9.0, 0.3], [51, 10.0, 0.3]]",58,8-16,Areas,0,-7
Irrigon High|girls,Irrigon,girls,1A,52,8.1,-2.8000000000000007,0.0,35,0,59,59 58 57 56 55 54 53 52 51,"[[59, 0.0, 1.0], [58, 0.0, 1.0], [57, 0.0, 1.0], [56, 1.0, 0.6], [55, 0.0, 0.6], [54, 3.0, 0.6], [53, 0.0, 0.3], [52, 8.0, 0.3], [51, 11.0, 0.3]]",48,11-17,Areas,0,4
St. Genevieve|girls,Whitegrass,girls,1A,53,8.1,-3.9,0.0,60,0,59,59 58 57 56 55 54 53 52 51,"[[59, 0.0, 1.0], [58, 0.0, 1.0], [57, 0.0, 1.0], [56, 0.0, 0.6], [55, 0.0, 0.6], [54, 3.0, 0.6], [53, 12.0, 0.3], [52, 9.0, 0.3], [51, 0.0, 0.3]]",80,3-22,Areas,0,-27
Coast Prairie|girls,Coast Prairie,girls,1A,54,7.6,-4.4,1.0,43,0,59,59 58 57 56 55 54 53 52 51,"[[59, 1.0, 1.0], [58, 0.0, 1.0], [57, 0.0, 1.0], [56, 0.0, 0.6], [55, 0.0, 0.6], [54, 0.0, 0.6], [53, 1.0, 0.3], [52, 10.0, 0.3], [51, 11.0, 0.3]]",57,11-17,Wards,0,-3
St. Jerome Academy|girls,Isla Verde,girls,1A,55,7.4,-4.199999999999999,1.0,60,0,59,59 58 57 56 55 54 53 52 51,"[[59, 1.0, 1.0], [58, 0.0, 1.0], [57, 1.0, 1.0], [56, 1.0, 0.6], [55, 0.0, 0.6], [54, 0.0, 0.6], [53, 16.0, 0.3], [52, 0.0, 0.3], [51, 0.0, 0.3]]",42,13-18,Semi-Conference,0,13
Trinity Christian|girls,Stillwater,girls,1A,56,7.0,-0.5,1.0,60,0,59,59 58 57 56 55 54 53 52 51,"[[59, 1.0, 1.0], [58, 0.0, 1.0], [57, 0.0, 1.0], [56, 0.0, 0.6], [55, 0.0, 0.6], [54, 0.0, 0.6], [53, 0.0, 0.3], [52, 10.0, 0.3], [51, 10.0, 0.3]]",60,11-14,Wards,0,-4
Wallowa High|girls,Wallowa,girls,1A,57,5.4,0.0,0.0,35,0,59,59 58 57 56 55 54 53 52 51,"[[59, 0.0, 1.0], [58, 0.0, 1.0], [57, 0.0, 1.0], [56, 0.0, 0.6], [55, 1.0, 0.6], [54, 0.0, 0.6], [53, 0.0, 0.3], [52, 16.0, 0.3], [51, 0.0, 0.3]]",45,11-11,Wards,0,12
Adrian High|girls,Adrian,girls,1A,58,5.0,1.0,1.0,35,0,59,59 58 57 56 55 54 53 52 51,"[[59, 1.0, 1.0], [58, 4.0, 1.0], [57, 0.0, 1.0], [56, 0.0, 0.6], [55, 0.0, 0.6], [54, 0.0, 0.6], [53, 0.0, 0.3], [52, 0.0, 0.3], [51, 0.0, 0.3]]",24,17-13,Parastate,0,34
Vessey Junction-Tailingford Union|girls,Tailingford Union,girls,1A,59,4.3,-2.7,0.0,60,0,59,59 58 57 56 55 54 53 52 51,"[[59, 0.0, 1.0], [58, 0.0, 1.0], [57, 1.0, 1.0], [56, 0.0, 0.6], [55, 1.0, 0.6], [54, 0.0, 0.6], [53, 9.0, 0.3], [52, 0.0, 0.3], [51, 0.0, 0.3]]",37,15-16,Wards,0,22
Anya Orlov|girls,Riviere Salee,girls,1A,60,3.9,-3.7,0.0,60,0,59,59 58 57 56 55 54 53 52 51,"[[59, 0.0, 1.0], [58, 0.0, 1.0], [57, 0.0, 1.0], [56, 1.0, 0.6], [55, 0.0, 0.6], [54, 0.0, 0.6], [53, 0.0, 0.3], [52, 3.0, 0.3], [51, 8.0, 0.3]]",65,7-18,Areas,0,-5
Salvador Figueroa|girls,Vesper,girls,1A,61,3.6,0.0,0.0,60,0,59,59 58 57 56 55 54 53 52 51,"[[59, 0.0, 1.0], [58, 0.0, 1.0], [57, 0.0, 1.0], [56, 0.0, 0.6], [55, 0.0, 0.6], [54, 0.0, 0.6], [53, 0.0, 0.3], [52, 9.0, 0.3], [51, 3.0, 0.3]]",77,4-21,Areas,0,-16
Glenwood High|girls,Glenwood,girls,1A,62,3.0,0.0,0.0,35,0,59,59 58 57 56 55 54 53 52 51,"[[59, 0.0, 1.0], [58, 3.0, 1.0], [57, 0.0, 1.0], [56, 0.0, 0.6], [55, 0.0, 0.6], [54, 0.0, 0.6], [53, 0.0, 0.3], [52, 0.0, 0.3], [51, 0.0, 0.3]]",39,11-12,Parastate,0,23
Martin Luther|girls,King,girls,1A,63,1.7999999999999998,0.0,0.0,60,0,59,59 58 57 56 55 54 53 52 51,"[[59, 0.0, 1.0], [58, 0.0, 1.0], [57, 0.0, 1.0], [56, 0.0, 0.6], [55, 0.0, 0.6], [54, 0.0, 0.6], [53, 0.0, 0.3], [52, 6.0, 0.3], [51, 0.0, 0.3]]",56,9-20,Wards,0,7
Halemere|girls,Halemere,girls,1A,64,1.5,0.0,0.0,60,0,59,59 58 57 56 55 54 53 52 51,"[[59, 0.0, 1.0], [58, 0.0, 1.0], [57, 0.0, 1.0], [56, 0.0, 0.6], [55, 0.0, 0.6], [54, 2.0, 0.6], [53, 0.0, 0.3], [52, 0.0, 0.3], [51, 1.0, 0.3]]",63,7-15,Areas,0,1
Christ the King|girls,Christ the King,girls,1A,65,1.2,-3.0,0.0,60,0,59,59 58 57 56 55 54 53 52 51,"[[59, 0.0, 1.0], [58, 0.0, 1.0], [57, 0.0, 1.0], [56, 0.0, 0.6], [55, 0.0, 0.6], [54, 0.0, 0.6], [53, 0.0, 0.3], [52, 0.0, 0.3], [51, 4.0, 0.3]]",31,13-12,Wards,0,34
Ransom City Union|girls,Ransom Pass,girls,1A,66,1.2,-1.2,0.0,60,0,59,59 58 57 56 55 54 53 52 51,"[[59, 0.0, 1.0], [58, 0.0, 1.0], [57, 0.0, 1.0], [56, 0.0, 0.6], [55, 0.0, 0.6], [54, 0.0, 0.6], [53, 4.0, 0.3], [52, 0.0, 0.3], [51, 0.0, 0.3]]",83,2-23,Areas,0,-17
Condon High|girls,Condon,girls,1A,67,1.0,1.0,1.0,35,0,59,59 58 57 56 55 54 53 52 51,"[[59, 1.0, 1.0], [58, 0.0, 1.0], [57, 0.0, 1.0], [56, 0.0, 0.6], [55, 0.0, 0.6], [54, 0.0, 0.6], [53, 0.0, 0.3], [52, 0.0, 0.3], [51, 0.0, 0.3]]",50,11-17,Wards,0,17
Pilot Rock High|girls,Pilot Rock,girls,1A,68,1.0,-0.5,1.0,35,0,59,59 58 57 56 55 54 53 52 51,"[[59, 1.0, 1.0], [58, 0.0, 1.0], [57, 0.0, 1.0], [56, 0.0, 0.6], [55, 0.0, 0.6], [54, 0.0, 0.6], [53, 0.0, 0.3], [52, 0.0, 0.3], [51, 0.0, 0.3]]",34,16-13,Challengers,0,34
Rentie Grove|girls,Jamaica,girls,1A,69,1.0,0.0,0.0,60,0,59,59 58 57 56 55 54 53 52 51,"[[59, 0.0, 1.0], [58, 0.0, 1.0], [57, 1.0, 1.0], [56, 0.0, 0.6], [55, 0.0, 0.6], [54, 0.0, 0.6], [53, 0.0, 0.3], [52, 0.0, 0.3], [51, 0.0, 0.3]]",54,10-17,Areas,0,15
Amaia Aramburu North|girls,Belmonte South,girls,1A,70,0.8999999999999999,-0.8999999999999999,0.0,20,0,59,59 58 57 56 55 54 53 52 51,"[[59, 0.0, 1.0], [58, 0.0, 1.0], [57, 0.0, 1.0], [56, 0.0, 0.6], [55, 0.0, 0.6], [54, 0.0, 0.6], [53, 3.0, 0.3], [52, 0.0, 0.3], [51, 0.0, 0.3]]",49,11-17,Sectionals,0,21
Heritage Christian|girls,Longmeadow,girls,1A,71,0.8999999999999999,-0.6000000000000001,0.0,60,0,59,59 58 57 56 55 54 53 52 51,"[[59, 0.0, 1.0], [58, 0.0, 1.0], [57, 0.0, 1.0], [56, 0.0, 0.6], [55, 0.0, 0.6], [54, 0.0, 0.6], [53, 1.0, 0.3], [52, 2.0, 0.3], [51, 0.0, 0.3]]",69,8-19,Areas,0,2
Odellville|girls,Odellville,girls,1A,72,0.8999999999999999,-1.7999999999999998,0.0,43,0,59,59 58 57 56 55 54 53 52 51,"[[59, 0.0, 1.0], [58, 0.0, 1.0], [57, 0.0, 1.0], [56, 0.0, 0.6], [55, 0.0, 0.6], [54, 0.0, 0.6], [53, 3.0, 0.3], [52, 0.0, 0.3], [51, 0.0, 0.3]]",71,4-21,Areas,0,1
Alderton|girls,Alderton,girls,1A,73,0.6,0.0,0.0,43,0,59,59 58 57 56 55 54 53 52 51,"[[59, 0.0, 1.0], [58, 0.0, 1.0], [57, 0.0, 1.0], [56, 0.0, 0.6], [55, 1.0, 0.6], [54, 0.0, 0.6], [53, 0.0, 0.3], [52, 0.0, 0.3], [51, 0.0, 0.3]]",61,8-15,Areas,0,12
New Hope Christian|girls,New Hope Christian,girls,1A,74,0.6,0.0,0.0,60,0,59,59 58 57 56 55 54 53 52 51,"[[59, 0.0, 1.0], [58, 0.0, 1.0], [57, 0.0, 1.0], [56, 0.0, 0.6], [55, 1.0, 0.6], [54, 0.0, 0.6], [53, 0.0, 0.3], [52, 0.0, 0.3], [51, 0.0, 0.3]]",40,13-13,Wards,0,34
Beulah Landing|girls,Beulah Landing,girls,1A,75,0.3,0.0,0.0,43,0,59,59 58 57 56 55 54 53 52 51,"[[59, 0.0, 1.0], [58, 0.0, 1.0], [57, 0.0, 1.0], [56, 0.0, 0.6], [55, 0.0, 0.6], [54, 0.0, 0.6], [53, 0.0, 0.3], [52, 1.0, 0.3], [51, 0.0, 0.3]]",53,7-14,Areas,0,22
Copper Crossing|girls,Copper Gap,girls,1A,76,0.3,-2.1,0.0,60,0,59,59 58 57 56 55 54 53 52 51,"[[59, 0.0, 1.0], [58, 0.0, 1.0], [57, 0.0, 1.0], [56, 0.0, 0.6], [55, 0.0, 0.6], [54, 0.0, 0.6], [53, 0.0, 0.3], [52, 0.0, 0.3], [51, 1.0, 0.3]]",62,8-17,Areas,0,14
McCrory|girls,McCrory,girls,1A,77,0.3,0.0,0.0,43,0,59,59 58 57 56 55 54 53 52 51,"[[59, 0.0, 1.0], [58, 0.0, 1.0], [57, 0.0, 1.0], [56, 0.0, 0.6], [55, 0.0, 0.6], [54, 0.0, 0.6], [53, 0.0, 0.3], [52, 1.0, 0.3], [51, 0.0, 0.3]]",84,1-27,Areas,0,-7
Featherstone Institute|girls,Featherstone Tech,girls,1A,78,0.0,0.0,0.0,60,0,59,59 58 57 56 55 54 53 52 51,"[[59, 0.0, 1.0], [58, 0.0, 1.0], [57, 0.0, 1.0], [56, 0.0, 0.6], [55, 0.0, 0.6], [54, 0.0, 0.6], [53, 0.0, 0.3], [52, 0.0, 0.3], [51, 0.0, 0.3]]",81,2-28,Areas,0,-3
Ione High|girls,Ione,girls,1A,79,0.0,0.0,0.0,35,0,59,59 58 57 56 55 54 53 52 51,"[[59, 0.0, 1.0], [58, 0.0, 1.0], [57, 0.0, 1.0], [56, 0.0, 0.6], [55, 0.0, 0.6], [54, 0.0, 0.6], [53, 0.0, 0.3], [52, 0.0, 0.3], [51, 0.0, 0.3]]",46,12-14,Sectionals,0,33
Kernwood Lutheran|girls,Kernwood Lutheran,girls,1A,80,0.0,0.0,0.0,60,0,59,59 58 57 56 55 54 53 52 51,"[[59, 0.0, 1.0], [58, 0.0, 1.0], [57, 0.0, 1.0], [56, 0.0, 0.6], [55, 0.0, 0.6], [54, 0.0, 0.6], [53, 0.0, 0.3], [52, 0.0, 0.3], [51, 0.0, 0.3]]",70,9-19,Areas,0,10
Pine Siding|girls,Pine,girls,1A,81,0.0,0.0,0.0,60,0,59,59 58 57 56 55 54 53 52 51,"[[59, 0.0, 1.0], [58, 0.0, 1.0], [57, 0.0, 1.0], [56, 0.0, 0.6], [55, 0.0, 0.6], [54, 0.0, 0.6], [53, 0.0, 0.3], [52, 0.0, 0.3], [51, 0.0, 0.3]]",73,3-23,Areas,0,8
Punta del Águila|girls,Punta del Águila,girls,1A,82,0.0,0.0,0.0,43,0,59,59 58 57 56 55 54 53 52 51,"[[59, 0.0, 1.0], [58, 0.0, 1.0], [57, 0.0, 1.0], [56, 0.0, 0.6], [55, 0.0, 0.6], [54, 0.0, 0.6], [53, 0.0, 0.3], [52, 0.0, 0.3], [51, 0.0, 0.3]]",36,13-14,Parastate,0,46
Stanfield High|girls,Stanfield,girls,1A,83,0.0,0.0,0.0,35,0,59,59 58 57 56 55 54 53 52 51,"[[59, 0.0, 1.0], [58, 0.0, 1.0], [57, 0.0, 1.0], [56, 0.0, 0.6], [55, 0.0, 0.6], [54, 0.0, 0.6], [53, 0.0, 0.3], [52, 0.0, 0.3], [51, 0.0, 0.3]]",76,4-20,Areas,0,7
Wheatley|girls,Wheatley,girls,1A,84,0.0,0.0,0.0,60,0,59,59 58 57 56 55 54 53 52 51,"[[59, 0.0, 1.0], [58, 0.0, 1.0], [57, 0.0, 1.0], [56, 0.0, 0.6], [55, 0.0, 0.6], [54, 0.0, 0.6], [53, 0.0, 0.3], [52, 0.0, 0.3], [51, 0.0, 0.3]]",72,4-20,Areas,0,12
Wishram High|girls,Wishram,girls,1A,85,0.0,0.0,0.0,35,0,59,59 58 57 56 55 54 53 52 51,"[[59, 0.0, 1.0], [58, 0.0, 1.0], [57, 0.0, 1.0], [56, 0.0, 0.6], [55, 0.0, 0.6], [54, 0.0, 0.6], [53, 0.0, 0.3], [52, 0.0, 0.3], [51, 0.0, 0.3]]",78,3-18,Areas,0,7
Pine Eagle High|girls,Pine Eagle,girls,2A,1,154.40000000000003,-9.799999999999985,10.0,35,0,59,59 58 57 56 55 54 53 52 51,"[[59, 10.0, 1.0], [58, 39.0, 1.0], [57, 25.0, 1.0], [56, 39.0, 0.6], [55, 39.0, 0.6], [54, 39.0, 0.6], [53, 6.0, 0.3], [52, 18.0, 0.3], [51, 10.0, 0.3]]",11,27-5,Octofinalist,0,-10
Calvary Chapel Kilbride Switch|girls,Gottschalk-Herman,girls,2A,2,110.9,8.700000000000003,25.0,60,0,59,59 58 57 56 55 54 53 52 51,"[[59, 25.0, 1.0], [58, 10.0, 1.0], [57, 39.0, 1.0], [56, 25.0, 0.6], [55, 10.0, 0.6], [54, 11.0, 0.6], [53, 10.0, 0.3], [52, 10.0, 0.3], [51, 11.0, 0.3]]",10,31-3,Semifinalist,0,-8
Netherwood|girls,Netherwood,girls,2A,3,95.2,0.2000000000000028,17.0,60,0,59,59 58 57 56 55 54 53 52 51,"[[59, 17.0, 1.0], [58, 10.0, 1.0], [57, 16.0, 1.0], [56, 27.0, 0.6], [55, 17.0, 0.6], [54, 25.0, 0.6], [53, 10.0, 0.3], [52, 16.0, 0.3], [51, 10.0, 0.3]]",6,28-4,Quarterfinalist,0,-3
Draybrook Union|girls,Draybrook Union,girls,2A,4,91.8,9.599999999999994,16.0,60,0,59,59 58 57 56 55 54 53 52 51,"[[59, 16.0, 1.0], [58, 17.0, 1.0], [57, 27.0, 1.0], [56, 16.0, 0.6], [55, 9.0, 0.6], [54, 8.0, 0.6], [53, 0.0, 0.3], [52, 12.0, 0.3], [51, 28.0, 0.3]]",4,27-3,Quarterfinalist,0,0
Vale High|girls,Vale,girls,2A,5,89.39999999999999,-17.799999999999997,0.0,35,0,59,59 58 57 56 55 54 53 52 51,"[[59, 0.0, 1.0], [58, 26.0, 1.0], [57, 16.0, 1.0], [56, 25.0, 0.6], [55, 26.0, 0.6], [54, 8.0, 0.6], [53, 1.0, 0.3], [52, 0.0, 0.3], [51, 39.0, 0.3]]",61,5-19,Sectionals,0,-56
Garrity|girls,Texas Beach,girls,2A,6,87.8,32.0,39.0,60,0,59,59 58 57 56 55 54 53 52 51,"[[59, 39.0, 1.0], [58, 25.0, 1.0], [57, 10.0, 1.0], [56, 10.0, 0.6], [55, 8.0, 0.6], [54, 0.0, 0.6], [53, 0.0, 0.3], [52, 0.0, 0.3], [51, 10.0, 0.3]]",1,37-1,Champion,1,5
Madison|girls,Governor Woods,girls,2A,7,85.39999999999999,14.59999999999998,24.0,60,0,59,59 58 57 56 55 54 53 52 51,"[[59, 24.0, 1.0], [58, 16.0, 1.0], [57, 16.0, 1.0], [56, 13.0, 0.6], [55, 21.0, 0.6], [54, 10.0, 0.6], [53, 6.0, 0.3], [52, 4.0, 0.3], [51, 0.0, 0.3]]",5,28-4,Semifinalist,0,2
Sutter Basin|girls,Sutter Basin,girls,2A,8,79.2,-7.199999999999989,10.0,43,0,59,59 58 57 56 55 54 53 52 51,"[[59, 10.0, 1.0], [58, 16.0, 1.0], [57, 10.0, 1.0], [56, 16.0, 0.6], [55, 11.0, 0.6], [54, 16.0, 0.6], [53, 24.0, 0.3], [52, 24.0, 0.3], [51, 10.0, 0.3]]",12,22-6,Octofinalist,0,-4
Porterfield|girls,Porterfield,girls,2A,9,73.5,5.700000000000017,16.0,60,0,59,59 58 57 56 55 54 53 52 51,"[[59, 16.0, 1.0], [58, 10.0, 1.0], [57, 16.0, 1.0], [56, 10.0, 0.6], [55, 24.0, 0.6], [54, 13.0, 0.6], [53, 10.0, 0.3], [52, 0.0, 0.3], [51, 1.0, 0.3]]",7,22-4,Quarterfinalist,0,2
Caswell Depot High|girls,Cherry Hill North,girls,2A,10,70.69999999999999,19.79999999999999,26.0,43,0,59,59 58 57 56 55 54 53 52 51,"[[59, 26.0, 1.0], [58, 10.0, 1.0], [57, 8.0, 1.0], [56, 8.0, 0.6], [55, 10.0, 0.6], [54, 16.0, 0.6], [53, 10.0, 0.3], [52, 11.0, 0.3], [51, 0.0, 0.3]]",2,31-2,Finalist,0,8
Aldermont|girls,Cape Angeles,girls,2A,11,68.9,-0.8999999999999915,10.0,60,0,59,59 58 57 56 55 54 53 52 51,"[[59, 10.0, 1.0], [58, 11.0, 1.0], [57, 11.0, 1.0], [56, 10.0, 0.6], [55, 10.0, 0.6], [54, 11.0, 0.6], [53, 18.0, 0.3], [52, 25.0, 0.3], [51, 18.0, 0.3]]",8,25-4,Octofinalist,0,3
Nyssa High|girls,Nyssa,girls,2A,12,63.2,5.399999999999999,10.0,35,0,59,59 58 57 56 55 54 53 52 51,"[[59, 10.0, 1.0], [58, 10.0, 1.0], [57, 24.0, 1.0], [56, 10.0, 0.6], [55, 10.0, 0.6], [54, 10.0, 0.6], [53, 2.0, 0.3], [52, 2.0, 0.3], [51, 0.0, 0.3]]",19,21-5,Octofinalist,0,-7
Tailing Crossing-Ewart Bar Union|girls,Fountain Park,girls,2A,13,62.1,-18.60000000000001,8.0,60,0,59,59 58 57 56 55 54 53 52 51,"[[59, 8.0, 1.0], [58, 7.0, 1.0], [57, 12.0, 1.0], [56, 8.0, 0.6], [55, 10.0, 0.6], [54, 11.0, 0.6], [53, 39.0, 0.3], [52, 10.0, 0.3], [51, 10.0, 0.3]]",17,24-8,Round of 32,0,-4
Meridian Regional|girls,Meridian Regional,girls,2A,14,61.00000000000001,10.0,17.0,60,0,59,59 58 57 56 55 54 53 52 51,"[[59, 17.0, 1.0], [58, 10.0, 1.0], [57, 10.0, 1.0], [56, 10.0, 0.6], [55, 12.0, 0.6], [54, 17.0, 0.6], [53, 2.0, 0.3], [52, 0.0, 0.3], [51, 0.0, 0.3]]",3,28-3,Quarterfinalist,0,11
Fogline|girls,Fogline,girls,2A,15,58.49999999999999,7.5,11.0,43,0,59,59 58 57 56 55 54 53 52 51,"[[59, 11.0, 1.0], [58, 24.0, 1.0], [57, 10.0, 1.0], [56, 8.0, 0.6], [55, 14.0, 0.6], [54, 0.0, 0.6], [53, 0.0, 0.3], [52, 0.0, 0.3], [51, 1.0, 0.3]]",14,22-8,Octofinalist,0,1
Villard|girls,Villard,girls,2A,16,57.1,-2.1000000000000014,10.0,60,0,59,59 58 57 56 55 54 53 52 51,"[[59, 10.0, 1.0], [58, 8.0, 1.0], [57, 10.0, 1.0], [56, 10.0, 0.6], [55, 10.0, 0.6], [54, 10.0, 0.6], [53, 18.0, 0.3], [52, 8.0, 0.3], [51, 11.0, 0.3]]",13,24-6,Octofinalist,0,3
Fig Gap|girls,Río Verde,girls,2A,17,55.8,1.3999999999999986,11.0,60,0,59,59 58 57 56 55 54 53 52 51,"[[59, 11.0, 1.0], [58, 10.0, 1.0], [57, 9.0, 1.0], [56, 12.0, 0.6], [55, 4.0, 0.6], [54, 10.0, 0.6], [53, 16.0, 0.3], [52, 8.0, 0.3], [51, 10.0, 0.3]]",23,23-11,Round of 32,0,-6
Puerto Alma|girls,Puerto Alma,girls,2A,18,55.79999999999999,3.199999999999996,12.0,60,0,59,59 58 57 56 55 54 53 52 51,"[[59, 12.0, 1.0], [58, 11.0, 1.0], [57, 10.0, 1.0], [56, 13.0, 0.6], [55, 8.0, 0.6], [54, 9.0, 0.6], [53, 0.0, 0.3], [52, 6.0, 0.3], [51, 10.0, 0.3]]",16,22-9,Octofinalist,0,2
Port Meridian Polytechnic|girls,Port Meridian North,girls,2A,19,54.6,-6.100000000000001,6.0,44,0,59,59 58 57 56 55 54 53 52 51,"[[59, 6.0, 1.0], [58, 11.0, 1.0], [57, 10.0, 1.0], [56, 10.0, 0.6], [55, 12.0, 0.6], [54, 10.0, 0.6], [53, 17.0, 0.3], [52, 6.0, 0.3], [51, 5.0, 0.3]]",36,15-15,Parastate,0,-17
Galina Moroz|girls,Windward,girls,2A,20,54.0,1.2999999999999972,8.0,20,0,59,59 58 57 56 55 54 53 52 51,"[[59, 8.0, 1.0], [58, 12.0, 1.0], [57, 10.0, 1.0], [56, 16.0, 0.6], [55, 8.0, 0.6], [54, 10.0, 0.6], [53, 1.0, 0.3], [52, 9.0, 0.3], [51, 2.0, 0.3]]",9,23-9,Round of 32,0,11
Gold Junction|girls,Seamus Town,girls,2A,21,53.8,2.699999999999996,10.0,60,0,59,59 58 57 56 55 54 53 52 51,"[[59, 10.0, 1.0], [58, 8.0, 1.0], [57, 7.0, 1.0], [56, 10.0, 0.6], [55, 10.0, 0.6], [54, 17.0, 0.6], [53, 11.0, 0.3], [52, 11.0, 0.3], [51, 0.0, 0.3]]",21,23-9,Round of 32,0,0
Elgin High|girls,Elgin,girls,2A,22,49.59999999999999,-7.400000000000013,0.0,35,0,59,59 58 57 56 55 54 53 52 51,"[[59, 0.0, 1.0], [58, 17.0, 1.0], [57, 11.0, 1.0], [56, 11.0, 0.6], [55, 8.0, 0.6], [54, 12.0, 0.6], [53, 1.0, 0.3], [52, 1.0, 0.3], [51, 8.0, 0.3]]",73,2-19,Sectionals,0,-51
Annie Springs|girls,Annie Springs,girls,2A,23,49.5,-0.5,13.0,60,0,59,59 58 57 56 55 54 53 52 51,"[[59, 13.0, 1.0], [58, 8.0, 1.0], [57, 0.0, 1.0], [56, 6.0, 0.6], [55, 7.0, 0.6], [54, 11.0, 0.6], [53, 10.0, 0.3], [52, 10.0, 0.3], [51, 27.0, 0.3]]",24,20-15,Round of 32,0,-1
Abbey Vale Orchard Hill|girls,B.T. Washington,girls,2A,24,46.3,-11.79999999999999,1.0,60,0,59,59 58 57 56 55 54 53 52 51,"[[59, 1.0, 1.0], [58, 4.0, 1.0], [57, 11.0, 1.0], [56, 11.0, 0.6], [55, 11.0, 0.6], [54, 12.0, 0.6], [53, 12.0, 0.3], [52, 13.0, 0.3], [51, 8.0, 0.3]]",54,11-17,Wards,0,-30
Four Rivers Community School|girls,Four Rivers Charter,girls,2A,25,45.6,-6.0,1.0,35,0,59,59 58 57 56 55 54 53 52 51,"[[59, 1.0, 1.0], [58, 13.0, 1.0], [57, 13.0, 1.0], [56, 10.0, 0.6], [55, 10.0, 0.6], [54, 11.0, 0.6], [53, 0.0, 0.3], [52, 0.0, 0.3], [51, 0.0, 0.3]]",25,16-11,Parastate,0,0
Ewartville|girls,Fort Tabor,girls,2A,26,45.1,-1.7999999999999972,5.0,60,0,59,59 58 57 56 55 54 53 52 51,"[[59, 5.0, 1.0], [58, 7.0, 1.0], [57, 7.0, 1.0], [56, 11.0, 0.6], [55, 8.0, 0.6], [54, 12.0, 0.6], [53, 8.0, 0.3], [52, 0.0, 0.3], [51, 17.0, 0.3]]",42,17-17,Parastate,0,-16
Sherman High|girls,Sherman,girls,2A,27,42.9,-12.099999999999994,0.0,35,0,59,59 58 57 56 55 54 53 52 51,"[[59, 0.0, 1.0], [58, 0.0, 1.0], [57, 0.0, 1.0], [56, 4.0, 0.6], [55, 10.0, 0.6], [54, 26.0, 0.6], [53, 27.0, 0.3], [52, 11.0, 0.3], [51, 25.0, 0.3]]",72,2-21,Sectionals,0,-45
Granite Basin|girls,Granite Basin,girls,2A,28,41.8,0.8000000000000043,5.0,60,0,59,59 58 57 56 55 54 53 52 51,"[[59, 5.0, 1.0], [58, 7.0, 1.0], [57, 4.0, 1.0], [56, 0.0, 0.6], [55, 11.0, 0.6], [54, 24.0, 0.6], [53, 14.0, 0.3], [52, 1.0, 0.3], [51, 1.0, 0.3]]",29,14-14,Round of 32,0,-1
Mikel Zubieta|girls,South Rim,girls,2A,29,41.2,5.100000000000001,11.0,20,0,59,59 58 57 56 55 54 53 52 51,"[[59, 11.0, 1.0], [58, 3.0, 1.0], [57, 11.0, 1.0], [56, 11.0, 0.6], [55, 3.0, 0.6], [54, 2.0, 0.6], [53, 0.0, 0.3], [52, 10.0, 0.3], [51, 12.0, 0.3]]",28,19-14,Round of 32,0,1
Alben Barkley|girls,Barkley,girls,2A,30,36.7,2.200000000000003,7.0,60,0,59,59 58 57 56 55 54 53 52 51,"[[59, 7.0, 1.0], [58, 1.0, 1.0], [57, 2.0, 1.0], [56, 3.0, 0.6], [55, 28.0, 0.6], [54, 3.0, 0.6], [53, 12.0, 0.3], [52, 9.0, 0.3], [51, 0.0, 0.3]]",35,14-18,Round of 32,0,-5
Featherton|girls,Featherton,girls,2A,31,34.099999999999994,4.299999999999994,7.0,43,0,59,59 58 57 56 55 54 53 52 51,"[[59, 7.0, 1.0], [58, 6.0, 1.0], [57, 10.0, 1.0], [56, 6.0, 0.6], [55, 9.0, 0.6], [54, 3.0, 0.6], [53, 0.0, 0.3], [52, 1.0, 0.3], [51, 0.0, 0.3]]",26,18-16,Parastate,0,5
Union High|girls,Union,girls,2A,32,32.6,7.0,11.0,35,0,59,59 58 57 56 55 54 53 52 51,"[[59, 11.0, 1.0], [58, 11.0, 1.0], [57, 10.0, 1.0], [56, 1.0, 0.6], [55, 0.0, 0.6], [54, 0.0, 0.6], [53, 0.0, 0.3], [52, 0.0, 0.3], [51, 0.0, 0.3]]",15,21-7,Octofinalist,0,17
Los Maderos|girls,Los Maderos,girls,2A,33,32.3,-12.900000000000006,1.0,60,0,59,59 58 57 56 55 54 53 52 51,"[[59, 1.0, 1.0], [58, 1.0, 1.0], [57, 0.0, 1.0], [56, 16.0, 0.6], [55, 12.0, 0.6], [54, 10.0, 0.6], [53, 9.0, 0.3], [52, 12.0, 0.3], [51, 4.0, 0.3]]",45,11-18,Semi-Conference,0,-12
Prune Siding|girls,Prunedale,girls,2A,34,32.2,-9.300000000000004,2.0,43,0,59,59 58 57 56 55 54 53 52 51,"[[59, 2.0, 1.0], [58, 1.0, 1.0], [57, 1.0, 1.0], [56, 11.0, 0.6], [55, 1.0, 0.6], [54, 5.0, 0.6], [53, 11.0, 0.3], [52, 39.0, 0.3], [51, 10.0, 0.3]]",46,12-16,Conference,0,-12
Cradle Reach|girls,Cradle,girls,2A,35,31.8,-4.800000000000004,2.0,60,0,59,59 58 57 56 55 54 53 52 51,"[[59, 2.0, 1.0], [58, 0.0, 1.0], [57, 1.0, 1.0], [56, 11.0, 0.6], [55, 17.0, 0.6], [54, 8.0, 0.6], [53, 6.0, 0.3], [52, 8.0, 0.3], [51, 10.0, 0.3]]",44,13-17,Conference,0,-9
Wolf Gap International School|girls,Wolf Gap International,girls,2A,36,30.9,1.3999999999999986,3.0,60,0,59,59 58 57 56 55 54 53 52 51,"[[59, 3.0, 1.0], [58, 10.0, 1.0], [57, 8.0, 1.0], [56, 4.0, 0.6], [55, 9.0, 0.6], [54, 0.0, 0.6], [53, 0.0, 0.3], [52, 0.0, 0.3], [51, 7.0, 0.3]]",32,14-15,Parastate,0,4
Vessey Junction|girls,Vessey Junction,girls,2A,37,30.0,6.199999999999999,8.0,60,0,59,59 58 57 56 55 54 53 52 51,"[[59, 8.0, 1.0], [58, 8.0, 1.0], [57, 8.0, 1.0], [56, 0.0, 0.6], [55, 0.0, 0.6], [54, 10.0, 0.6], [53, 0.0, 0.3], [52, 0.0, 0.3], [51, 0.0, 0.3]]",18,23-8,Round of 32,0,19
Cove High|girls,Cove,girls,2A,38,29.2,-2.5,2.0,35,0,59,59 58 57 56 55 54 53 52 51,"[[59, 2.0, 1.0], [58, 10.0, 1.0], [57, 4.0, 1.0], [56, 3.0, 0.6], [55, 2.0, 0.6], [54, 4.0, 0.6], [53, 0.0, 0.3], [52, 18.0, 0.3], [51, 8.0, 0.3]]",33,18-16,Parastate,0,5
John Lewis|girls,Lewis,girls,2A,39,29.1,7.000000000000004,10.0,60,0,59,59 58 57 56 55 54 53 52 51,"[[59, 10.0, 1.0], [58, 8.0, 1.0], [57, 3.0, 1.0], [56, 3.0, 0.6], [55, 0.0, 0.6], [54, 1.0, 0.6], [53, 1.0, 0.3], [52, 8.0, 0.3], [51, 10.0, 0.3]]",20,21-7,Round of 32,0,19
Elk Run|girls,Elk Run,girls,2A,40,28.4,-6.399999999999995,0.0,43,0,59,59 58 57 56 55 54 53 52 51,"[[59, 0.0, 1.0], [58, 10.0, 1.0], [57, 10.0, 1.0], [56, 10.0, 0.6], [55, 3.0, 0.6], [54, 0.0, 0.6], [53, 0.0, 0.3], [52, 2.0, 0.3], [51, 0.0, 0.3]]",49,7-18,Sectionals,0,-9
North Antler Regional|girls,North Antler Regional,girls,2A,41,27.6,10.0,10.0,43,0,59,59 58 57 56 55 54 53 52 51,"[[59, 10.0, 1.0], [58, 11.0, 1.0], [57, 3.0, 1.0], [56, 0.0, 0.6], [55, 5.0, 0.6], [54, 1.0, 0.6], [53, 0.0, 0.3], [52, 0.0, 0.3], [51, 0.0, 0.3]]",22,20-8,Round of 32,0,19
Mission Ridge|girls,Mission Ridge,girls,2A,42,25.2,5.0,8.0,60,0,59,59 58 57 56 55 54 53 52 51,"[[59, 8.0, 1.0], [58, 7.0, 1.0], [57, 6.0, 1.0], [56, 0.0, 0.6], [55, 4.0, 0.6], [54, 0.0, 0.6], [53, 0.0, 0.3], [52, 5.0, 0.3], [51, 1.0, 0.3]]",34,16-14,Round of 32,0,8
Ashwood|girls,Gruesome Ridge,girls,2A,43,23.500000000000004,-4.0,0.0,60,0,59,59 58 57 56 55 54 53 52 51,"[[59, 0.0, 1.0], [58, 3.0, 1.0], [57, 10.0, 1.0], [56, 10.0, 0.6], [55, 6.0, 0.6], [54, 1.0, 0.6], [53, 0.0, 0.3], [52, 1.0, 0.3], [51, 0.0, 0.3]]",47,10-17,Sectionals,0,-4
Haddon Siding|girls,Haddon,girls,2A,44,22.6,4.600000000000001,7.0,60,0,59,59 58 57 56 55 54 53 52 51,"[[59, 7.0, 1.0], [58, 2.0, 1.0], [57, 10.0, 1.0], [56, 3.0, 0.6], [55, 0.0, 0.6], [54, 0.0, 0.6], [53, 4.0, 0.3], [52, 1.0, 0.3], [51, 1.0, 0.3]]",30,19-16,Parastate,0,14
Tamarack Springs|girls,Mineral Springs,girls,2A,45,22.2,11.6,12.0,60,0,59,59 58 57 56 55 54 53 52 51,"[[59, 12.0, 1.0], [58, 0.0, 1.0], [57, 0.0, 1.0], [56, 1.0, 0.6], [55, 3.0, 0.6], [54, 3.0, 0.6], [53, 0.0, 0.3], [52, 10.0, 0.3], [51, 10.0, 0.3]]",38,14-13,Round of 32,0,7
Bishop Ferraro|girls,Ferraro,girls,2A,46,20.700000000000003,-9.999999999999996,0.0,60,0,59,59 58 57 56 55 54 53 52 51,"[[59, 0.0, 1.0], [58, 0.0, 1.0], [57, 0.0, 1.0], [56, 1.0, 0.6], [55, 0.0, 0.6], [54, 10.0, 0.6], [53, 8.0, 0.3], [52, 27.0, 0.3], [51, 12.0, 0.3]]",74,2-26,Sectionals,0,-28
Los Remolinos Mission Bay|girls,Estuary Bay,girls,2A,47,20.6,12.000000000000002,12.0,60,0,59,59 58 57 56 55 54 53 52 51,"[[59, 12.0, 1.0], [58, 5.0, 1.0], [57, 3.0, 1.0], [56, 0.0, 0.6], [55, 1.0, 0.6], [54, 0.0, 0.6], [53, 0.0, 0.3], [52, 0.0, 0.3], [51, 0.0, 0.3]]",39,16-14,Round of 32,0,8
Bethel Christian|girls,Bethel Christian,girls,2A,48,19.8,8.200000000000001,11.0,60,0,59,59 58 57 56 55 54 53 52 51,"[[59, 11.0, 1.0], [58, 4.0, 1.0], [57, 3.0, 1.0], [56, 1.0, 0.6], [55, 0.0, 0.6], [54, 0.0, 0.6], [53, 0.0, 0.3], [52, 0.0, 0.3], [51, 4.0, 0.3]]",27,19-15,Round of 32,0,21
Jessup Bar|girls,Jessup Bar,girls,2A,49,18.4,-3.1999999999999997,4.0,60,0,59,59 58 57 56 55 54 53 52 51,"[[59, 4.0, 1.0], [58, 1.0, 1.0], [57, 2.0, 1.0], [56, 0.0, 0.6], [55, 0.0, 0.6], [54, 1.0, 0.6], [53, 11.0, 0.3], [52, 18.0, 0.3], [51, 7.0, 0.3]]",43,15-15,Specials,0,6
Huntington High|girls,Huntington,girls,2A,50,15.2,5.299999999999999,8.0,35,0,59,59 58 57 56 55 54 53 52 51,"[[59, 8.0, 1.0], [58, 0.0, 1.0], [57, 0.0, 1.0], [56, 0.0, 0.6], [55, 0.0, 0.6], [54, 7.0, 0.6], [53, 8.0, 0.3], [52, 2.0, 0.3], [51, 0.0, 0.3]]",31,20-10,Round of 32,0,19
McLoughlin High|girls,McLoughlin,girls,2A,51,14.4,-3.3000000000000007,0.0,35,0,59,59 58 57 56 55 54 53 52 51,"[[59, 0.0, 1.0], [58, 0.0, 1.0], [57, 0.0, 1.0], [56, 0.0, 0.6], [55, 3.0, 0.6], [54, 4.0, 0.6], [53, 10.0, 0.3], [52, 8.0, 0.3], [51, 16.0, 0.3]]",60,7-17,Sectionals,0,-9
Belmonte Applied Sciences Institute|girls,Yazoo,girls,2A,52,13.599999999999998,-2.0,1.0,60,0,59,59 58 57 56 55 54 53 52 51,"[[59, 1.0, 1.0], [58, 0.0, 1.0], [57, 0.0, 1.0], [56, 0.0, 0.6], [55, 0.0, 0.6], [54, 9.0, 0.6], [53, 10.0, 0.3], [52, 12.0, 0.3], [51, 2.0, 0.3]]",40,12-14,Challengers,0,12
Gold Hollow|girls,Gold Hollow,girls,2A,53,11.8,-2.4000000000000004,3.0,60,0,59,59 58 57 56 55 54 53 52 51,"[[59, 3.0, 1.0], [58, 1.0, 1.0], [57, 0.0, 1.0], [56, 0.0, 0.6], [55, 0.0, 0.6], [54, 0.0, 0.6], [53, 10.0, 0.3], [52, 8.0, 0.3], [51, 8.0, 0.3]]",37,16-16,Parastate,0,16
Gilhooly|girls,Gilhooly,girls,2A,54,11.1,-10.2,0.0,60,0,59,59 58 57 56 55 54 53 52 51,"[[59, 0.0, 1.0], [58, 0.0, 1.0], [57, 0.0, 1.0], [56, 0.0, 0.6], [55, 0.0, 0.6], [54, 3.0, 0.6], [53, 28.0, 0.3], [52, 3.0, 0.3], [51, 0.0, 0.3]]",58,8-17,Sectionals,0,-4
Ransom Spur|girls,Río Seco,girls,2A,55,9.1,-2.1999999999999997,0.0,60,0,59,59 58 57 56 55 54 53 52 51,"[[59, 0.0, 1.0], [58, 0.0, 1.0], [57, 1.0, 1.0], [56, 1.0, 0.6], [55, 1.0, 0.6], [54, 4.0, 0.6], [53, 3.0, 0.3], [52, 8.0, 0.3], [51, 4.0, 0.3]]",75,1-23,Sectionals,0,-20
Powder Valley High|girls,Powder Valley,girls,2A,56,8.9,-0.8999999999999986,1.0,35,0,59,59 58 57 56 55 54 53 52 51,"[[59, 1.0, 1.0], [58, 3.0, 1.0], [57, 4.0, 1.0], [56, 1.0, 0.6], [55, 0.0, 0.6], [54, 0.0, 0.6], [53, 1.0, 0.3], [52, 0.0, 0.3], [51, 0.0, 0.3]]",48,12-17,Semi-Conference,0,8
Halfway House|girls,Halfway House,girls,2A,57,8.399999999999999,-5.400000000000002,0.0,60,0,59,59 58 57 56 55 54 53 52 51,"[[59, 0.0, 1.0], [58, 0.0, 1.0], [57, 0.0, 1.0], [56, 0.0, 0.6], [55, 0.0, 0.6], [54, 0.0, 0.6], [53, 8.0, 0.3], [52, 4.0, 0.3], [51, 16.0, 0.3]]",69,4-19,Sectionals,0,-12
Pellburg|girls,Pellburg,girls,2A,58,8.1,-3.3000000000000007,0.0,60,0,59,59 58 57 56 55 54 53 52 51,"[[59, 0.0, 1.0], [58, 0.0, 1.0], [57, 0.0, 1.0], [56, 0.0, 0.6], [55, 0.0, 0.6], [54, 0.0, 0.6], [53, 10.0, 0.3], [52, 10.0, 0.3], [51, 7.0, 0.3]]",67,5-24,Sectionals,0,-9
Benton Cross|girls,Benton Cross,girls,2A,59,8.0,-3.0,1.0,60,0,59,59 58 57 56 55 54 53 52 51,"[[59, 1.0, 1.0], [58, 1.0, 1.0], [57, 0.0, 1.0], [56, 4.0, 0.6], [55, 2.0, 0.6], [54, 0.0, 0.6], [53, 6.0, 0.3], [52, 0.0, 0.3], [51, 2.0, 0.3]]",52,11-15,Semi-Conference,0,7
Lanphere|girls,Lanphere,girls,2A,60,7.199999999999999,-3.0,0.0,60,0,59,59 58 57 56 55 54 53 52 51,"[[59, 0.0, 1.0], [58, 0.0, 1.0], [57, 0.0, 1.0], [56, 0.0, 0.6], [55, 4.0, 0.6], [54, 3.0, 0.6], [53, 10.0, 0.3], [52, 0.0, 0.3], [51, 0.0, 0.3]]",70,2-23,Sectionals,0,-10
Paddock Institute|girls,Paddock Tech,girls,2A,61,6.9,-5.999999999999998,0.0,60,0,59,59 58 57 56 55 54 53 52 51,"[[59, 0.0, 1.0], [58, 0.0, 1.0], [57, 0.0, 1.0], [56, 3.0, 0.6], [55, 0.0, 0.6], [54, 1.0, 0.6], [53, 0.0, 0.3], [52, 5.0, 0.3], [51, 10.0, 0.3]]",59,10-16,Sectionals,0,2
Echo High|girls,Echo,girls,2A,62,4.5,-5.199999999999999,0.0,35,0,59,59 58 57 56 55 54 53 52 51,"[[59, 0.0, 1.0], [58, 0.0, 1.0], [57, 0.0, 1.0], [56, 1.0, 0.6], [55, 0.0, 0.6], [54, 0.0, 0.6], [53, 0.0, 0.3], [52, 7.0, 0.3], [51, 6.0, 0.3]]",65,6-15,Sectionals,0,-3
Enterprise High|girls,Enterprise,girls,2A,63,4.300000000000001,-0.5999999999999996,0.0,35,0,59,59 58 57 56 55 54 53 52 51,"[[59, 0.0, 1.0], [58, 0.0, 1.0], [57, 1.0, 1.0], [56, 0.0, 0.6], [55, 1.0, 0.6], [54, 1.0, 0.6], [53, 0.0, 0.3], [52, 0.0, 0.3], [51, 7.0, 0.3]]",56,8-19,Sectionals,0,7
Rimrock Valley|girls,New Ballard,girls,2A,64,4.2,0.0,0.0,60,0,59,59 58 57 56 55 54 53 52 51,"[[59, 0.0, 1.0], [58, 0.0, 1.0], [57, 0.0, 1.0], [56, 0.0, 0.6], [55, 0.0, 0.6], [54, 0.0, 0.6], [53, 0.0, 0.3], [52, 1.0, 0.3], [51, 13.0, 0.3]]",64,6-20,Sectionals,0,0
Hydraulicwood|girls,Hydraulicwood,girls,2A,65,3.4,-1.4,1.0,60,0,59,59 58 57 56 55 54 53 52 51,"[[59, 1.0, 1.0], [58, 0.0, 1.0], [57, 0.0, 1.0], [56, 0.0, 0.6], [55, 0.0, 0.6], [54, 0.0, 0.6], [53, 8.0, 0.3], [52, 0.0, 0.3], [51, 0.0, 0.3]]",51,8-16,Wards,0,14
Newark River|girls,Newark River,girls,2A,66,3.0,-2.1,0.0,60,0,59,59 58 57 56 55 54 53 52 51,"[[59, 0.0, 1.0], [58, 0.0, 1.0], [57, 0.0, 1.0], [56, 0.0, 0.6], [55, 1.0, 0.6], [54, 1.0, 0.6], [53, 3.0, 0.3], [52, 0.0, 0.3], [51, 3.0, 0.3]]",50,8-16,Sectionals,0,16
Canaan Bend|girls,Canaan Bend,girls,2A,67,2.7,0.0,0.0,43,0,59,59 58 57 56 55 54 53 52 51,"[[59, 0.0, 1.0], [58, 0.0, 1.0], [57, 0.0, 1.0], [56, 0.0, 0.6], [55, 0.0, 0.6], [54, 0.0, 0.6], [53, 0.0, 0.3], [52, 8.0, 0.3], [51, 1.0, 0.3]]",55,9-15,Sectionals,0,12
Hazel Hart|girls,Oak Meyer,girls,2A,68,2.1,-2.1,0.0,60,0,59,59 58 57 56 55 54 53 52 51,"[[59, 0.0, 1.0], [58, 0.0, 1.0], [57, 0.0, 1.0], [56, 0.0, 0.6], [55, 0.0, 0.6], [54, 0.0, 0.6], [53, 7.0, 0.3], [52, 0.0, 0.3], [51, 0.0, 0.3]]",76,1-23,Sectionals,0,-8
Walnut Yard|girls,South Simmons,girls,2A,69,1.6,-1.7999999999999998,0.0,60,0,59,59 58 57 56 55 54 53 52 51,"[[59, 0.0, 1.0], [58, 0.0, 1.0], [57, 1.0, 1.0], [56, 0.0, 0.6], [55, 0.0, 0.6], [54, 0.0, 0.6], [53, 0.0, 0.3], [52, 2.0, 0.3], [51, 0.0, 0.3]]",53,9-15,Sectionals,0,16
Imbler High|girls,Imbler,girls,2A,70,1.2,-0.6000000000000001,0.0,35,0,59,59 58 57 56 55 54 53 52 51,"[[59, 0.0, 1.0], [58, 0.0, 1.0], [57, 0.0, 1.0], [56, 0.0, 0.6], [55, 0.0, 0.6], [54, 0.0, 0.6], [53, 2.0, 0.3], [52, 1.0, 0.3], [51, 1.0, 0.3]]",78,0-25,Sectionals,0,-8
Naylor City|girls,Naylor City,girls,2A,71,1.2,-1.8,0.0,43,0,59,59 58 57 56 55 54 53 52 51,"[[59, 0.0, 1.0], [58, 0.0, 1.0], [57, 0.0, 1.0], [56, 0.0, 0.6], [55, 0.0, 0.6], [54, 0.0, 0.6], [53, 4.0, 0.3], [52, 0.0, 0.3], [51, 0.0, 0.3]]",57,8-16,Sectionals,0,14
St. Francis Xavier College Prep|girls,South Pomar,girls,2A,72,0.6,0.0,0.0,25,0,59,59 58 57 56 55 54 53 52 51,"[[59, 0.0, 1.0], [58, 0.0, 1.0], [57, 0.0, 1.0], [56, 0.0, 0.6], [55, 1.0, 0.6], [54, 0.0, 0.6], [53, 0.0, 0.3], [52, 0.0, 0.3], [51, 0.0, 0.3]]",41,12-16,Challengers,0,31
Chaff Head|girls,Chaff Head,girls,2A,73,0.3,-0.3,0.0,60,0,59,59 58 57 56 55 54 53 52 51,"[[59, 0.0, 1.0], [58, 0.0, 1.0], [57, 0.0, 1.0], [56, 0.0, 0.6], [55, 0.0, 0.6], [54, 0.0, 0.6], [53, 1.0, 0.3], [52, 0.0, 0.3], [51, 0.0, 0.3]]",71,5-25,Sectionals,0,2
Hawk Bar|girls,Hawk Bar,girls,2A,74,0.0,0.0,0.0,60,0,59,59 58 57 56 55 54 53 52 51,"[[59, 0.0, 1.0], [58, 0.0, 1.0], [57, 0.0, 1.0], [56, 0.0, 0.6], [55, 0.0, 0.6], [54, 0.0, 0.6], [53, 0.0, 0.3], [52, 0.0, 0.3], [51, 0.0, 0.3]]",68,5-20,Sectionals,0,6
St. Elian|girls,Kimberly,girls,2A,75,0.0,0.0,0.0,60,0,59,59 58 57 56 55 54 53 52 51,"[[59, 0.0, 1.0], [58, 0.0, 1.0], [57, 0.0, 1.0], [56, 0.0, 0.6], [55, 0.0, 0.6], [54, 0.0, 0.6], [53, 0.0, 0.3], [52, 0.0, 0.3], [51, 0.0, 0.3]]",77,2-23,Sectionals,0,-2
Tallow|girls,Tallow,girls,2A,76,0.0,0.0,0.0,60,0,59,59 58 57 56 55 54 53 52 51,"[[59, 0.0, 1.0], [58, 0.0, 1.0], [57, 0.0, 1.0], [56, 0.0, 0.6], [55, 0.0, 0.6], [54, 0.0, 0.6], [53, 0.0, 0.3], [52, 0.0, 0.3], [51, 0.0, 0.3]]",66,5-19,Sectionals,0,10
Thomas Moreau|girls,Elkhorn,girls,2A,77,0.0,0.0,0.0,20,0,59,59 58 57 56 55 54 53 52 51,"[[59, 0.0, 1.0], [58, 0.0, 1.0], [57, 0.0, 1.0], [56, 0.0, 0.6], [55, 0.0, 0.6], [54, 0.0, 0.6], [53, 0.0, 0.3], [52, 0.0, 0.3], [51, 0.0, 0.3]]",63,4-20,Sectionals,0,14
Yarburg|girls,Yarburg,girls,2A,78,0.0,0.0,0.0,60,0,59,59 58 57 56 55 54 53 52 51,"[[59, 0.0, 1.0], [58, 0.0, 1.0], [57, 0.0, 1.0], [56, 0.0, 0.6], [55, 0.0, 0.6], [54, 0.0, 0.6], [53, 0.0, 0.3], [52, 0.0, 0.3], [51, 0.0, 0.3]]",62,5-19,Sectionals,0,16
Sage Point|girls,California Canyons,girls,3A,1,148.1,15.899999999999975,39.0,60,0,59,59 58 57 56 55 54 53 52 51,"[[59, 39.0, 1.0], [58, 39.0, 1.0], [57, 17.0, 1.0], [56, 39.0, 0.6], [55, 27.0, 0.6], [54, 8.0, 0.6], [53, 9.0, 0.3], [52, 16.0, 0.3], [51, 4.0, 0.3]]",2,34-2,Champion,1,-1
San Lorenzo|girls,San Lorenzo,girls,3A,2,115.2,16.700000000000003,27.0,60,0,59,59 58 57 56 55 54 53 52 51,"[[59, 27.0, 1.0], [58, 27.0, 1.0], [57, 39.0, 1.0], [56, 25.0, 0.6], [55, 8.0, 0.6], [54, 1.0, 0.6], [53, 0.0, 0.3], [52, 0.0, 0.3], [51, 6.0, 0.3]]",1,35-2,Finalist,0,1
Port Veles International Academy|girls,Veles Park,girls,3A,3,114.8,11.59999999999998,25.0,20,0,59,59 58 57 56 55 54 53 52 51,"[[59, 25.0, 1.0], [58, 16.0, 1.0], [57, 27.0, 1.0], [56, 8.0, 0.6], [55, 10.0, 0.6], [54, 39.0, 0.6], [53, 24.0, 0.3], [52, 10.0, 0.3], [51, 8.0, 0.3]]",6,28-2,Semifinalist,0,-3
Goldbank County|girls,Goldbank County,girls,3A,4,89.10000000000001,0.5999999999999943,10.0,60,0,59,59 58 57 56 55 54 53 52 51,"[[59, 10.0, 1.0], [58, 10.0, 1.0], [57, 16.0, 1.0], [56, 16.0, 0.6], [55, 39.0, 0.6], [54, 27.0, 0.6], [53, 10.0, 0.3], [52, 3.0, 0.3], [51, 0.0, 0.3]]",9,23-7,Octofinalist,0,-5
Xabier Arregui|girls,Sinkford,girls,3A,5,83.0,-2.6999999999999886,10.0,60,0,59,59 58 57 56 55 54 53 52 51,"[[59, 10.0, 1.0], [58, 12.0, 1.0], [57, 25.0, 1.0], [56, 16.0, 0.6], [55, 16.0, 0.6], [54, 9.0, 0.6], [53, 5.0, 0.3], [52, 16.0, 0.3], [51, 17.0, 0.3]]",14,19-8,Octofinalist,0,-9
Barclay|girls,Barclay,girls,3A,6,81.6,2.4000000000000057,16.0,60,0,59,59 58 57 56 55 54 53 52 51,"[[59, 16.0, 1.0], [58, 16.0, 1.0], [57, 10.0, 1.0], [56, 25.0, 0.6], [55, 10.0, 0.6], [54, 10.0, 0.6], [53, 8.0, 0.3], [52, 17.0, 0.3], [51, 17.0, 0.3]]",4,23-3,Quarterfinalist,0,2
Summervale Northwest|girls,Star Hollow,girls,3A,7,81.10000000000001,-10.399999999999975,8.0,60,0,59,59 58 57 56 55 54 53 52 51,"[[59, 8.0, 1.0], [58, 8.0, 1.0], [57, 24.0, 1.0], [56, 16.0, 0.6], [55, 11.0, 0.6], [54, 25.0, 0.6], [53, 13.0, 0.3], [52, 10.0, 0.3], [51, 10.0, 0.3]]",13,20-7,Round of 32,0,-6
Ciderhaven|girls,Ciderhaven,girls,3A,8,78.9,7.40000000000002,16.0,60,0,59,59 58 57 56 55 54 53 52 51,"[[59, 16.0, 1.0], [58, 25.0, 1.0], [57, 16.0, 1.0], [56, 11.0, 0.6], [55, 8.0, 0.6], [54, 8.0, 0.6], [53, 3.0, 0.3], [52, 5.0, 0.3], [51, 11.0, 0.3]]",5,24-3,Quarterfinalist,0,3
Monte Blanco|girls,Monte Blanco,girls,3A,9,75.00000000000001,-5.299999999999997,10.0,60,0,59,59 58 57 56 55 54 53 52 51,"[[59, 10.0, 1.0], [58, 9.0, 1.0], [57, 8.0, 1.0], [56, 27.0, 0.6], [55, 25.0, 0.6], [54, 17.0, 0.6], [53, 4.0, 0.3], [52, 8.0, 0.3], [51, 10.0, 0.3]]",12,19-8,Octofinalist,0,-3
Quarmont|girls,Quarmont,girls,3A,10,74.60000000000001,16.600000000000016,25.0,60,0,59,59 58 57 56 55 54 53 52 51,"[[59, 25.0, 1.0], [58, 24.0, 1.0], [57, 10.0, 1.0], [56, 9.0, 0.6], [55, 4.0, 0.6], [54, 0.0, 0.6], [53, 0.0, 0.3], [52, 0.0, 0.3], [51, 26.0, 0.3]]",3,24-3,Semifinalist,0,7
Goodman|girls,Fort Bardsley,girls,3A,11,69.10000000000001,2.700000000000003,10.0,60,0,59,59 58 57 56 55 54 53 52 51,"[[59, 10.0, 1.0], [58, 17.0, 1.0], [57, 16.0, 1.0], [56, 10.0, 0.6], [55, 10.0, 0.6], [54, 17.0, 0.6], [53, 9.0, 0.3], [52, 3.0, 0.3], [51, 1.0, 0.3]]",8,29-5,Octofinalist,0,3
Ostrander Union|girls,Ostrander Union,girls,3A,12,59.99999999999999,12.099999999999994,16.0,60,0,59,59 58 57 56 55 54 53 52 51,"[[59, 16.0, 1.0], [58, 16.0, 1.0], [57, 10.0, 1.0], [56, 9.0, 0.6], [55, 11.0, 0.6], [54, 0.0, 0.6], [53, 1.0, 0.3], [52, 8.0, 0.3], [51, 11.0, 0.3]]",7,25-6,Quarterfinalist,0,5
Tunnelton|girls,Tunnelton,girls,3A,13,59.1,-7.600000000000008,0.0,60,0,59,59 58 57 56 55 54 53 52 51,"[[59, 0.0, 1.0], [58, 10.0, 1.0], [57, 11.0, 1.0], [56, 10.0, 0.6], [55, 26.0, 0.6], [54, 17.0, 0.6], [53, 8.0, 0.3], [52, 2.0, 0.3], [51, 11.0, 0.3]]",52,8-21,Sectionals,0,-39
New Leiden|girls,New Leiden,girls,3A,14,58.1,-2.700000000000003,9.0,60,0,59,59 58 57 56 55 54 53 52 51,"[[59, 9.0, 1.0], [58, 10.0, 1.0], [57, 10.0, 1.0], [56, 9.0, 0.6], [55, 16.0, 0.6], [54, 10.0, 0.6], [53, 26.0, 0.3], [52, 0.0, 0.3], [51, 1.0, 0.3]]",16,21-9,Round of 32,0,-2
Alder Landing Beacon Hill|girls,Bay Oregon,girls,3A,15,57.89999999999999,-7.400000000000006,11.0,60,0,59,59 58 57 56 55 54 53 52 51,"[[59, 11.0, 1.0], [58, 10.0, 1.0], [57, 9.0, 1.0], [56, 16.0, 0.6], [55, 8.0, 0.6], [54, 6.0, 0.6], [53, 1.0, 0.3], [52, 8.0, 0.3], [51, 24.0, 0.3]]",29,19-16,Round of 32,0,-14
Wolf Gap|girls,Corey Canyon,girls,3A,16,57.4,-2.5,9.0,60,0,59,59 58 57 56 55 54 53 52 51,"[[59, 9.0, 1.0], [58, 10.0, 1.0], [57, 12.0, 1.0], [56, 10.0, 0.6], [55, 7.0, 0.6], [54, 8.0, 0.6], [53, 25.0, 0.3], [52, 10.0, 0.3], [51, 3.0, 0.3]]",21,22-11,Round of 32,0,-5
Kelford Northwest|girls,Horseshoe Bend,girls,3A,17,54.3,12.0,16.0,60,0,59,59 58 57 56 55 54 53 52 51,"[[59, 16.0, 1.0], [58, 10.0, 1.0], [57, 10.0, 1.0], [56, 10.0, 0.6], [55, 9.0, 0.6], [54, 11.0, 0.6], [53, 0.0, 0.3], [52, 1.0, 0.3], [51, 0.0, 0.3]]",10,26-3,Quarterfinalist,0,7
Calderwood School|girls,Calderwood,girls,3A,18,53.5,3.299999999999997,10.0,60,0,59,59 58 57 56 55 54 53 52 51,"[[59, 10.0, 1.0], [58, 11.0, 1.0], [57, 10.0, 1.0], [56, 10.0, 0.6], [55, 8.0, 0.6], [54, 10.0, 0.6], [53, 0.0, 0.3], [52, 10.0, 0.3], [51, 9.0, 0.3]]",11,21-4,Octofinalist,0,7
Novak|girls,Novak,girls,3A,19,52.1,0.7999999999999972,9.0,60,0,59,59 58 57 56 55 54 53 52 51,"[[59, 9.0, 1.0], [58, 10.0, 1.0], [57, 10.0, 1.0], [56, 10.0, 0.6], [55, 7.0, 0.6], [54, 9.0, 0.6], [53, 7.0, 0.3], [52, 10.0, 0.3], [51, 8.0, 0.3]]",20,17-11,Round of 32,0,-1
Peregrine School|girls,Peregrine,girls,3A,20,51.3,3.1000000000000014,10.0,38,0,59,59 58 57 56 55 54 53 52 51,"[[59, 10.0, 1.0], [58, 11.0, 1.0], [57, 12.0, 1.0], [56, 9.0, 0.6], [55, 9.0, 0.6], [54, 5.0, 0.6], [53, 3.0, 0.3], [52, 0.0, 0.3], [51, 12.0, 0.3]]",25,17-11,Round of 32,0,-5
Mountain Gate|girls,Mountain Gate,girls,3A,21,50.2,7.200000000000003,13.0,60,0,59,59 58 57 56 55 54 53 52 51,"[[59, 13.0, 1.0], [58, 10.0, 1.0], [57, 8.0, 1.0], [56, 10.0, 0.6], [55, 9.0, 0.6], [54, 2.0, 0.6], [53, 0.0, 0.3], [52, 11.0, 0.3], [51, 11.0, 0.3]]",27,19-14,Octofinalist,0,-6
All Saints Episcopal|girls,All Saints Episcopal,girls,3A,22,48.5,3.3000000000000043,10.0,60,0,59,59 58 57 56 55 54 53 52 51,"[[59, 10.0, 1.0], [58, 7.0, 1.0], [57, 9.0, 1.0], [56, 10.0, 0.6], [55, 8.0, 0.6], [54, 10.0, 0.6], [53, 9.0, 0.3], [52, 9.0, 0.3], [51, 1.0, 0.3]]",15,24-6,Octofinalist,0,7
Western Slope Christian|girls,Western Slope,girls,3A,23,48.49999999999999,5.799999999999997,11.0,60,0,59,59 58 57 56 55 54 53 52 51,"[[59, 11.0, 1.0], [58, 9.0, 1.0], [57, 3.0, 1.0], [56, 4.0, 0.6], [55, 18.0, 0.6], [54, 10.0, 0.6], [53, 11.0, 0.3], [52, 0.0, 0.3], [51, 10.0, 0.3]]",26,20-14,Round of 32,0,-3
Shiloh|girls,Shiloh,girls,3A,24,47.4,4.700000000000003,12.0,43,0,59,59 58 57 56 55 54 53 52 51,"[[59, 12.0, 1.0], [58, 12.0, 1.0], [57, 6.0, 1.0], [56, 10.0, 0.6], [55, 12.0, 0.6], [54, 5.0, 0.6], [53, 0.0, 0.3], [52, 3.0, 0.3], [51, 1.0, 0.3]]",24,20-14,Octofinalist,0,0
Mill Creek|girls,Mill Creek,girls,3A,25,47.1,1.2000000000000028,9.0,60,0,59,59 58 57 56 55 54 53 52 51,"[[59, 9.0, 1.0], [58, 10.0, 1.0], [57, 11.0, 1.0], [56, 9.0, 0.6], [55, 0.0, 0.6], [54, 8.0, 0.6], [53, 9.0, 0.3], [52, 10.0, 0.3], [51, 4.0, 0.3]]",22,20-10,Round of 32,0,3
Vesper Polytechnic Institute|girls,Funtsville,girls,3A,26,47.1,6.600000000000001,9.0,55,0,59,59 58 57 56 55 54 53 52 51,"[[59, 9.0, 1.0], [58, 11.0, 1.0], [57, 7.0, 1.0], [56, 6.0, 0.6], [55, 19.0, 0.6], [54, 8.0, 0.6], [53, 0.0, 0.3], [52, 1.0, 0.3], [51, 0.0, 0.3]]",19,19-8,Round of 32,0,7
Fletcher-Garrison Hall|girls,Fletcher-Garrison Hall,girls,3A,27,46.4,-4.5,7.0,60,0,59,59 58 57 56 55 54 53 52 51,"[[59, 7.0, 1.0], [58, 7.0, 1.0], [57, 12.0, 1.0], [56, 4.0, 0.6], [55, 11.0, 0.6], [54, 8.0, 0.6], [53, 8.0, 0.3], [52, 4.0, 0.3], [51, 10.0, 0.3]]",30,18-15,Parastate,0,-3
Marcus Langston North|girls,Garfield,girls,3A,28,43.900000000000006,-1.999999999999993,6.0,60,0,59,59 58 57 56 55 54 53 52 51,"[[59, 6.0, 1.0], [58, 6.0, 1.0], [57, 10.0, 1.0], [56, 11.0, 0.6], [55, 6.0, 0.6], [54, 10.0, 0.6], [53, 12.0, 0.3], [52, 2.0, 0.3], [51, 5.0, 0.3]]",31,17-18,Round of 32,0,-3
Providence Academy Valley|girls,Meridian Valley,girls,3A,29,42.8,3.6000000000000085,9.0,25,0,59,59 58 57 56 55 54 53 52 51,"[[59, 9.0, 1.0], [58, 12.0, 1.0], [57, 8.0, 1.0], [56, 6.0, 0.6], [55, 2.0, 0.6], [54, 6.0, 0.6], [53, 10.0, 0.3], [52, 8.0, 0.3], [51, 0.0, 0.3]]",23,18-11,Round of 32,0,6
Steelhead Divide|girls,Steelhead Divide,girls,3A,30,42.7,8.100000000000001,12.0,60,0,59,59 58 57 56 55 54 53 52 51,"[[59, 12.0, 1.0], [58, 8.0, 1.0], [57, 8.0, 1.0], [56, 9.0, 0.6], [55, 11.0, 0.6], [54, 4.0, 0.6], [53, 0.0, 0.3], [52, 0.0, 0.3], [51, 1.0, 0.3]]",34,18-12,Round of 32,0,-4
St. Lucy|girls,Tallgrass,girls,3A,31,39.5,6.399999999999999,12.0,60,0,59,59 58 57 56 55 54 53 52 51,"[[59, 12.0, 1.0], [58, 1.0, 1.0], [57, 7.0, 1.0], [56, 5.0, 0.6], [55, 11.0, 0.6], [54, 11.0, 0.6], [53, 10.0, 0.3], [52, 1.0, 0.3], [51, 0.0, 0.3]]",33,16-15,Round of 32,0,-2
Crane|girls,Crane,girls,3A,32,38.3,-10.6,4.0,60,0,59,59 58 57 56 55 54 53 52 51,"[[59, 4.0, 1.0], [58, 1.0, 1.0], [57, 3.0, 1.0], [56, 8.0, 0.6], [55, 8.0, 0.6], [54, 10.0, 0.6], [53, 38.0, 0.3], [52, 10.0, 0.3], [51, 1.0, 0.3]]",45,11-16,Specials,0,-13
Dahlberg School of Science and Industry|girls,Hartford City,girls,3A,33,37.4,2.1000000000000014,7.0,60,0,59,59 58 57 56 55 54 53 52 51,"[[59, 7.0, 1.0], [58, 6.0, 1.0], [57, 1.0, 1.0], [56, 1.0, 0.6], [55, 10.0, 0.6], [54, 13.0, 0.6], [53, 9.0, 0.3], [52, 10.0, 0.3], [51, 11.0, 0.3]]",40,15-19,Round of 32,0,-7
Fellows Mill International School|girls,Mill Bar,girls,3A,34,34.3,-8.299999999999997,3.0,55,0,59,59 58 57 56 55 54 53 52 51,"[[59, 3.0, 1.0], [58, 1.0, 1.0], [57, 0.0, 1.0], [56, 8.0, 0.6], [55, 1.0, 0.6], [54, 13.0, 0.6], [53, 17.0, 0.3], [52, 25.0, 0.3], [51, 15.0, 0.3]]",42,10-15,Parastate,0,-8
Presentation Academy|girls,Garrow North,girls,3A,35,33.2,-3.199999999999996,2.0,60,0,59,59 58 57 56 55 54 53 52 51,"[[59, 2.0, 1.0], [58, 10.0, 1.0], [57, 8.0, 1.0], [56, 7.0, 0.6], [55, 1.0, 0.6], [54, 9.0, 0.6], [53, 0.0, 0.3], [52, 10.0, 0.3], [51, 0.0, 0.3]]",36,17-16,Parastate,0,-1
Central Christian|girls,Winter Valley,girls,3A,36,30.8,-2.599999999999998,1.0,60,0,59,59 58 57 56 55 54 53 52 51,"[[59, 1.0, 1.0], [58, 12.0, 1.0], [57, 7.0, 1.0], [56, 9.0, 0.6], [55, 8.0, 0.6], [54, 0.0, 0.6], [53, 0.0, 0.3], [52, 2.0, 0.3], [51, 0.0, 0.3]]",32,12-17,Parastate,0,4
Leidesdorff|girls,Leidesdorff,girls,3A,37,29.0,6.0,8.0,60,0,59,59 58 57 56 55 54 53 52 51,"[[59, 8.0, 1.0], [58, 8.0, 1.0], [57, 10.0, 1.0], [56, 5.0, 0.6], [55, 0.0, 0.6], [54, 0.0, 0.6], [53, 0.0, 0.3], [52, 0.0, 0.3], [51, 0.0, 0.3]]",18,19-8,Round of 32,0,19
Valley Forge North|girls,Forge Hollow,girls,3A,38,28.7,-5.400000000000006,1.0,60,0,59,59 58 57 56 55 54 53 52 51,"[[59, 1.0, 1.0], [58, 0.0, 1.0], [57, 1.0, 1.0], [56, 10.0, 0.6], [55, 0.0, 0.6], [54, 18.0, 0.6], [53, 8.0, 0.3], [52, 16.0, 0.3], [51, 9.0, 0.3]]",49,9-15,Semi-Conference,0,-11
Cabo Esperanza Technical Arts Academy|girls,Cabo Esperanza Tech,girls,3A,39,28.2,-3.1000000000000014,3.0,60,0,59,59 58 57 56 55 54 53 52 51,"[[59, 3.0, 1.0], [58, 6.0, 1.0], [57, 3.0, 1.0], [56, 1.0, 0.6], [55, 0.0, 0.6], [54, 8.0, 0.6], [53, 10.0, 0.3], [52, 13.0, 0.3], [51, 13.0, 0.3]]",38,10-14,Conference,0,1
New Leiden Classical Academy|girls,Vermeer,girls,3A,40,27.0,-3.0,0.0,60,0,59,59 58 57 56 55 54 53 52 51,"[[59, 0.0, 1.0], [58, 0.0, 1.0], [57, 0.0, 1.0], [56, 0.0, 0.6], [55, 12.0, 0.6], [54, 25.0, 0.6], [53, 10.0, 0.3], [52, 6.0, 0.3], [51, 0.0, 0.3]]",70,1-24,Sectionals,0,-30
Eleanor Tillman|girls,Anchor,girls,3A,41,24.9,-4.399999999999999,1.0,60,0,59,59 58 57 56 55 54 53 52 51,"[[59, 1.0, 1.0], [58, 3.0, 1.0], [57, 8.0, 1.0], [56, 0.0, 0.6], [55, 1.0, 0.6], [54, 0.0, 0.6], [53, 1.0, 0.3], [52, 2.0, 0.3], [51, 38.0, 0.3]]",39,12-18,Challengers,0,2
Welsh Plains Northwest|girls,Grayston,girls,3A,42,24.2,7.399999999999999,9.0,60,0,59,59 58 57 56 55 54 53 52 51,"[[59, 9.0, 1.0], [58, 3.0, 1.0], [57, 8.0, 1.0], [56, 4.0, 0.6], [55, 2.0, 0.6], [54, 1.0, 0.6], [53, 0.0, 0.3], [52, 0.0, 0.3], [51, 0.0, 0.3]]",17,21-12,Round of 32,0,25
Bancroft|girls,Bancroft,girls,3A,43,21.9,-8.500000000000004,0.0,60,0,59,59 58 57 56 55 54 53 52 51,"[[59, 0.0, 1.0], [58, 0.0, 1.0], [57, 0.0, 1.0], [56, 1.0, 0.6], [55, 2.0, 0.6], [54, 7.0, 0.6], [53, 17.0, 0.3], [52, 27.0, 0.3], [51, 9.0, 0.3]]",66,4-20,Sectionals,0,-23
Berrio|girls,Berrio,girls,3A,44,17.9,-1.400000000000002,4.0,60,0,59,59 58 57 56 55 54 53 52 51,"[[59, 4.0, 1.0], [58, 1.0, 1.0], [57, 6.0, 1.0], [56, 6.0, 0.6], [55, 0.0, 0.6], [54, 1.0, 0.6], [53, 9.0, 0.3], [52, 0.0, 0.3], [51, 0.0, 0.3]]",41,12-17,Parastate,0,3
Olivet Regional|girls,Silva,girls,3A,45,16.8,-15.0,0.0,43,0,59,59 58 57 56 55 54 53 52 51,"[[59, 0.0, 1.0], [58, 0.0, 1.0], [57, 0.0, 1.0], [56, 12.0, 0.6], [55, 0.0, 0.6], [54, 0.0, 0.6], [53, 10.0, 0.3], [52, 11.0, 0.3], [51, 11.0, 0.3]]",58,6-17,Sectionals,0,-13
Puerto Gallego School of Science and Industry|girls,Gallego Bay,girls,3A,46,15.9,-4.900000000000002,0.0,60,0,59,59 58 57 56 55 54 53 52 51,"[[59, 0.0, 1.0], [58, 0.0, 1.0], [57, 0.0, 1.0], [56, 1.0, 0.6], [55, 10.0, 0.6], [54, 10.0, 0.6], [53, 5.0, 0.3], [52, 4.0, 0.3], [51, 2.0, 0.3]]",71,2-23,Sectionals,0,-25
St. Helena School|girls,Saltmarsh,girls,3A,47,15.1,-3.899999999999999,0.0,60,0,59,59 58 57 56 55 54 53 52 51,"[[59, 0.0, 1.0], [58, 1.0, 1.0], [57, 0.0, 1.0], [56, 0.0, 0.6], [55, 0.0, 0.6], [54, 0.0, 0.6], [53, 1.0, 0.3], [52, 38.0, 0.3], [51, 8.0, 0.3]]",57,5-18,Sectionals,0,-10
Owl Canyon|girls,Owl Canyon,girls,3A,48,15.1,-2.9000000000000004,1.0,60,0,59,59 58 57 56 55 54 53 52 51,"[[59, 1.0, 1.0], [58, 0.0, 1.0], [57, 0.0, 1.0], [56, 0.0, 0.6], [55, 1.0, 0.6], [54, 0.0, 0.6], [53, 10.0, 0.3], [52, 25.0, 0.3], [51, 10.0, 0.3]]",44,11-18,Challengers,0,4
Timber Crest|girls,Timber Crest,girls,3A,49,14.2,-4.100000000000001,1.0,60,0,59,59 58 57 56 55 54 53 52 51,"[[59, 1.0, 1.0], [58, 0.0, 1.0], [57, 0.0, 1.0], [56, 0.0, 0.6], [55, 11.0, 0.6], [54, 3.0, 0.6], [53, 10.0, 0.3], [52, 5.0, 0.3], [51, 1.0, 0.3]]",48,9-15,Parastate,0,1
St. Sebastian Prep|girls,St. Sebastian Prep,girls,3A,50,13.1,-4.700000000000001,1.0,60,0,59,59 58 57 56 55 54 53 52 51,"[[59, 1.0, 1.0], [58, 3.0, 1.0], [57, 1.0, 1.0], [56, 0.0, 0.6], [55, 0.0, 0.6], [54, 1.0, 0.6], [53, 9.0, 0.3], [52, 8.0, 0.3], [51, 8.0, 0.3]]",47,8-16,Semi-Conference,0,3
Summervale|girls,Summervale,girls,3A,51,11.4,-1.8000000000000007,0.0,60,0,59,59 58 57 56 55 54 53 52 51,"[[59, 0.0, 1.0], [58, 0.0, 1.0], [57, 0.0, 1.0], [56, 0.0, 0.6], [55, 1.0, 0.6], [54, 4.0, 0.6], [53, 4.0, 0.3], [52, 0.0, 0.3], [51, 24.0, 0.3]]",50,8-17,Sectionals,0,1
Elk Crossing|girls,Elk Crossing,girls,3A,52,9.0,7.0,7.0,60,0,59,59 58 57 56 55 54 53 52 51,"[[59, 7.0, 1.0], [58, 1.0, 1.0], [57, 1.0, 1.0], [56, 0.0, 0.6], [55, 0.0, 0.6], [54, 0.0, 0.6], [53, 0.0, 0.3], [52, 0.0, 0.3], [51, 0.0, 0.3]]",28,16-13,Parastate,0,24
Silver Glen|girls,Silver Glen,girls,3A,53,9.0,0.0,3.0,60,0,59,59 58 57 56 55 54 53 52 51,"[[59, 3.0, 1.0], [58, 0.0, 1.0], [57, 0.0, 1.0], [56, 0.0, 0.6], [55, 0.0, 0.6], [54, 3.0, 0.6], [53, 10.0, 0.3], [52, 1.0, 0.3], [51, 3.0, 0.3]]",35,13-13,Parastate,0,18
Soren Ekström|girls,Alderpoint,girls,3A,54,9.0,0.0,0.0,55,0,59,59 58 57 56 55 54 53 52 51,"[[59, 0.0, 1.0], [58, 3.0, 1.0], [57, 0.0, 1.0], [56, 0.0, 0.6], [55, 0.0, 0.6], [54, 0.0, 0.6], [53, 0.0, 0.3], [52, 11.0, 0.3], [51, 9.0, 0.3]]",69,2-25,Sectionals,0,-15
North Valley Christian|girls,Trailsend,girls,3A,55,8.6,-1.200000000000001,0.0,60,0,59,59 58 57 56 55 54 53 52 51,"[[59, 0.0, 1.0], [58, 1.0, 1.0], [57, 1.0, 1.0], [56, 3.0, 0.6], [55, 2.0, 0.6], [54, 2.0, 0.6], [53, 0.0, 0.3], [52, 8.0, 0.3], [51, 0.0, 0.3]]",60,5-20,Sectionals,0,-5
Newark River North|girls,River North,girls,3A,56,8.1,-1.299999999999999,0.0,60,0,59,59 58 57 56 55 54 53 52 51,"[[59, 0.0, 1.0], [58, 3.0, 1.0], [57, 0.0, 1.0], [56, 1.0, 0.6], [55, 0.0, 0.6], [54, 0.0, 0.6], [53, 3.0, 0.3], [52, 8.0, 0.3], [51, 4.0, 0.3]]",59,6-21,Sectionals,0,-3
Corliss Regional|girls,Corliss Regional,girls,3A,57,7.199999999999999,-5.700000000000001,0.0,43,0,59,59 58 57 56 55 54 53 52 51,"[[59, 0.0, 1.0], [58, 0.0, 1.0], [57, 0.0, 1.0], [56, 0.0, 0.6], [55, 0.0, 0.6], [54, 1.0, 0.6], [53, 14.0, 0.3], [52, 8.0, 0.3], [51, 0.0, 0.3]]",72,0-26,Sectionals,0,-15
St. Veronica|girls,Yarrowfield,girls,3A,58,7.199999999999999,-4.0,0.0,60,0,59,59 58 57 56 55 54 53 52 51,"[[59, 0.0, 1.0], [58, 0.0, 1.0], [57, 6.0, 1.0], [56, 1.0, 0.6], [55, 1.0, 0.6], [54, 0.0, 0.6], [53, 0.0, 0.3], [52, 0.0, 0.3], [51, 0.0, 0.3]]",64,2-19,Sectionals,0,-6
Pinecrest School|girls,Pinecrest,girls,3A,59,7.1,-2.8000000000000007,2.0,60,0,59,59 58 57 56 55 54 53 52 51,"[[59, 2.0, 1.0], [58, 0.0, 1.0], [57, 0.0, 1.0], [56, 0.0, 0.6], [55, 0.0, 0.6], [54, 0.0, 0.6], [53, 16.0, 0.3], [52, 1.0, 0.3], [51, 0.0, 0.3]]",43,11-18,Conference,0,16
Charleston-on-the-Coast|girls,Charleston-on-the-Coast,girls,3A,60,6.7,-2.3999999999999995,0.0,43,0,59,59 58 57 56 55 54 53 52 51,"[[59, 0.0, 1.0], [58, 0.0, 1.0], [57, 1.0, 1.0], [56, 0.0, 0.6], [55, 7.0, 0.6], [54, 0.0, 0.6], [53, 0.0, 0.3], [52, 0.0, 0.3], [51, 5.0, 0.3]]",67,3-19,Sectionals,0,-7
Bardsley County High|girls,Violet City,girls,3A,61,6.4,-0.3999999999999994,0.0,43,0,59,59 58 57 56 55 54 53 52 51,"[[59, 0.0, 1.0], [58, 1.0, 1.0], [57, 0.0, 1.0], [56, 1.0, 0.6], [55, 0.0, 0.6], [54, 0.0, 0.6], [53, 0.0, 0.3], [52, 0.0, 0.3], [51, 16.0, 0.3]]",54,7-20,Sectionals,0,7
Carroway|girls,Carroway,girls,3A,62,5.999999999999999,-1.2000000000000002,0.0,60,0,59,59 58 57 56 55 54 53 52 51,"[[59, 0.0, 1.0], [58, 0.0, 1.0], [57, 0.0, 1.0], [56, 0.0, 0.6], [55, 0.0, 0.6], [54, 8.0, 0.6], [53, 3.0, 0.3], [52, 1.0, 0.3], [51, 0.0, 0.3]]",56,8-18,Sectionals,0,6
Caswell University Prep|girls,Palisade Prep,girls,3A,63,4.799999999999999,-3.3000000000000007,0.0,55,0,59,59 58 57 56 55 54 53 52 51,"[[59, 0.0, 1.0], [58, 0.0, 1.0], [57, 0.0, 1.0], [56, 0.0, 0.6], [55, 0.0, 0.6], [54, 0.0, 0.6], [53, 3.0, 0.3], [52, 4.0, 0.3], [51, 9.0, 0.3]]",51,6-15,Sectionals,0,12
Kilbride Switch South|girls,Switchback,girls,3A,64,4.5,-0.5999999999999996,3.0,60,0,59,59 58 57 56 55 54 53 52 51,"[[59, 3.0, 1.0], [58, 0.0, 1.0], [57, 0.0, 1.0], [56, 0.0, 0.6], [55, 1.0, 0.6], [54, 0.0, 0.6], [53, 2.0, 0.3], [52, 0.0, 0.3], [51, 1.0, 0.3]]",37,13-15,Specials,0,27
Tule Flat|girls,Tule Flat,girls,3A,65,4.5,-3.3,0.0,60,0,59,59 58 57 56 55 54 53 52 51,"[[59, 0.0, 1.0], [58, 0.0, 1.0], [57, 0.0, 1.0], [56, 0.0, 0.6], [55, 0.0, 0.6], [54, 0.0, 0.6], [53, 10.0, 0.3], [52, 3.0, 0.3], [51, 2.0, 0.3]]",53,6-19,Sectionals,0,12
St. Sophia School|girls,North Wind,girls,3A,66,4.0,-1.6999999999999993,1.0,60,0,59,59 58 57 56 55 54 53 52 51,"[[59, 1.0, 1.0], [58, 0.0, 1.0], [57, 0.0, 1.0], [56, 0.0, 0.6], [55, 0.0, 0.6], [54, 0.0, 0.6], [53, 0.0, 0.3], [52, 0.0, 0.3], [51, 10.0, 0.3]]",55,8-16,Wards,0,11
Janice Bennett|girls,Calvary Christian,girls,3A,67,3.9,-4.2,0.0,60,0,59,59 58 57 56 55 54 53 52 51,"[[59, 0.0, 1.0], [58, 0.0, 1.0], [57, 0.0, 1.0], [56, 0.0, 0.6], [55, 0.0, 0.6], [54, 0.0, 0.6], [53, 4.0, 0.3], [52, 9.0, 0.3], [51, 0.0, 0.3]]",65,3-24,Sectionals,0,2
St. Elias Academy|girls,Port Ainsley,girls,3A,68,3.7,-0.2999999999999998,0.0,60,0,59,59 58 57 56 55 54 53 52 51,"[[59, 0.0, 1.0], [58, 0.0, 1.0], [57, 1.0, 1.0], [56, 0.0, 0.6], [55, 3.0, 0.6], [54, 1.0, 0.6], [53, 0.0, 0.3], [52, 0.0, 0.3], [51, 1.0, 0.3]]",63,6-21,Sectionals,0,5
Dahlberg|girls,Dahlberg Summit,girls,3A,69,2.1,0.0,0.0,60,0,59,59 58 57 56 55 54 53 52 51,"[[59, 0.0, 1.0], [58, 0.0, 1.0], [57, 0.0, 1.0], [56, 0.0, 0.6], [55, 0.0, 0.6], [54, 1.0, 0.6], [53, 0.0, 0.3], [52, 5.0, 0.3], [51, 0.0, 0.3]]",68,2-19,Sectionals,0,1
Tunnelwood|girls,Tunnelwood,girls,3A,70,1.0,0.0,0.0,43,0,59,59 58 57 56 55 54 53 52 51,"[[59, 0.0, 1.0], [58, 0.0, 1.0], [57, 1.0, 1.0], [56, 0.0, 0.6], [55, 0.0, 0.6], [54, 0.0, 0.6], [53, 0.0, 0.3], [52, 0.0, 0.3], [51, 0.0, 0.3]]",46,8-17,Sectionals,0,24
Pomar|girls,Pomar,girls,3A,71,0.3,-0.3,0.0,60,0,59,59 58 57 56 55 54 53 52 51,"[[59, 0.0, 1.0], [58, 0.0, 1.0], [57, 0.0, 1.0], [56, 0.0, 0.6], [55, 0.0, 0.6], [54, 0.0, 0.6], [53, 0.0, 0.3], [52, 1.0, 0.3], [51, 0.0, 0.3]]",62,4-18,Sectionals,0,9
Norbrook|girls,Norbrook,girls,3A,72,0.0,-3.0,0.0,43,0,59,59 58 57 56 55 54 53 52 51,"[[59, 0.0, 1.0], [58, 0.0, 1.0], [57, 0.0, 1.0], [56, 0.0, 0.6], [55, 0.0, 0.6], [54, 0.0, 0.6], [53, 0.0, 0.3], [52, 0.0, 0.3], [51, 0.0, 0.3]]",61,5-23,Sectionals,0,11
Gagarin|girls,Gagarin,girls,4A,1,146.1,5.099999999999994,39.0,60,0,59,59 58 57 56 55 54 53 52 51,"[[59, 39.0, 1.0], [58, 25.0, 1.0], [57, 17.0, 1.0], [56, 27.0, 0.6], [55, 25.0, 0.6], [54, 10.0, 0.6], [53, 39.0, 0.3], [52, 27.0, 0.3], [51, 27.0, 0.3]]",3,40-2,Champion,1,-2
Belyakov Academy of Music and Media|girls,Walter-Kenny,girls,4A,2,143.50000000000003,-3.1999999999999886,25.0,60,0,59,59 58 57 56 55 54 53 52 51,"[[59, 25.0, 1.0], [58, 17.0, 1.0], [57, 25.0, 1.0], [56, 39.0, 0.6], [55, 25.0, 0.6], [54, 39.0, 0.6], [53, 25.0, 0.3], [52, 16.0, 0.3], [51, 8.0, 0.3]]",1,41-1,Semifinalist,0,1
Geraldine Cross|girls,Port Veles Episcopal,girls,4A,3,110.8,9.899999999999991,25.0,60,0,59,59 58 57 56 55 54 53 52 51,"[[59, 25.0, 1.0], [58, 10.0, 1.0], [57, 8.0, 1.0], [56, 10.0, 0.6], [55, 26.0, 0.6], [54, 25.0, 0.6], [53, 27.0, 0.3], [52, 38.0, 0.3], [51, 39.0, 0.3]]",4,28-1,Semifinalist,0,-1
St. Agnes Preparatory|girls,Montelago West,girls,4A,4,102.7,6.0,16.0,60,0,59,59 58 57 56 55 54 53 52 51,"[[59, 16.0, 1.0], [58, 26.0, 1.0], [57, 25.0, 1.0], [56, 25.0, 0.6], [55, 17.0, 0.6], [54, 17.0, 0.6], [53, 0.0, 0.3], [52, 0.0, 0.3], [51, 1.0, 0.3]]",6,32-5,Quarterfinalist,0,-2
Adela Robles|girls,Biloxi Heights,girls,4A,5,101.6,23.0,27.0,60,0,59,59 58 57 56 55 54 53 52 51,"[[59, 27.0, 1.0], [58, 39.0, 1.0], [57, 17.0, 1.0], [56, 10.0, 0.6], [55, 10.0, 0.6], [54, 11.0, 0.6], [53, 0.0, 0.3], [52, 0.0, 0.3], [51, 0.0, 0.3]]",2,30-2,Finalist,0,3
Fellows Mill|girls,Fellows Mill,girls,4A,6,91.10000000000002,-2.0,10.0,60,0,59,59 58 57 56 55 54 53 52 51,"[[59, 10.0, 1.0], [58, 17.0, 1.0], [57, 38.0, 1.0], [56, 24.0, 0.6], [55, 9.0, 0.6], [54, 9.0, 0.6], [53, 0.0, 0.3], [52, 0.0, 0.3], [51, 3.0, 0.3]]",12,23-6,Octofinalist,0,-6
San Borondón East|girls,Borondón Mesa,girls,4A,7,85.0,-0.5999999999999943,11.0,60,0,59,59 58 57 56 55 54 53 52 51,"[[59, 11.0, 1.0], [58, 9.0, 1.0], [57, 26.0, 1.0], [56, 17.0, 0.6], [55, 18.0, 0.6], [54, 8.0, 0.6], [53, 16.0, 0.3], [52, 25.0, 0.3], [51, 3.0, 0.3]]",17,20-8,Octofinalist,0,-10
Averill|girls,Averill,girls,4A,8,84.1,-2.300000000000012,10.0,60,0,59,59 58 57 56 55 54 53 52 51,"[[59, 10.0, 1.0], [58, 10.0, 1.0], [57, 11.0, 1.0], [56, 18.0, 0.6], [55, 38.0, 0.6], [54, 27.0, 0.6], [53, 7.0, 0.3], [52, 3.0, 0.3], [51, 1.0, 0.3]]",11,22-8,Octofinalist,0,-3
Olive Reach North|girls,Buckeye Ridge,girls,4A,9,71.39999999999999,6.799999999999997,10.0,60,0,59,59 58 57 56 55 54 53 52 51,"[[59, 10.0, 1.0], [58, 25.0, 1.0], [57, 16.0, 1.0], [56, 8.0, 0.6], [55, 16.0, 0.6], [54, 10.0, 0.6], [53, 0.0, 0.3], [52, 0.0, 0.3], [51, 0.0, 0.3]]",10,29-7,Octofinalist,0,-1
Blackbird Canyon|girls,Tallulah Canyon,girls,4A,10,65.60000000000001,9.200000000000005,17.0,60,0,59,59 58 57 56 55 54 53 52 51,"[[59, 17.0, 1.0], [58, 11.0, 1.0], [57, 10.0, 1.0], [56, 9.0, 0.6], [55, 12.0, 0.6], [54, 12.0, 0.6], [53, 9.0, 0.3], [52, 13.0, 0.3], [51, 4.0, 0.3]]",13,22-11,Quarterfinalist,0,-3
Manuel Cordero|girls,Sotomayor,girls,4A,11,65.39999999999999,3.499999999999993,10.0,60,0,59,59 58 57 56 55 54 53 52 51,"[[59, 10.0, 1.0], [58, 10.0, 1.0], [57, 16.0, 1.0], [56, 8.0, 0.6], [55, 9.0, 0.6], [54, 24.0, 0.6], [53, 11.0, 0.3], [52, 5.0, 0.3], [51, 0.0, 0.3]]",7,23-7,Octofinalist,0,4
Andrés Valera|girls,Basalt,girls,4A,12,61.8,11.199999999999996,16.0,60,0,59,59 58 57 56 55 54 53 52 51,"[[59, 16.0, 1.0], [58, 16.0, 1.0], [57, 10.0, 1.0], [56, 9.0, 0.6], [55, 10.0, 0.6], [54, 13.0, 0.6], [53, 2.0, 0.3], [52, 0.0, 0.3], [51, 0.0, 0.3]]",5,25-4,Quarterfinalist,0,7
Beacon Hill|girls,Beacon Hill,girls,4A,13,55.2,7.700000000000003,13.0,60,0,59,59 58 57 56 55 54 53 52 51,"[[59, 13.0, 1.0], [58, 10.0, 1.0], [57, 10.0, 1.0], [56, 11.0, 0.6], [55, 10.0, 0.6], [54, 10.0, 0.6], [53, 2.0, 0.3], [52, 1.0, 0.3], [51, 9.0, 0.3]]",14,24-9,Octofinalist,0,-1
Tunnel Diggings|girls,Tunnel Diggings,girls,4A,14,54.900000000000006,3.0,11.0,60,0,59,59 58 57 56 55 54 53 52 51,"[[59, 11.0, 1.0], [58, 9.0, 1.0], [57, 10.0, 1.0], [56, 11.0, 0.6], [55, 10.0, 0.6], [54, 16.0, 0.6], [53, 1.0, 0.3], [52, 4.0, 0.3], [51, 4.0, 0.3]]",16,20-9,Round of 32,0,-2
Fort Salish|girls,Fort Weller,girls,4A,15,54.7,-1.3999999999999986,11.0,60,0,59,59 58 57 56 55 54 53 52 51,"[[59, 11.0, 1.0], [58, 8.0, 1.0], [57, 9.0, 1.0], [56, 10.0, 0.6], [55, 10.0, 0.6], [54, 7.0, 0.6], [53, 17.0, 0.3], [52, 16.0, 0.3], [51, 2.0, 0.3]]",31,18-14,Round of 32,0,-16
Telfair|girls,Pacersburg,girls,4A,16,54.60000000000001,4.899999999999999,9.0,60,0,59,59 58 57 56 55 54 53 52 51,"[[59, 9.0, 1.0], [58, 16.0, 1.0], [57, 11.0, 1.0], [56, 5.0, 0.6], [55, 16.0, 0.6], [54, 2.0, 0.6], [53, 2.0, 0.3], [52, 4.0, 0.3], [51, 10.0, 0.3]]",21,17-13,Round of 32,0,-5
Isabel Montalvo|girls,Magnolia Park,girls,4A,17,53.8,-11.0,6.0,60,0,59,59 58 57 56 55 54 53 52 51,"[[59, 6.0, 1.0], [58, 6.0, 1.0], [57, 10.0, 1.0], [56, 11.0, 0.6], [55, 9.0, 0.6], [54, 10.0, 0.6], [53, 25.0, 0.3], [52, 10.0, 0.3], [51, 11.0, 0.3]]",25,19-17,Parastate,0,-8
Marcus Price North|girls,Driftwood,girls,4A,18,53.4,12.6,16.0,55,0,59,59 58 57 56 55 54 53 52 51,"[[59, 16.0, 1.0], [58, 10.0, 1.0], [57, 10.0, 1.0], [56, 1.0, 0.6], [55, 7.0, 0.6], [54, 8.0, 0.6], [53, 10.0, 0.3], [52, 8.0, 0.3], [51, 8.0, 0.3]]",8,25-5,Quarterfinalist,0,10
Yuri Kochiyama|girls,Kochiyama,girls,4A,19,52.30000000000001,-2.79999999999999,9.0,60,0,59,59 58 57 56 55 54 53 52 51,"[[59, 9.0, 1.0], [58, 0.0, 1.0], [57, 13.0, 1.0], [56, 10.0, 0.6], [55, 7.0, 0.6], [54, 7.0, 0.6], [53, 9.0, 0.3], [52, 20.0, 0.3], [51, 24.0, 0.3]]",45,14-19,Octofinalist,0,-26
Fellows Mill Civic Leadership Academy|girls,Millworks,girls,4A,20,51.0,-6.5,2.0,55,0,59,59 58 57 56 55 54 53 52 51,"[[59, 2.0, 1.0], [58, 10.0, 1.0], [57, 9.0, 1.0], [56, 10.0, 0.6], [55, 10.0, 0.6], [54, 16.0, 0.6], [53, 10.0, 0.3], [52, 8.0, 0.3], [51, 10.0, 0.3]]",35,10-18,Parastate,0,-15
Evelyn Booker|girls,Taft,girls,4A,21,50.6,3.3000000000000043,8.0,60,0,59,59 58 57 56 55 54 53 52 51,"[[59, 8.0, 1.0], [58, 11.0, 1.0], [57, 10.0, 1.0], [56, 11.0, 0.6], [55, 7.0, 0.6], [54, 9.0, 0.6], [53, 0.0, 0.3], [52, 8.0, 0.3], [51, 10.0, 0.3]]",18,22-6,Round of 32,0,3
Orellana Foundry High|girls,Grizzly Gulch,girls,4A,22,50.3,-9.999999999999991,0.0,55,0,59,59 58 57 56 55 54 53 52 51,"[[59, 0.0, 1.0], [58, 10.0, 1.0], [57, 10.0, 1.0], [56, 16.0, 0.6], [55, 9.0, 0.6], [54, 12.0, 0.6], [53, 8.0, 0.3], [52, 8.0, 0.3], [51, 11.0, 0.3]]",60,3-19,Sectionals,0,-38
Depot High|girls,Passaic,girls,4A,23,48.2,7.799999999999997,11.0,60,0,59,59 58 57 56 55 54 53 52 51,"[[59, 11.0, 1.0], [58, 8.0, 1.0], [57, 10.0, 1.0], [56, 8.0, 0.6], [55, 10.0, 0.6], [54, 8.0, 0.6], [53, 0.0, 0.3], [52, 3.0, 0.3], [51, 9.0, 0.3]]",28,19-13,Round of 32,0,-5
Costa Verde|girls,Costa Verde,girls,4A,24,47.8,-1.7999999999999972,3.0,60,0,59,59 58 57 56 55 54 53 52 51,"[[59, 3.0, 1.0], [58, 12.0, 1.0], [57, 7.0, 1.0], [56, 12.0, 0.6], [55, 13.0, 0.6], [54, 18.0, 0.6], [53, 0.0, 0.3], [52, 0.0, 0.3], [51, 0.0, 0.3]]",43,11-17,Parastate,0,-19
Tule|girls,New Bergen,girls,4A,25,44.6,-10.800000000000011,1.0,60,0,59,59 58 57 56 55 54 53 52 51,"[[59, 1.0, 1.0], [58, 7.0, 1.0], [57, 9.0, 1.0], [56, 16.0, 0.6], [55, 0.0, 0.6], [54, 12.0, 0.6], [53, 7.0, 0.3], [52, 5.0, 0.3], [51, 24.0, 0.3]]",47,11-17,Semi-Conference,0,-22
Barlowe County High|girls,Barlowe County,girls,4A,26,43.6,-5.499999999999993,3.0,43,0,59,59 58 57 56 55 54 53 52 51,"[[59, 3.0, 1.0], [58, 7.0, 1.0], [57, 9.0, 1.0], [56, 13.0, 0.6], [55, 8.0, 0.6], [54, 9.0, 0.6], [53, 3.0, 0.3], [52, 8.0, 0.3], [51, 11.0, 0.3]]",24,16-14,Parastate,0,2
Emilia Jansen|girls,Sharpstown,girls,4A,27,42.1,6.400000000000006,10.0,60,0,59,59 58 57 56 55 54 53 52 51,"[[59, 10.0, 1.0], [58, 13.0, 1.0], [57, 8.0, 1.0], [56, 0.0, 0.6], [55, 4.0, 0.6], [54, 2.0, 0.6], [53, 12.0, 0.3], [52, 10.0, 0.3], [51, 3.0, 0.3]]",26,17-12,Round of 32,0,1
Petra Weiss North|girls,Las Colinas,girls,4A,28,41.6,-7.499999999999993,1.0,60,0,59,59 58 57 56 55 54 53 52 51,"[[59, 1.0, 1.0], [58, 8.0, 1.0], [57, 8.0, 1.0], [56, 10.0, 0.6], [55, 8.0, 0.6], [54, 10.0, 0.6], [53, 9.0, 0.3], [52, 8.0, 0.3], [51, 9.0, 0.3]]",39,13-20,Challengers,0,-11
Gabriel Montoya|girls,Marlow,girls,4A,29,38.6,1.1999999999999955,7.0,60,0,59,59 58 57 56 55 54 53 52 51,"[[59, 7.0, 1.0], [58, 7.0, 1.0], [57, 3.0, 1.0], [56, 4.0, 0.6], [55, 8.0, 0.6], [54, 10.0, 0.6], [53, 9.0, 0.3], [52, 11.0, 0.3], [51, 8.0, 0.3]]",29,16-16,Parastate,0,0
Eastmont Christian|girls,Eastmont,girls,4A,30,37.4,4.5,10.0,60,0,59,59 58 57 56 55 54 53 52 51,"[[59, 10.0, 1.0], [58, 8.0, 1.0], [57, 11.0, 1.0], [56, 13.0, 0.6], [55, 0.0, 0.6], [54, 1.0, 0.6], [53, 0.0, 0.3], [52, 0.0, 0.3], [51, 0.0, 0.3]]",9,26-4,Octofinalist,0,21
Orlova|girls,Orlova,girls,4A,31,36.9,-3.999999999999993,9.0,60,0,59,59 58 57 56 55 54 53 52 51,"[[59, 9.0, 1.0], [58, 9.0, 1.0], [57, 3.0, 1.0], [56, 1.0, 0.6], [55, 9.0, 0.6], [54, 3.0, 0.6], [53, 16.0, 0.3], [52, 1.0, 0.3], [51, 10.0, 0.3]]",32,17-17,Round of 32,0,-1
Indigo Bend|girls,Indigo Bend,girls,4A,32,34.7,6.199999999999996,8.0,60,0,59,59 58 57 56 55 54 53 52 51,"[[59, 8.0, 1.0], [58, 11.0, 1.0], [57, 4.0, 1.0], [56, 0.0, 0.6], [55, 13.0, 0.6], [54, 1.0, 0.6], [53, 2.0, 0.3], [52, 8.0, 0.3], [51, 1.0, 0.3]]",15,21-8,Round of 32,0,17
Ryken|girls,Ryken,girls,4A,33,32.300000000000004,0.4000000000000057,4.0,60,0,59,59 58 57 56 55 54 53 52 51,"[[59, 4.0, 1.0], [58, 2.0, 1.0], [57, 11.0, 1.0], [56, 6.0, 0.6], [55, 12.0, 0.6], [54, 3.0, 0.6], [53, 0.0, 0.3], [52, 0.0, 0.3], [51, 9.0, 0.3]]",38,16-17,Parastate,0,-5
Sulphur Springs|girls,Sulphur Springs,girls,4A,34,31.0,5.800000000000001,9.0,60,0,59,59 58 57 56 55 54 53 52 51,"[[59, 9.0, 1.0], [58, 7.0, 1.0], [57, 9.0, 1.0], [56, 8.0, 0.6], [55, 2.0, 0.6], [54, 0.0, 0.6], [53, 0.0, 0.3], [52, 0.0, 0.3], [51, 0.0, 0.3]]",19,19-10,Round of 32,0,15
Steelbridge|girls,Forge,girls,4A,35,29.9,3.1000000000000014,7.0,55,0,59,59 58 57 56 55 54 53 52 51,"[[59, 7.0, 1.0], [58, 5.0, 1.0], [57, 8.0, 1.0], [56, 3.0, 0.6], [55, 12.0, 0.6], [54, 1.0, 0.6], [53, 0.0, 0.3], [52, 0.0, 0.3], [51, 1.0, 0.3]]",27,17-13,Parastate,0,8
Vasquez North|girls,Fontainebleau,girls,4A,36,29.2,-3.799999999999997,3.0,60,0,59,59 58 57 56 55 54 53 52 51,"[[59, 3.0, 1.0], [58, 12.0, 1.0], [57, 1.0, 1.0], [56, 8.0, 0.6], [55, 4.0, 0.6], [54, 0.0, 0.6], [53, 4.0, 0.3], [52, 8.0, 0.3], [51, 8.0, 0.3]]",42,12-18,Specials,0,-6
Katherine Davenport|girls,Blue Mountain,girls,4A,37,27.5,10.0,10.0,60,0,59,59 58 57 56 55 54 53 52 51,"[[59, 10.0, 1.0], [58, 6.0, 1.0], [57, 7.0, 1.0], [56, 0.0, 0.6], [55, 2.0, 0.6], [54, 0.0, 0.6], [53, 0.0, 0.3], [52, 11.0, 0.3], [51, 0.0, 0.3]]",30,18-15,Round of 32,0,7
Timber Crest North|girls,Crestline,girls,4A,38,27.4,-2.8000000000000043,1.0,60,0,59,59 58 57 56 55 54 53 52 51,"[[59, 1.0, 1.0], [58, 6.0, 1.0], [57, 3.0, 1.0], [56, 2.0, 0.6], [55, 0.0, 0.6], [54, 8.0, 0.6], [53, 10.0, 0.3], [52, 11.0, 0.3], [51, 17.0, 0.3]]",46,14-19,Specials,0,-8
Mount Horeb|girls,Mount Horeb,girls,4A,39,26.6,-5.400000000000002,1.0,60,0,59,59 58 57 56 55 54 53 52 51,"[[59, 1.0, 1.0], [58, 1.0, 1.0], [57, 0.0, 1.0], [56, 1.0, 0.6], [55, 12.0, 0.6], [54, 8.0, 0.6], [53, 16.0, 0.3], [52, 11.0, 0.3], [51, 13.0, 0.3]]",48,9-19,Semi-Conference,0,-9
Cottonrock Point|girls,Cottonrock Point,girls,4A,40,26.1,6.600000000000005,9.0,60,0,59,59 58 57 56 55 54 53 52 51,"[[59, 9.0, 1.0], [58, 9.0, 1.0], [57, 3.0, 1.0], [56, 0.0, 0.6], [55, 1.0, 0.6], [54, 3.0, 0.6], [53, 0.0, 0.3], [52, 1.0, 0.3], [51, 8.0, 0.3]]",20,18-12,Round of 32,0,20
Calasanz Prep|girls,Calasanz Prep,girls,4A,41,23.2,-8.0,0.0,60,0,59,59 58 57 56 55 54 53 52 51,"[[59, 0.0, 1.0], [58, 0.0, 1.0], [57, 1.0, 1.0], [56, 11.0, 0.6], [55, 3.0, 0.6], [54, 9.0, 0.6], [53, 11.0, 0.3], [52, 11.0, 0.3], [51, 6.0, 0.3]]",50,8-19,Sectionals,0,-9
St. Helena Academy|girls,Helena Academy,girls,4A,42,21.3,3.0,9.0,60,0,59,59 58 57 56 55 54 53 52 51,"[[59, 9.0, 1.0], [58, 2.0, 1.0], [57, 1.0, 1.0], [56, 9.0, 0.6], [55, 1.0, 0.6], [54, 1.0, 0.6], [53, 8.0, 0.3], [52, 1.0, 0.3], [51, 0.0, 0.3]]",22,19-13,Round of 32,0,20
Lucía Quiñones|girls,Edgewater,girls,4A,43,20.500000000000004,5.500000000000005,7.0,60,0,59,59 58 57 56 55 54 53 52 51,"[[59, 7.0, 1.0], [58, 3.0, 1.0], [57, 6.0, 1.0], [56, 0.0, 0.6], [55, 1.0, 0.6], [54, 6.0, 0.6], [53, 1.0, 0.3], [52, 0.0, 0.3], [51, 0.0, 0.3]]",23,16-10,Round of 32,0,20
Three Saints|girls,Three Saints,girls,4A,44,19.6,6.399999999999999,10.0,60,0,59,59 58 57 56 55 54 53 52 51,"[[59, 10.0, 1.0], [58, 0.0, 1.0], [57, 0.0, 1.0], [56, 9.0, 0.6], [55, 7.0, 0.6], [54, 0.0, 0.6], [53, 0.0, 0.3], [52, 0.0, 0.3], [51, 0.0, 0.3]]",40,16-19,Round of 32,0,4
Buckeye Bend|girls,Wyalusing,girls,4A,45,19.3,0.5999999999999979,6.0,60,0,59,59 58 57 56 55 54 53 52 51,"[[59, 6.0, 1.0], [58, 0.0, 1.0], [57, 1.0, 1.0], [56, 0.0, 0.6], [55, 0.0, 0.6], [54, 6.0, 0.6], [53, 1.0, 0.3], [52, 11.0, 0.3], [51, 17.0, 0.3]]",33,15-18,Round of 32,0,12
Herbert Hoover|girls,Hoover,girls,4A,46,17.8,-5.099999999999998,0.0,60,0,59,59 58 57 56 55 54 53 52 51,"[[59, 0.0, 1.0], [58, 1.0, 1.0], [57, 0.0, 1.0], [56, 0.0, 0.6], [55, 2.0, 0.6], [54, 11.0, 0.6], [53, 8.0, 0.3], [52, 9.0, 0.3], [51, 13.0, 0.3]]",62,3-21,Sectionals,0,-16
Irina Kovalenko|girls,Michaela East,girls,4A,47,16.4,0.3000000000000007,3.0,20,0,59,59 58 57 56 55 54 53 52 51,"[[59, 3.0, 1.0], [58, 1.0, 1.0], [57, 1.0, 1.0], [56, 0.0, 0.6], [55, 0.0, 0.6], [54, 0.0, 0.6], [53, 5.0, 0.3], [52, 24.0, 0.3], [51, 9.0, 0.3]]",41,12-16,Challengers,0,6
Blackpine North|girls,Ravenwood,girls,4A,48,15.1,3.4000000000000004,7.0,60,0,59,59 58 57 56 55 54 53 52 51,"[[59, 7.0, 1.0], [58, 0.0, 1.0], [57, 0.0, 1.0], [56, 3.0, 0.6], [55, 3.0, 0.6], [54, 7.0, 0.6], [53, 0.0, 0.3], [52, 0.0, 0.3], [51, 1.0, 0.3]]",37,15-18,Round of 32,0,11
Teresa Escobedo|girls,Canyon,girls,4A,49,14.8,-7.199999999999999,0.0,30,0,59,59 58 57 56 55 54 53 52 51,"[[59, 0.0, 1.0], [58, 0.0, 1.0], [57, 1.0, 1.0], [56, 3.0, 0.6], [55, 1.0, 0.6], [54, 1.0, 0.6], [53, 10.0, 0.3], [52, 10.0, 0.3], [51, 16.0, 0.3]]",58,5-19,Sectionals,0,-9
Eisenhower|girls,Flume River,girls,4A,50,12.4,-4.899999999999999,0.0,60,0,59,59 58 57 56 55 54 53 52 51,"[[59, 0.0, 1.0], [58, 0.0, 1.0], [57, 1.0, 1.0], [56, 1.0, 0.6], [55, 0.0, 0.6], [54, 9.0, 0.6], [53, 7.0, 0.3], [52, 4.0, 0.3], [51, 7.0, 0.3]]",49,8-18,Sectionals,0,1
Barleyfield|girls,Barleyfield,girls,4A,51,10.3,-6.699999999999999,0.0,60,0,59,59 58 57 56 55 54 53 52 51,"[[59, 0.0, 1.0], [58, 1.0, 1.0], [57, 0.0, 1.0], [56, 1.0, 0.6], [55, 0.0, 0.6], [54, 0.0, 0.6], [53, 11.0, 0.3], [52, 10.0, 0.3], [51, 8.0, 0.3]]",67,2-23,Sectionals,0,-16
Maksim Karev|girls,Excelsior,girls,4A,52,9.7,-5.6,1.0,60,0,59,59 58 57 56 55 54 53 52 51,"[[59, 1.0, 1.0], [58, 0.0, 1.0], [57, 0.0, 1.0], [56, 0.0, 0.6], [55, 0.0, 0.6], [54, 0.0, 0.6], [53, 10.0, 0.3], [52, 17.0, 0.3], [51, 2.0, 0.3]]",56,6-19,Wards,0,-4
Weissburg|girls,Weissburg,girls,4A,53,9.3,-3.0,0.0,60,0,59,59 58 57 56 55 54 53 52 51,"[[59, 0.0, 1.0], [58, 0.0, 1.0], [57, 0.0, 1.0], [56, 3.0, 0.6], [55, 5.0, 0.6], [54, 3.0, 0.6], [53, 6.0, 0.3], [52, 3.0, 0.3], [51, 0.0, 0.3]]",54,9-17,Sectionals,0,-1
Lev Volkov|girls,Sherwood Estates,girls,4A,54,8.7,-6.0,0.0,60,0,59,59 58 57 56 55 54 53 52 51,"[[59, 0.0, 1.0], [58, 0.0, 1.0], [57, 0.0, 1.0], [56, 0.0, 0.6], [55, 0.0, 0.6], [54, 0.0, 0.6], [53, 10.0, 0.3], [52, 8.0, 0.3], [51, 11.0, 0.3]]",52,7-16,Sectionals,0,2
Prune Springs|girls,Prune Springs,girls,4A,55,8.2,-0.5000000000000018,1.0,60,0,59,59 58 57 56 55 54 53 52 51,"[[59, 1.0, 1.0], [58, 1.0, 1.0], [57, 5.0, 1.0], [56, 0.0, 0.6], [55, 0.0, 0.6], [54, 0.0, 0.6], [53, 4.0, 0.3], [52, 0.0, 0.3], [51, 0.0, 0.3]]",44,11-18,Semi-Conference,0,11
Anya Belov|girls,Arroyo,girls,4A,56,8.1,-3.9999999999999982,0.0,30,0,59,59 58 57 56 55 54 53 52 51,"[[59, 0.0, 1.0], [58, 0.0, 1.0], [57, 0.0, 1.0], [56, 7.0, 0.6], [55, 1.0, 0.6], [54, 1.0, 0.6], [53, 0.0, 0.3], [52, 4.0, 0.3], [51, 5.0, 0.3]]",53,9-19,Sectionals,0,3
Las Norias|girls,Las Norias,girls,4A,57,7.2,-5.199999999999998,0.0,60,0,59,59 58 57 56 55 54 53 52 51,"[[59, 0.0, 1.0], [58, 0.0, 1.0], [57, 0.0, 1.0], [56, 1.0, 0.6], [55, 0.0, 0.6], [54, 0.0, 0.6], [53, 6.0, 0.3], [52, 10.0, 0.3], [51, 6.0, 0.3]]",57,5-20,Sectionals,0,0
Renata Adler|girls,Bracken,girls,4A,58,7.2,1.1000000000000003,2.0,30,0,59,59 58 57 56 55 54 53 52 51,"[[59, 2.0, 1.0], [58, 1.0, 1.0], [57, 3.0, 1.0], [56, 0.0, 0.6], [55, 0.0, 0.6], [54, 0.0, 0.6], [53, 3.0, 0.3], [52, 1.0, 0.3], [51, 0.0, 0.3]]",34,14-20,Specials,0,24
Lonepine Canyon|girls,Lonepine Canyon,girls,4A,59,7.0,0.4000000000000003,1.0,60,0,59,59 58 57 56 55 54 53 52 51,"[[59, 1.0, 1.0], [58, 0.0, 1.0], [57, 0.0, 1.0], [56, 0.0, 0.6], [55, 1.0, 0.6], [54, 1.0, 0.6], [53, 0.0, 0.3], [52, 0.0, 0.3], [51, 16.0, 0.3]]",36,14-19,Parastate,0,23
San Cordero|girls,San Cordero Central,girls,4A,60,5.1,-3.6,0.0,60,0,59,59 58 57 56 55 54 53 52 51,"[[59, 0.0, 1.0], [58, 0.0, 1.0], [57, 0.0, 1.0], [56, 0.0, 0.6], [55, 0.0, 0.6], [54, 0.0, 0.6], [53, 12.0, 0.3], [52, 5.0, 0.3], [51, 0.0, 0.3]]",66,2-23,Sectionals,0,-6
Mila Chernov North|girls,Siberia,girls,4A,61,5.099999999999999,-10.3,0.0,60,0,59,59 58 57 56 55 54 53 52 51,"[[59, 0.0, 1.0], [58, 0.0, 1.0], [57, 0.0, 1.0], [56, 1.0, 0.6], [55, 1.0, 0.6], [54, 0.0, 0.6], [53, 9.0, 0.3], [52, 3.0, 0.3], [51, 1.0, 0.3]]",51,9-21,Sectionals,0,10
Mother Lode|girls,Siskiyou Valley,girls,4A,62,4.6,-3.9,0.0,60,0,59,59 58 57 56 55 54 53 52 51,"[[59, 0.0, 1.0], [58, 1.0, 1.0], [57, 0.0, 1.0], [56, 0.0, 0.6], [55, 0.0, 0.6], [54, 0.0, 0.6], [53, 0.0, 0.3], [52, 12.0, 0.3], [51, 0.0, 0.3]]",59,3-21,Sectionals,0,3
Harry Truman|girls,Truman,girls,4A,63,4.2,-4.2,0.0,60,0,59,59 58 57 56 55 54 53 52 51,"[[59, 0.0, 1.0], [58, 0.0, 1.0], [57, 0.0, 1.0], [56, 0.0, 0.6], [55, 0.0, 0.6], [54, 0.0, 0.6], [53, 14.0, 0.3], [52, 0.0, 0.3], [51, 0.0, 0.3]]",61,4-24,Sectionals,0,2
Beatrice Davenport|girls,Fort Halloran,girls,4A,64,3.0,-6.0,0.0,60,0,59,59 58 57 56 55 54 53 52 51,"[[59, 0.0, 1.0], [58, 0.0, 1.0], [57, 0.0, 1.0], [56, 0.0, 0.6], [55, 0.0, 0.6], [54, 1.0, 0.6], [53, 8.0, 0.3], [52, 0.0, 0.3], [51, 0.0, 0.3]]",55,5-18,Sectionals,0,9
Santa Laura North|girls,Janeaway,girls,4A,65,3.0,-7.199999999999999,0.0,60,0,59,59 58 57 56 55 54 53 52 51,"[[59, 0.0, 1.0], [58, 0.0, 1.0], [57, 0.0, 1.0], [56, 0.0, 0.6], [55, 0.0, 0.6], [54, 0.0, 0.6], [53, 0.0, 0.3], [52, 2.0, 0.3], [51, 8.0, 0.3]]",65,2-26,Sectionals,0,0
Doyle Junction|girls,Doyle Pass,girls,4A,66,2.8,-0.7000000000000002,0.0,60,0,59,59 58 57 56 55 54 53 52 51,"[[59, 0.0, 1.0], [58, 1.0, 1.0], [57, 0.0, 1.0], [56, 1.0, 0.6], [55, 1.0, 0.6], [54, 0.0, 0.6], [53, 1.0, 0.3], [52, 0.0, 0.3], [51, 1.0, 0.3]]",68,2-20,Sectionals,0,-2
San Dámaso Harbor Gate|girls,J. Jackson,girls,4A,67,2.4,-2.1,0.0,60,0,59,59 58 57 56 55 54 53 52 51,"[[59, 0.0, 1.0], [58, 0.0, 1.0], [57, 0.0, 1.0], [56, 0.0, 0.6], [55, 0.0, 0.6], [54, 0.0, 0.6], [53, 0.0, 0.3], [52, 0.0, 0.3], [51, 8.0, 0.3]]",63,3-20,Sectionals,0,4
Belmonte Technical Arts Academy|girls,Sojourner Truth,girls,4A,68,1.7999999999999998,-3.3,0.0,30,0,59,59 58 57 56 55 54 53 52 51,"[[59, 0.0, 1.0], [58, 0.0, 1.0], [57, 0.0, 1.0], [56, 0.0, 0.6], [55, 0.0, 0.6], [54, 0.0, 0.6], [53, 2.0, 0.3], [52, 0.0, 0.3], [51, 4.0, 0.3]]",69,0-24,Sectionals,0,-1
Isaiah Booker|girls,Warren,girls,4A,69,0.0,0.0,0.0,60,0,59,59 58 57 56 55 54 53 52 51,"[[59, 0.0, 1.0], [58, 0.0, 1.0], [57, 0.0, 1.0], [56, 0.0, 0.6], [55, 0.0, 0.6], [54, 0.0, 0.6], [53, 0.0, 0.3], [52, 0.0, 0.3], [51, 0.0, 0.3]]",64,4-20,Sectionals,0,5
Gagarin School of Public Service|girls,Star City,girls,5A,1,133.3,2.5999999999999943,38.0,55,0,59,59 58 57 56 55 54 53 52 51,"[[59, 38.0, 1.0], [58, 10.0, 1.0], [57, 16.0, 1.0], [56, 39.0, 0.6], [55, 9.0, 0.6], [54, 16.0, 0.6], [53, 39.0, 0.3], [52, 39.0, 0.3], [51, 25.0, 0.3]]",4,33-2,Champion,1,-3
Fort Meriwether Foundry High North|girls,Westfield Friends,girls,5A,2,115.0,0.8000000000000114,17.0,60,0,59,59 58 57 56 55 54 53 52 51,"[[59, 17.0, 1.0], [58, 25.0, 1.0], [57, 25.0, 1.0], [56, 27.0, 0.6], [55, 11.0, 0.6], [54, 25.0, 0.6], [53, 8.0, 0.3], [52, 16.0, 0.3], [51, 10.0, 0.3]]",2,31-1,Quarterfinalist,0,0
Opal Avery North|girls,Bush,girls,5A,3,94.4,5.099999999999994,16.0,60,0,59,59 58 57 56 55 54 53 52 51,"[[59, 16.0, 1.0], [58, 27.0, 1.0], [57, 10.0, 1.0], [56, 25.0, 0.6], [55, 39.0, 0.6], [54, 5.0, 0.6], [53, 0.0, 0.3], [52, 0.0, 0.3], [51, 0.0, 0.3]]",3,27-4,Quarterfinalist,0,0
Metropolitan Country Day School|girls,Metropolitan Country Day,girls,5A,4,93.0,25.5,27.0,60,0,59,59 58 57 56 55 54 53 52 51,"[[59, 27.0, 1.0], [58, 39.0, 1.0], [57, 27.0, 1.0], [56, 0.0, 0.6], [55, 0.0, 0.6], [54, 0.0, 0.6], [53, 0.0, 0.3], [52, 0.0, 0.3], [51, 0.0, 0.3]]",1,31-3,Finalist,0,3
La Grande High|girls,La Grande,girls,5A,5,89.19999999999999,-10.0,0.0,35,0,59,59 58 57 56 55 54 53 52 51,"[[59, 0.0, 1.0], [58, 16.0, 1.0], [57, 39.0, 1.0], [56, 25.0, 0.6], [55, 16.0, 0.6], [54, 16.0, 0.6], [53, 0.0, 0.3], [52, 0.0, 0.3], [51, 0.0, 0.3]]",80,2-19,Areas,0,-75
San Borondón Country Day School|girls,Hazel Country Day,girls,5A,6,85.3,6.299999999999997,25.0,60,0,59,59 58 57 56 55 54 53 52 51,"[[59, 25.0, 1.0], [58, 8.0, 1.0], [57, 10.0, 1.0], [56, 10.0, 0.6], [55, 10.0, 0.6], [54, 27.0, 0.6], [53, 10.0, 0.3], [52, 27.0, 0.3], [51, 10.0, 0.3]]",8,27-3,Semifinalist,0,-2
Clover Reach|girls,Clover,girls,5A,7,85.10000000000001,3.5999999999999943,10.0,60,0,59,59 58 57 56 55 54 53 52 51,"[[59, 10.0, 1.0], [58, 25.0, 1.0], [57, 24.0, 1.0], [56, 10.0, 0.6], [55, 17.0, 0.6], [54, 4.0, 0.6], [53, 0.0, 0.3], [52, 0.0, 0.3], [51, 25.0, 0.3]]",7,25-5,Octofinalist,0,0
Blackpine|girls,Blackpine,girls,5A,8,76.89999999999999,10.599999999999994,17.0,60,0,59,59 58 57 56 55 54 53 52 51,"[[59, 17.0, 1.0], [58, 10.0, 1.0], [57, 16.0, 1.0], [56, 16.0, 0.6], [55, 24.0, 0.6], [54, 11.0, 0.6], [53, 0.0, 0.3], [52, 11.0, 0.3], [51, 0.0, 0.3]]",5,34-3,Quarterfinalist,0,3
Pendleton High|girls,Pendleton,girls,5A,9,72.89999999999999,0.0999999999999943,16.0,35,0,59,59 58 57 56 55 54 53 52 51,"[[59, 16.0, 1.0], [58, 16.0, 1.0], [57, 10.0, 1.0], [56, 9.0, 0.6], [55, 3.0, 0.6], [54, 0.0, 0.6], [53, 16.0, 0.3], [52, 25.0, 0.3], [51, 38.0, 0.3]]",6,24-5,Quarterfinalist,0,3
José Martí North|girls,Belle Rive,girls,5A,10,66.5,13.899999999999991,24.0,60,0,59,59 58 57 56 55 54 53 52 51,"[[59, 24.0, 1.0], [58, 17.0, 1.0], [57, 12.0, 1.0], [56, 8.0, 0.6], [55, 0.0, 0.6], [54, 1.0, 0.6], [53, 9.0, 0.3], [52, 9.0, 0.3], [51, 9.0, 0.3]]",12,24-6,Semifinalist,0,-2
Amelia Freeman North|girls,Casco,girls,5A,11,56.2,0.6000000000000014,10.0,60,0,59,59 58 57 56 55 54 53 52 51,"[[59, 10.0, 1.0], [58, 11.0, 1.0], [57, 10.0, 1.0], [56, 16.0, 0.6], [55, 16.0, 0.6], [54, 8.0, 0.6], [53, 3.0, 0.3], [52, 1.0, 0.3], [51, 0.0, 0.3]]",16,20-7,Octofinalist,0,-5
Hawk Lake Southeast|girls,Pine Barrens,girls,5A,12,51.8,0.2999999999999971,10.0,60,0,59,59 58 57 56 55 54 53 52 51,"[[59, 10.0, 1.0], [58, 9.0, 1.0], [57, 10.0, 1.0], [56, 10.0, 0.6], [55, 9.0, 0.6], [54, 9.0, 0.6], [53, 11.0, 0.3], [52, 0.0, 0.3], [51, 9.0, 0.3]]",11,22-8,Octofinalist,0,1
Vasquez|girls,Fruitvale,girls,5A,13,50.6,4.0,10.0,60,0,59,59 58 57 56 55 54 53 52 51,"[[59, 10.0, 1.0], [58, 8.0, 1.0], [57, 11.0, 1.0], [56, 9.0, 0.6], [55, 9.0, 0.6], [54, 8.0, 0.6], [53, 8.0, 0.3], [52, 8.0, 0.3], [51, 4.0, 0.3]]",9,24-8,Octofinalist,0,4
The Dalles High|girls,The Dalles,girls,5A,14,50.1,-5.699999999999996,3.0,35,0,59,59 58 57 56 55 54 53 52 51,"[[59, 3.0, 1.0], [58, 6.0, 1.0], [57, 0.0, 1.0], [56, 9.0, 0.6], [55, 24.0, 0.6], [54, 17.0, 0.6], [53, 17.0, 0.3], [52, 17.0, 0.3], [51, 3.0, 0.3]]",42,15-17,Parastate,0,-28
St. Isidore|girls,North Averill,girls,5A,15,46.99999999999999,3.0,9.0,60,0,59,59 58 57 56 55 54 53 52 51,"[[59, 9.0, 1.0], [58, 1.0, 1.0], [57, 4.0, 1.0], [56, 15.0, 0.6], [55, 0.0, 0.6], [54, 39.0, 0.6], [53, 0.0, 0.3], [52, 1.0, 0.3], [51, 1.0, 0.3]]",33,25-11,Round of 32,0,-18
Opal Avery|girls,Ford,girls,5A,16,46.1,-7.600000000000001,0.0,60,0,59,59 58 57 56 55 54 53 52 51,"[[59, 0.0, 1.0], [58, 4.0, 1.0], [57, 13.0, 1.0], [56, 10.0, 0.6], [55, 10.0, 0.6], [54, 10.0, 0.6], [53, 12.0, 0.3], [52, 8.0, 0.3], [51, 17.0, 0.3]]",61,10-18,Areas,0,-45
Edith Ward|girls,Central West End,girls,5A,17,43.39999999999999,5.799999999999997,9.0,60,0,59,59 58 57 56 55 54 53 52 51,"[[59, 9.0, 1.0], [58, 7.0, 1.0], [57, 16.0, 1.0], [56, 8.0, 0.6], [55, 8.0, 0.6], [54, 3.0, 0.6], [53, 0.0, 0.3], [52, 0.0, 0.3], [51, 0.0, 0.3]]",19,20-11,Round of 32,0,-2
Providence Academy|girls,Providence Academy,girls,5A,18,42.7,2.6000000000000014,12.0,60,0,59,59 58 57 56 55 54 53 52 51,"[[59, 12.0, 1.0], [58, 4.0, 1.0], [57, 0.0, 1.0], [56, 16.0, 0.6], [55, 11.0, 0.6], [54, 10.0, 0.6], [53, 10.0, 0.3], [52, 5.0, 0.3], [51, 0.0, 0.3]]",31,17-13,Round of 32,0,-13
Tindall|girls,Tindall,girls,5A,19,42.7,-14.200000000000005,0.0,60,0,59,59 58 57 56 55 54 53 52 51,"[[59, 0.0, 1.0], [58, 4.0, 1.0], [57, 9.0, 1.0], [56, 10.0, 0.6], [55, 11.0, 0.6], [54, 9.0, 0.6], [53, 26.0, 0.3], [52, 7.0, 0.3], [51, 6.0, 0.3]]",39,13-11,Specials,0,-20
Olive Reach|girls,Mendelssohn,girls,5A,20,42.5,0.3000000000000042,9.0,60,0,59,59 58 57 56 55 54 53 52 51,"[[59, 9.0, 1.0], [58, 8.0, 1.0], [57, 12.0, 1.0], [56, 12.0, 0.6], [55, 0.0, 0.6], [54, 1.0, 0.6], [53, 3.0, 0.3], [52, 0.0, 0.3], [51, 16.0, 0.3]]",18,22-11,Round of 32,0,2
Perryville Civic Leadership Academy|girls,Perry Green,girls,5A,21,42.0,-4.399999999999999,0.0,55,0,59,59 58 57 56 55 54 53 52 51,"[[59, 0.0, 1.0], [58, 10.0, 1.0], [57, 11.0, 1.0], [56, 11.0, 0.6], [55, 16.0, 0.6], [54, 8.0, 0.6], [53, 0.0, 0.3], [52, 0.0, 0.3], [51, 0.0, 0.3]]",81,2-24,Areas,0,-60
Grace Lee Boggs|girls,Boggs,girls,5A,22,39.6,6.399999999999999,10.0,60,0,59,59 58 57 56 55 54 53 52 51,"[[59, 10.0, 1.0], [58, 8.0, 1.0], [57, 9.0, 1.0], [56, 9.0, 0.6], [55, 10.0, 0.6], [54, 2.0, 0.6], [53, 0.0, 0.3], [52, 0.0, 0.3], [51, 0.0, 0.3]]",10,33-2,Octofinalist,0,12
Baker High|girls,Baker,girls,5A,23,38.2,0.3000000000000042,8.0,38,0,59,59 58 57 56 55 54 53 52 51,"[[59, 8.0, 1.0], [58, 11.0, 1.0], [57, 9.0, 1.0], [56, 11.0, 0.6], [55, 6.0, 0.6], [54, 0.0, 0.6], [53, 0.0, 0.3], [52, 0.0, 0.3], [51, 0.0, 0.3]]",13,20-8,Round of 32,0,10
Willow Creek|girls,Willow Creek,girls,5A,24,37.900000000000006,8.20000000000001,11.0,60,0,59,59 58 57 56 55 54 53 52 51,"[[59, 11.0, 1.0], [58, 1.0, 1.0], [57, 10.0, 1.0], [56, 4.0, 0.6], [55, 9.0, 0.6], [54, 7.0, 0.6], [53, 4.0, 0.3], [52, 9.0, 0.3], [51, 0.0, 0.3]]",35,20-14,Round of 32,0,-11
Belyakov Polytechnic Institute|girls,Morne Caribou Polytechnic,girls,5A,25,37.1,7.799999999999994,9.0,60,0,59,59 58 57 56 55 54 53 52 51,"[[59, 9.0, 1.0], [58, 11.0, 1.0], [57, 9.0, 1.0], [56, 0.0, 0.6], [55, 8.0, 0.6], [54, 4.0, 0.6], [53, 3.0, 0.3], [52, 0.0, 0.3], [51, 0.0, 0.3]]",21,19-7,Round of 32,0,4
Woodrow Wilson North|girls,Hackensack,girls,5A,26,36.6,4.300000000000004,9.0,60,0,59,59 58 57 56 55 54 53 52 51,"[[59, 9.0, 1.0], [58, 9.0, 1.0], [57, 6.0, 1.0], [56, 8.0, 0.6], [55, 5.0, 0.6], [54, 2.0, 0.6], [53, 5.0, 0.3], [52, 7.0, 0.3], [51, 0.0, 0.3]]",20,26-9,Round of 32,0,6
Caswell School of Science and Industry|girls,Arthur,girls,5A,27,36.3,3.3999999999999986,9.0,60,0,59,59 58 57 56 55 54 53 52 51,"[[59, 9.0, 1.0], [58, 0.0, 1.0], [57, 6.0, 1.0], [56, 8.0, 0.6], [55, 11.0, 0.6], [54, 7.0, 0.6], [53, 8.0, 0.3], [52, 11.0, 0.3], [51, 0.0, 0.3]]",24,20-10,Round of 32,0,3
Sandhill Marsh|girls,Sandhill Marsh,girls,5A,28,36.2,-4.299999999999997,3.0,60,0,59,59 58 57 56 55 54 53 52 51,"[[59, 3.0, 1.0], [58, 13.0, 1.0], [57, 7.0, 1.0], [56, 10.0, 0.6], [55, 11.0, 0.6], [54, 1.0, 0.6], [53, 0.0, 0.3], [52, 0.0, 0.3], [51, 0.0, 0.3]]",30,16-13,Parastate,0,-2
Kilbride Switch|girls,Kilbride Switch,girls,5A,29,33.6,-0.5999999999999943,0.0,60,0,59,59 58 57 56 55 54 53 52 51,"[[59, 0.0, 1.0], [58, 10.0, 1.0], [57, 11.0, 1.0], [56, 0.0, 0.6], [55, 7.0, 0.6], [54, 10.0, 0.6], [53, 2.0, 0.3], [52, 0.0, 0.3], [51, 6.0, 0.3]]",83,1-20,Areas,0,-54
Fort Meriwether|girls,Fort Meriwether,girls,5A,30,33.5,0.0,0.0,60,0,59,59 58 57 56 55 54 53 52 51,"[[59, 0.0, 1.0], [58, 16.0, 1.0], [57, 16.0, 1.0], [56, 0.0, 0.6], [55, 0.0, 0.6], [54, 0.0, 0.6], [53, 0.0, 0.3], [52, 5.0, 0.3], [51, 0.0, 0.3]]",38,15-14,Challengers,0,-8
Costa Verde North|girls,Verde Highlands,girls,5A,31,33.3,-4.799999999999997,0.0,60,0,59,59 58 57 56 55 54 53 52 51,"[[59, 0.0, 1.0], [58, 0.0, 1.0], [57, 0.0, 1.0], [56, 0.0, 0.6], [55, 27.0, 0.6], [54, 10.0, 0.6], [53, 16.0, 0.3], [52, 10.0, 0.3], [51, 11.0, 0.3]]",74,7-20,Areas,0,-43
St. Basil Academy|girls,Cahokia Mounds,girls,5A,32,32.9,7.599999999999998,10.0,20,0,59,59 58 57 56 55 54 53 52 51,"[[59, 10.0, 1.0], [58, 8.0, 1.0], [57, 8.0, 1.0], [56, 6.0, 0.6], [55, 5.0, 0.6], [54, 0.0, 0.6], [53, 0.0, 0.3], [52, 1.0, 0.3], [51, 0.0, 0.3]]",15,29-5,Octofinalist,0,17
Riverside High|girls,Riverside,girls,5A,33,30.8,7.5,11.0,35,0,59,59 58 57 56 55 54 53 52 51,"[[59, 11.0, 1.0], [58, 0.0, 1.0], [57, 9.0, 1.0], [56, 8.0, 0.6], [55, 3.0, 0.6], [54, 0.0, 0.6], [53, 0.0, 0.3], [52, 11.0, 0.3], [51, 3.0, 0.3]]",25,16-12,Round of 32,0,8
Serrano|girls,Serrano,girls,5A,34,30.7,6.199999999999999,11.0,60,0,59,59 58 57 56 55 54 53 52 51,"[[59, 11.0, 1.0], [58, 0.0, 1.0], [57, 11.0, 1.0], [56, 0.0, 0.6], [55, 0.0, 0.6], [54, 10.0, 0.6], [53, 0.0, 0.3], [52, 0.0, 0.3], [51, 9.0, 0.3]]",22,20-9,Octofinalist,0,12
Umatilla High|girls,Umatilla,girls,5A,35,30.6,4.0,10.0,35,0,59,59 58 57 56 55 54 53 52 51,"[[59, 10.0, 1.0], [58, 8.0, 1.0], [57, 0.0, 1.0], [56, 0.0, 0.6], [55, 0.0, 0.6], [54, 0.0, 0.6], [53, 9.0, 0.3], [52, 25.0, 0.3], [51, 8.0, 0.3]]",17,21-12,Round of 32,0,18
Wales City|girls,Wales City,girls,5A,36,30.6,3.6000000000000014,6.0,60,0,59,59 58 57 56 55 54 53 52 51,"[[59, 6.0, 1.0], [58, 8.0, 1.0], [57, 4.0, 1.0], [56, 3.0, 0.6], [55, 9.0, 0.6], [54, 9.0, 0.6], [53, 0.0, 0.3], [52, 0.0, 0.3], [51, 0.0, 0.3]]",26,19-13,Parastate,0,10
Saint Francis|girls,Kingsley,girls,5A,37,29.099999999999994,-10.800000000000011,0.0,60,0,59,59 58 57 56 55 54 53 52 51,"[[59, 0.0, 1.0], [58, 0.0, 1.0], [57, 0.0, 1.0], [56, 0.0, 0.6], [55, 11.0, 0.6], [54, 6.0, 0.6], [53, 27.0, 0.3], [52, 19.0, 0.3], [51, 17.0, 0.3]]",45,11-15,Semi-Conference,0,-8
Thomas Jansen North|girls,Gershwin,girls,5A,38,28.6,-0.1999999999999993,3.0,55,0,59,59 58 57 56 55 54 53 52 51,"[[59, 3.0, 1.0], [58, 9.0, 1.0], [57, 7.0, 1.0], [56, 8.0, 0.6], [55, 4.0, 0.6], [54, 0.0, 0.6], [53, 0.0, 0.3], [52, 8.0, 0.3], [51, 0.0, 0.3]]",27,21-13,Parastate,0,11
Xavier Robles|girls,Elk River,girls,5A,39,27.0,11.0,11.0,60,0,59,59 58 57 56 55 54 53 52 51,"[[59, 11.0, 1.0], [58, 9.0, 1.0], [57, 4.0, 1.0], [56, 0.0, 0.6], [55, 5.0, 0.6], [54, 0.0, 0.6], [53, 0.0, 0.3], [52, 0.0, 0.3], [51, 0.0, 0.3]]",23,17-9,Round of 32,0,16
Sisters of Mercy|girls,Websterfield,girls,5A,40,26.7,-9.3,0.0,60,0,59,59 58 57 56 55 54 53 52 51,"[[59, 0.0, 1.0], [58, 0.0, 1.0], [57, 0.0, 1.0], [56, 9.0, 0.6], [55, 11.0, 0.6], [54, 10.0, 0.6], [53, 9.0, 0.3], [52, 10.0, 0.3], [51, 10.0, 0.3]]",57,7-19,Areas,0,-17
Sofia Romanov North|girls,Cheney,girls,5A,41,25.200000000000003,7.0,10.0,60,0,59,59 58 57 56 55 54 53 52 51,"[[59, 10.0, 1.0], [58, 9.0, 1.0], [57, 2.0, 1.0], [56, 0.0, 0.6], [55, 0.0, 0.6], [54, 0.0, 0.6], [53, 10.0, 0.3], [52, 2.0, 0.3], [51, 2.0, 0.3]]",14,24-9,Octofinalist,0,27
Canal View North|girls,Lateral Seven,girls,5A,42,23.2,-7.599999999999998,1.0,60,0,59,59 58 57 56 55 54 53 52 51,"[[59, 1.0, 1.0], [58, 0.0, 1.0], [57, 0.0, 1.0], [56, 11.0, 0.6], [55, 0.0, 0.6], [54, 3.0, 0.6], [53, 6.0, 0.3], [52, 13.0, 0.3], [51, 27.0, 0.3]]",47,14-18,Parastate,0,-5
Nathaniel Cross North|girls,Miles Davis,girls,5A,43,21.5,-4.399999999999999,1.0,20,0,59,59 58 57 56 55 54 53 52 51,"[[59, 1.0, 1.0], [58, 10.0, 1.0], [57, 0.0, 1.0], [56, 0.0, 0.6], [55, 0.0, 0.6], [54, 0.0, 0.6], [53, 10.0, 0.3], [52, 16.0, 0.3], [51, 9.0, 0.3]]",32,15-18,Parastate,0,11
Thelma Moss|girls,Roscoe Village,girls,5A,44,20.1,-1.2999999999999972,3.0,60,0,59,59 58 57 56 55 54 53 52 51,"[[59, 3.0, 1.0], [58, 3.0, 1.0], [57, 0.0, 1.0], [56, 4.0, 0.6], [55, 7.0, 0.6], [54, 9.0, 0.6], [53, 7.0, 0.3], [52, 0.0, 0.3], [51, 0.0, 0.3]]",36,21-12,Parastate,0,8
Viktor Kareva|girls,Cedar Point,girls,5A,45,19.8,-5.400000000000002,0.0,55,0,59,59 58 57 56 55 54 53 52 51,"[[59, 0.0, 1.0], [58, 0.0, 1.0], [57, 0.0, 1.0], [56, 0.0, 0.6], [55, 2.0, 0.6], [54, 16.0, 0.6], [53, 11.0, 0.3], [52, 11.0, 0.3], [51, 8.0, 0.3]]",68,8-19,Areas,0,-23
Port Veles|girls,Coltrane,girls,5A,46,18.3,-0.8000000000000007,0.0,60,0,59,59 58 57 56 55 54 53 52 51,"[[59, 0.0, 1.0], [58, 2.0, 1.0], [57, 7.0, 1.0], [56, 2.0, 0.6], [55, 9.0, 0.6], [54, 3.0, 0.6], [53, 0.0, 0.3], [52, 3.0, 0.3], [51, 0.0, 0.3]]",53,12-19,Sectionals,0,-7
Port Veles Agricultural Sciences Academy|girls,Biden,girls,5A,47,17.6,-5.399999999999999,1.0,60,0,59,59 58 57 56 55 54 53 52 51,"[[59, 1.0, 1.0], [58, 0.0, 1.0], [57, 1.0, 1.0], [56, 10.0, 0.6], [55, 8.0, 0.6], [54, 4.0, 0.6], [53, 8.0, 0.3], [52, 0.0, 0.3], [51, 0.0, 0.3]]",55,10-19,Conference,0,-8
Sofía Cordero|girls,J.Q. Adams,girls,5A,48,17.099999999999998,-7.000000000000004,0.0,60,0,59,59 58 57 56 55 54 53 52 51,"[[59, 0.0, 1.0], [58, 0.0, 1.0], [57, 0.0, 1.0], [56, 1.0, 0.6], [55, 1.0, 0.6], [54, 11.0, 0.6], [53, 11.0, 0.3], [52, 9.0, 0.3], [51, 11.0, 0.3]]",67,10-18,Areas,0,-19
St. Olga College Prep|girls,Mercer Latin,girls,5A,49,16.799999999999997,-6.300000000000004,0.0,60,0,59,59 58 57 56 55 54 53 52 51,"[[59, 0.0, 1.0], [58, 0.0, 1.0], [57, 0.0, 1.0], [56, 9.0, 0.6], [55, 3.0, 0.6], [54, 6.0, 0.6], [53, 9.0, 0.3], [52, 0.0, 0.3], [51, 11.0, 0.3]]",75,5-20,Areas,0,-26
Juniper Ridge|girls,Juniper Ridge,girls,5A,50,16.0,1.0,1.0,60,0,59,59 58 57 56 55 54 53 52 51,"[[59, 1.0, 1.0], [58, 0.0, 1.0], [57, 0.0, 1.0], [56, 0.0, 0.6], [55, 0.0, 0.6], [54, 25.0, 0.6], [53, 0.0, 0.3], [52, 0.0, 0.3], [51, 0.0, 0.3]]",48,11-17,Wards,0,2
Amaia Aramburu|girls,K.B. Jackson,girls,5A,51,15.9,-9.899999999999997,0.0,60,0,59,59 58 57 56 55 54 53 52 51,"[[59, 0.0, 1.0], [58, 0.0, 1.0], [57, 0.0, 1.0], [56, 0.0, 0.6], [55, 5.0, 0.6], [54, 5.0, 0.6], [53, 25.0, 0.3], [52, 3.0, 0.3], [51, 5.0, 0.3]]",58,9-15,Areas,0,-7
Loomis City|girls,Loomis City,girls,5A,52,14.4,-3.0,0.0,60,0,59,59 58 57 56 55 54 53 52 51,"[[59, 0.0, 1.0], [58, 0.0, 1.0], [57, 0.0, 1.0], [56, 0.0, 0.6], [55, 0.0, 0.6], [54, 9.0, 0.6], [53, 10.0, 0.3], [52, 10.0, 0.3], [51, 10.0, 0.3]]",54,11-19,Areas,0,-2
Barclay Golden Gate|girls,Gate City,girls,5A,53,13.0,3.6999999999999993,7.0,60,0,59,59 58 57 56 55 54 53 52 51,"[[59, 7.0, 1.0], [58, 5.0, 1.0], [57, 1.0, 1.0], [56, 0.0, 0.6], [55, 0.0, 0.6], [54, 0.0, 0.6], [53, 0.0, 0.3], [52, 0.0, 0.3], [51, 0.0, 0.3]]",29,17-14,Round of 32,0,24
Ontario High|girls,Ontario,girls,5A,54,12.6,4.200000000000001,6.0,35,0,59,59 58 57 56 55 54 53 52 51,"[[59, 6.0, 1.0], [58, 1.0, 1.0], [57, 2.0, 1.0], [56, 3.0, 0.6], [55, 3.0, 0.6], [54, 0.0, 0.6], [53, 0.0, 0.3], [52, 0.0, 0.3], [51, 0.0, 0.3]]",28,16-14,Round of 32,0,26
Foxtail Meadows|girls,Foxtail Meadows,girls,5A,55,12.0,0.0,0.0,60,0,59,59 58 57 56 55 54 53 52 51,"[[59, 0.0, 1.0], [58, 0.0, 1.0], [57, 9.0, 1.0], [56, 0.0, 0.6], [55, 3.0, 0.6], [54, 2.0, 0.6], [53, 0.0, 0.3], [52, 0.0, 0.3], [51, 0.0, 0.3]]",41,13-15,Semi-Conference,0,14
Benchton|girls,Benchton,girls,5A,56,11.999999999999998,-6.000000000000002,0.0,60,0,59,59 58 57 56 55 54 53 52 51,"[[59, 0.0, 1.0], [58, 0.0, 1.0], [57, 0.0, 1.0], [56, 0.0, 0.6], [55, 0.0, 0.6], [54, 11.0, 0.6], [53, 11.0, 0.3], [52, 7.0, 0.3], [51, 0.0, 0.3]]",76,5-23,Areas,0,-20
San Borondón|girls,San Borondón,girls,5A,57,11.5,9.0,9.0,60,0,59,59 58 57 56 55 54 53 52 51,"[[59, 9.0, 1.0], [58, 1.0, 1.0], [57, 0.0, 1.0], [56, 0.0, 0.6], [55, 0.0, 0.6], [54, 0.0, 0.6], [53, 0.0, 0.3], [52, 0.0, 0.3], [51, 5.0, 0.3]]",34,20-12,Round of 32,0,23
Tindall Heights|girls,Montpelier,girls,5A,58,11.4,-4.799999999999999,0.0,60,0,59,59 58 57 56 55 54 53 52 51,"[[59, 0.0, 1.0], [58, 8.0, 1.0], [57, 1.0, 1.0], [56, 0.0, 0.6], [55, 0.0, 0.6], [54, 0.0, 0.6], [53, 0.0, 0.3], [52, 0.0, 0.3], [51, 8.0, 0.3]]",50,12-13,Semi-Conference,0,8
Elias Mercier|girls,Cascade,girls,5A,59,10.9,0.0,0.0,60,0,59,59 58 57 56 55 54 53 52 51,"[[59, 0.0, 1.0], [58, 10.0, 1.0], [57, 0.0, 1.0], [56, 0.0, 0.6], [55, 0.0, 0.6], [54, 0.0, 0.6], [53, 0.0, 0.3], [52, 3.0, 0.3], [51, 0.0, 0.3]]",66,10-18,Areas,0,-7
St. Casimir Preparatory|girls,Brightwater,girls,5A,60,10.8,-1.799999999999999,0.0,20,0,59,59 58 57 56 55 54 53 52 51,"[[59, 0.0, 1.0], [58, 0.0, 1.0], [57, 0.0, 1.0], [56, 0.0, 0.6], [55, 7.0, 0.6], [54, 10.0, 0.6], [53, 2.0, 0.3], [52, 0.0, 0.3], [51, 0.0, 0.3]]",56,11-16,Areas,0,4
Svenja Adler|girls,East Range Agricultural,girls,5A,61,10.500000000000002,-5.700000000000001,0.0,60,0,59,59 58 57 56 55 54 53 52 51,"[[59, 0.0, 1.0], [58, 0.0, 1.0], [57, 0.0, 1.0], [56, 0.0, 0.6], [55, 0.0, 0.6], [54, 7.0, 0.6], [53, 19.0, 0.3], [52, 1.0, 0.3], [51, 1.0, 0.3]]",63,11-19,Areas,0,-2
Pear Slough|girls,Pear Slough,girls,5A,62,10.5,-2.6999999999999997,0.0,60,0,59,59 58 57 56 55 54 53 52 51,"[[59, 0.0, 1.0], [58, 0.0, 1.0], [57, 0.0, 1.0], [56, 0.0, 0.6], [55, 0.0, 0.6], [54, 7.0, 0.6], [53, 9.0, 0.3], [52, 9.0, 0.3], [51, 3.0, 0.3]]",72,7-18,Areas,0,-10
Boyerstown|girls,Boyerstown,girls,5A,63,10.2,-1.1999999999999993,3.0,60,0,59,59 58 57 56 55 54 53 52 51,"[[59, 3.0, 1.0], [58, 0.0, 1.0], [57, 0.0, 1.0], [56, 0.0, 0.6], [55, 0.0, 0.6], [54, 0.0, 0.6], [53, 5.0, 0.3], [52, 8.0, 0.3], [51, 11.0, 0.3]]",44,15-12,Parastate,0,19
Winifred Ellison|girls,Kingwood,girls,5A,64,9.8,-4.1,0.0,60,0,59,59 58 57 56 55 54 53 52 51,"[[59, 0.0, 1.0], [58, 2.0, 1.0], [57, 0.0, 1.0], [56, 5.0, 0.6], [55, 0.0, 0.6], [54, 0.0, 0.6], [53, 0.0, 0.3], [52, 7.0, 0.3], [51, 9.0, 0.3]]",60,10-17,Areas,0,4
Hermiston High|girls,Hermiston,girls,5A,65,8.7,-2.9000000000000004,0.0,35,0,59,59 58 57 56 55 54 53 52 51,"[[59, 0.0, 1.0], [58, 0.0, 1.0], [57, 0.0, 1.0], [56, 5.0, 0.6], [55, 0.0, 0.6], [54, 0.0, 0.6], [53, 3.0, 0.3], [52, 8.0, 0.3], [51, 8.0, 0.3]]",59,9-18,Areas,0,6
Rye Academy of Arts and Letters|girls,Barley Point,girls,5A,66,7.8,5.7,6.0,55,0,59,59 58 57 56 55 54 53 52 51,"[[59, 6.0, 1.0], [58, 0.0, 1.0], [57, 0.0, 1.0], [56, 0.0, 0.6], [55, 0.0, 0.6], [54, 0.0, 0.6], [53, 0.0, 0.3], [52, 0.0, 0.3], [51, 6.0, 0.3]]",37,19-12,Round of 32,0,29
Furrow Crossing|girls,Furrow Crossing,girls,5A,67,7.1,3.0,3.0,60,0,59,59 58 57 56 55 54 53 52 51,"[[59, 3.0, 1.0], [58, 0.0, 1.0], [57, 2.0, 1.0], [56, 0.0, 0.6], [55, 0.0, 0.6], [54, 0.0, 0.6], [53, 0.0, 0.3], [52, 0.0, 0.3], [51, 7.0, 0.3]]",43,15-14,Specials,0,24
Garrow|girls,Garrow,girls,5A,68,6.899999999999999,-5.5,0.0,60,0,59,59 58 57 56 55 54 53 52 51,"[[59, 0.0, 1.0], [58, 0.0, 1.0], [57, 0.0, 1.0], [56, 1.0, 0.6], [55, 0.0, 0.6], [54, 0.0, 0.6], [53, 9.0, 0.3], [52, 3.0, 0.3], [51, 9.0, 0.3]]",71,8-18,Areas,0,-3
Madrigal West Bench|girls,Benchlands,girls,5A,69,6.8,2.0,2.0,60,0,59,59 58 57 56 55 54 53 52 51,"[[59, 2.0, 1.0], [58, 0.0, 1.0], [57, 0.0, 1.0], [56, 0.0, 0.6], [55, 0.0, 0.6], [54, 0.0, 0.6], [53, 0.0, 0.3], [52, 0.0, 0.3], [51, 16.0, 0.3]]",40,15-14,Challengers,0,29
Belyakov River Plain|girls,Grand Fond,girls,5A,70,6.599999999999999,-3.6000000000000023,0.0,60,0,59,59 58 57 56 55 54 53 52 51,"[[59, 0.0, 1.0], [58, 0.0, 1.0], [57, 0.0, 1.0], [56, 0.0, 0.6], [55, 3.0, 0.6], [54, 3.0, 0.6], [53, 9.0, 0.3], [52, 0.0, 0.3], [51, 1.0, 0.3]]",64,8-16,Areas,0,6
Mila Melnick|girls,Sea Cliff,girls,5A,71,6.4,-2.8,0.0,60,0,59,59 58 57 56 55 54 53 52 51,"[[59, 0.0, 1.0], [58, 0.0, 1.0], [57, 1.0, 1.0], [56, 7.0, 0.6], [55, 0.0, 0.6], [54, 1.0, 0.6], [53, 0.0, 0.3], [52, 0.0, 0.3], [51, 2.0, 0.3]]",46,9-14,Sectionals,0,25
Welsh Plains|girls,Welsh Plains,girls,5A,72,5.1,-1.7999999999999998,0.0,60,0,59,59 58 57 56 55 54 53 52 51,"[[59, 0.0, 1.0], [58, 0.0, 1.0], [57, 0.0, 1.0], [56, 0.0, 0.6], [55, 0.0, 0.6], [54, 0.0, 0.6], [53, 6.0, 0.3], [52, 10.0, 0.3], [51, 1.0, 0.3]]",52,8-15,Areas,0,20
Leidesdorff Academy of Music and Media|girls,East Burlington,girls,5A,73,4.5,-5.1,0.0,55,0,59,59 58 57 56 55 54 53 52 51,"[[59, 0.0, 1.0], [58, 0.0, 1.0], [57, 0.0, 1.0], [56, 0.0, 0.6], [55, 0.0, 0.6], [54, 0.0, 0.6], [53, 1.0, 0.3], [52, 3.0, 0.3], [51, 11.0, 0.3]]",85,0-30,Areas,0,-12
Javier Castañeda|girls,Kenwood,girls,5A,74,3.6,0.0,0.0,60,0,59,59 58 57 56 55 54 53 52 51,"[[59, 0.0, 1.0], [58, 0.0, 1.0], [57, 0.0, 1.0], [56, 0.0, 0.6], [55, 1.0, 0.6], [54, 0.0, 0.6], [53, 0.0, 0.3], [52, 10.0, 0.3], [51, 0.0, 0.3]]",79,2-23,Areas,0,-5
Iker Aramburu North|girls,Highland Park,girls,5A,75,3.3,-5.099999999999999,0.0,55,0,59,59 58 57 56 55 54 53 52 51,"[[59, 0.0, 1.0], [58, 0.0, 1.0], [57, 0.0, 1.0], [56, 0.0, 0.6], [55, 0.0, 0.6], [54, 0.0, 0.6], [53, 0.0, 0.3], [52, 5.0, 0.3], [51, 6.0, 0.3]]",62,10-17,Areas,0,13
Amelia Freeman|girls,Nanticoke,girls,5A,76,3.0,-7.800000000000001,0.0,60,0,59,59 58 57 56 55 54 53 52 51,"[[59, 0.0, 1.0], [58, 0.0, 1.0], [57, 0.0, 1.0], [56, 0.0, 0.6], [55, 0.0, 0.6], [54, 0.0, 0.6], [53, 0.0, 0.3], [52, 0.0, 0.3], [51, 10.0, 0.3]]",65,10-20,Areas,0,11
Kelford|girls,Kelford,girls,5A,77,2.1,-0.3000000000000002,0.0,60,0,59,59 58 57 56 55 54 53 52 51,"[[59, 0.0, 1.0], [58, 0.0, 1.0], [57, 0.0, 1.0], [56, 0.0, 0.6], [55, 0.0, 0.6], [54, 0.0, 0.6], [53, 1.0, 0.3], [52, 6.0, 0.3], [51, 0.0, 0.3]]",70,8-18,Areas,0,7
Walter Hart|girls,Kittery,girls,5A,78,1.0,-1.1,1.0,60,0,59,59 58 57 56 55 54 53 52 51,"[[59, 1.0, 1.0], [58, 0.0, 1.0], [57, 0.0, 1.0], [56, 0.0, 0.6], [55, 0.0, 0.6], [54, 0.0, 0.6], [53, 0.0, 0.3], [52, 0.0, 0.3], [51, 0.0, 0.3]]",49,13-17,Wards,0,29
Opal Stokes|girls,Dry Creek Co-op,girls,5A,79,0.8999999999999999,-0.3,0.0,60,0,59,59 58 57 56 55 54 53 52 51,"[[59, 0.0, 1.0], [58, 0.0, 1.0], [57, 0.0, 1.0], [56, 0.0, 0.6], [55, 0.0, 0.6], [54, 0.0, 0.6], [53, 0.0, 0.3], [52, 0.0, 0.3], [51, 3.0, 0.3]]",73,5-19,Areas,0,6
Breakwater|girls,Tide Point,girls,5A,80,0.0,0.0,0.0,60,0,59,59 58 57 56 55 54 53 52 51,"[[59, 0.0, 1.0], [58, 0.0, 1.0], [57, 0.0, 1.0], [56, 0.0, 0.6], [55, 0.0, 0.6], [54, 0.0, 0.6], [53, 0.0, 0.3], [52, 0.0, 0.3], [51, 0.0, 0.3]]",78,2-23,Areas,0,2
Llerena East|girls,Juniper Well,girls,5A,81,0.0,0.0,0.0,60,0,59,59 58 57 56 55 54 53 52 51,"[[59, 0.0, 1.0], [58, 0.0, 1.0], [57, 0.0, 1.0], [56, 0.0, 0.6], [55, 0.0, 0.6], [54, 0.0, 0.6], [53, 0.0, 0.3], [52, 0.0, 0.3], [51, 0.0, 0.3]]",77,2-23,Areas,0,4
Naomi Moss|girls,Meyerland,girls,5A,82,0.0,-3.3,0.0,60,0,59,59 58 57 56 55 54 53 52 51,"[[59, 0.0, 1.0], [58, 0.0, 1.0], [57, 0.0, 1.0], [56, 0.0, 0.6], [55, 0.0, 0.6], [54, 0.0, 0.6], [53, 0.0, 0.3], [52, 0.0, 0.3], [51, 0.0, 0.3]]",82,2-24,Areas,0,0
Rye|girls,Rye,girls,5A,83,0.0,-1.7999999999999998,0.0,60,0,59,59 58 57 56 55 54 53 52 51,"[[59, 0.0, 1.0], [58, 0.0, 1.0], [57, 0.0, 1.0], [56, 0.0, 0.6], [55, 0.0, 0.6], [54, 0.0, 0.6], [53, 0.0, 0.3], [52, 0.0, 0.3], [51, 0.0, 0.3]]",84,1-27,Areas,0,-1
Serrano Depot High|girls,Cholla Flats,girls,5A,84,0.0,0.0,0.0,55,0,59,59 58 57 56 55 54 53 52 51,"[[59, 0.0, 1.0], [58, 0.0, 1.0], [57, 0.0, 1.0], [56, 0.0, 0.6], [55, 0.0, 0.6], [54, 0.0, 0.6], [53, 0.0, 0.3], [52, 0.0, 0.3], [51, 0.0, 0.3]]",69,7-18,Areas,0,15
Tomás Mendoza|girls,Fairgrounds,girls,5A,85,0.0,-0.3,0.0,60,0,59,59 58 57 56 55 54 53 52 51,"[[59, 0.0, 1.0], [58, 0.0, 1.0], [57, 0.0, 1.0], [56, 0.0, 0.6], [55, 0.0, 0.6], [54, 0.0, 0.6], [53, 0.0, 0.3], [52, 0.0, 0.3], [51, 0.0, 0.3]]",51,8-18,Areas,0,34
Chaminade|girls,Chaminade,girls,6A,1,134.00000000000003,-11.599999999999994,16.0,60,0,59,59 58 57 56 55 54 53 52 51,"[[59, 16.0, 1.0], [58, 10.0, 1.0], [57, 39.0, 1.0], [56, 39.0, 0.6], [55, 39.0, 0.6], [54, 17.0, 0.6], [53, 16.0, 0.3], [52, 16.0, 0.3], [51, 8.0, 0.3]]",4,32-5,Quarterfinalist,0,-3
Hawk Lake Eastgate|girls,Oakhaven,girls,6A,2,104.3,32.599999999999994,39.0,60,0,59,59 58 57 56 55 54 53 52 51,"[[59, 39.0, 1.0], [58, 16.0, 1.0], [57, 25.0, 1.0], [56, 16.0, 0.6], [55, 10.0, 0.6], [54, 9.0, 0.6], [53, 0.0, 0.3], [52, 11.0, 0.3], [51, 0.0, 0.3]]",2,34-1,Champion,1,0
Marcus Langston|girls,Hayes,girls,6A,3,95.3,19.099999999999994,27.0,60,0,59,59 58 57 56 55 54 53 52 51,"[[59, 27.0, 1.0], [58, 16.0, 1.0], [57, 16.0, 1.0], [56, 10.0, 0.6], [55, 10.0, 0.6], [54, 26.0, 0.6], [53, 9.0, 0.3], [52, 11.0, 0.3], [51, 9.0, 0.3]]",1,31-1,Finalist,0,2
Belmonte Health Sciences Academy|girls,Dusty Spur,girls,6A,4,91.3,-6.699999999999989,0.0,55,0,59,59 58 57 56 55 54 53 52 51,"[[59, 0.0, 1.0], [58, 39.0, 1.0], [57, 25.0, 1.0], [56, 10.0, 0.6], [55, 10.0, 0.6], [54, 8.0, 0.6], [53, 8.0, 0.3], [52, 8.0, 0.3], [51, 19.0, 0.3]]",49,6-20,Sectionals,0,-45
Naomi Ellison|girls,Starfield,girls,6A,5,90.8,16.700000000000003,24.0,20,0,59,59 58 57 56 55 54 53 52 51,"[[59, 24.0, 1.0], [58, 10.0, 1.0], [57, 16.0, 1.0], [56, 10.0, 0.6], [55, 9.0, 0.6], [54, 39.0, 0.6], [53, 11.0, 0.3], [52, 8.0, 0.3], [51, 1.0, 0.3]]",11,27-6,Semifinalist,0,-6
Ander Arrieta|girls,Bolinas,girls,6A,6,85.6,-1.0000000000000142,9.0,60,0,59,59 58 57 56 55 54 53 52 51,"[[59, 9.0, 1.0], [58, 27.0, 1.0], [57, 16.0, 1.0], [56, 16.0, 0.6], [55, 24.0, 0.6], [54, 10.0, 0.6], [53, 12.0, 0.3], [52, 0.0, 0.3], [51, 0.0, 0.3]]",5,26-3,Round of 32,0,1
Lucía Villaseñor|girls,Glen Park,girls,6A,7,84.4,-10.799999999999995,0.0,60,0,59,59 58 57 56 55 54 53 52 51,"[[59, 0.0, 1.0], [58, 25.0, 1.0], [57, 27.0, 1.0], [56, 27.0, 0.6], [55, 17.0, 0.6], [54, 10.0, 0.6], [53, 0.0, 0.3], [52, 0.0, 0.3], [51, 0.0, 0.3]]",52,7-19,Sectionals,0,-45
Valley Christian|girls,Valley Christian,girls,6A,8,80.8,-1.5,16.0,60,0,59,59 58 57 56 55 54 53 52 51,"[[59, 16.0, 1.0], [58, 2.0, 1.0], [57, 10.0, 1.0], [56, 25.0, 0.6], [55, 25.0, 0.6], [54, 18.0, 0.6], [53, 0.0, 0.3], [52, 24.0, 0.3], [51, 16.0, 0.3]]",12,23-6,Quarterfinalist,0,-4
Port Veles Civic Leadership Academy|girls,Severn,girls,6A,9,70.6,6.600000000000001,16.0,60,0,59,59 58 57 56 55 54 53 52 51,"[[59, 16.0, 1.0], [58, 17.0, 1.0], [57, 10.0, 1.0], [56, 10.0, 0.6], [55, 16.0, 0.6], [54, 10.0, 0.6], [53, 8.0, 0.3], [52, 11.0, 0.3], [51, 1.0, 0.3]]",10,28-7,Quarterfinalist,0,-1
St. Perpetua|girls,Farview,girls,6A,10,68.7,-6.899999999999992,10.0,60,0,59,59 58 57 56 55 54 53 52 51,"[[59, 10.0, 1.0], [58, 10.0, 1.0], [57, 10.0, 1.0], [56, 16.0, 0.6], [55, 5.0, 0.6], [54, 13.0, 0.6], [53, 25.0, 0.3], [52, 9.0, 0.3], [51, 27.0, 0.3]]",8,28-6,Octofinalist,0,2
Benedetti|girls,Benedetti,girls,6A,11,63.9,-0.1000000000000014,10.0,60,0,59,59 58 57 56 55 54 53 52 51,"[[59, 10.0, 1.0], [58, 1.0, 1.0], [57, 10.0, 1.0], [56, 17.0, 0.6], [55, 26.0, 0.6], [54, 25.0, 0.6], [53, 0.0, 0.3], [52, 0.0, 0.3], [51, 7.0, 0.3]]",6,29-5,Octofinalist,0,5
St. Varian|girls,Hurston,girls,6A,12,61.7,2.6000000000000014,8.0,60,0,59,59 58 57 56 55 54 53 52 51,"[[59, 8.0, 1.0], [58, 11.0, 1.0], [57, 10.0, 1.0], [56, 9.0, 0.6], [55, 9.0, 0.6], [54, 12.0, 0.6], [53, 6.0, 0.3], [52, 25.0, 0.3], [51, 18.0, 0.3]]",25,16-14,Round of 32,0,-13
Nikolai Markov North|girls,Marigny,girls,6A,13,57.6,2.999999999999993,11.0,60,0,59,59 58 57 56 55 54 53 52 51,"[[59, 11.0, 1.0], [58, 24.0, 1.0], [57, 10.0, 1.0], [56, 8.0, 0.6], [55, 9.0, 0.6], [54, 0.0, 0.6], [53, 6.0, 0.3], [52, 0.0, 0.3], [51, 2.0, 0.3]]",3,26-3,Octofinalist,0,10
Hawk Lake|girls,Hawk Lake,girls,6A,14,56.1,5.499999999999993,10.0,60,0,59,59 58 57 56 55 54 53 52 51,"[[59, 10.0, 1.0], [58, 10.0, 1.0], [57, 16.0, 1.0], [56, 9.0, 0.6], [55, 10.0, 0.6], [54, 8.0, 0.6], [53, 1.0, 0.3], [52, 10.0, 0.3], [51, 2.0, 0.3]]",13,19-9,Octofinalist,0,1
Naomi Ward|girls,Golden State,girls,6A,15,56.0,18.4,24.0,60,0,59,59 58 57 56 55 54 53 52 51,"[[59, 24.0, 1.0], [58, 8.0, 1.0], [57, 9.0, 1.0], [56, 11.0, 0.6], [55, 5.0, 0.6], [54, 9.0, 0.6], [53, 0.0, 0.3], [52, 0.0, 0.3], [51, 0.0, 0.3]]",7,28-6,Semifinalist,0,8
Jean Lindgren|girls,Bridgeport,girls,6A,16,54.49999999999999,7.200000000000003,12.0,60,0,59,59 58 57 56 55 54 53 52 51,"[[59, 12.0, 1.0], [58, 9.0, 1.0], [57, 5.0, 1.0], [56, 0.0, 0.6], [55, 18.0, 0.6], [54, 12.0, 0.6], [53, 16.0, 0.3], [52, 11.0, 0.3], [51, 8.0, 0.3]]",20,21-12,Round of 32,0,-4
Manzanita Ridge|girls,Manzanita,girls,6A,17,54.1,4.299999999999997,11.0,60,0,59,59 58 57 56 55 54 53 52 51,"[[59, 11.0, 1.0], [58, 14.0, 1.0], [57, 9.0, 1.0], [56, 10.0, 0.6], [55, 10.0, 0.6], [54, 10.0, 0.6], [53, 7.0, 0.3], [52, 0.0, 0.3], [51, 0.0, 0.3]]",16,20-9,Octofinalist,0,1
Harold Calder|girls,Tomales Bay,girls,6A,18,53.99999999999999,-15.800000000000004,1.0,60,0,59,59 58 57 56 55 54 53 52 51,"[[59, 1.0, 1.0], [58, 12.0, 1.0], [57, 2.0, 1.0], [56, 24.0, 0.6], [55, 0.0, 0.6], [54, 8.0, 0.6], [53, 11.0, 0.3], [52, 38.0, 0.3], [51, 17.0, 0.3]]",47,10-19,Semi-Conference,0,-29
Lorna Booker|girls,Blue Grama,girls,6A,19,52.400000000000006,-6.699999999999996,0.0,55,0,59,59 58 57 56 55 54 53 52 51,"[[59, 0.0, 1.0], [58, 16.0, 1.0], [57, 10.0, 1.0], [56, 10.0, 0.6], [55, 17.0, 0.6], [54, 8.0, 0.6], [53, 9.0, 0.3], [52, 7.0, 0.3], [51, 2.0, 0.3]]",69,2-25,Sectionals,0,-50
St. Basil School|girls,St. Ignatius,girls,6A,20,48.69999999999999,1.3999999999999986,9.0,60,0,59,59 58 57 56 55 54 53 52 51,"[[59, 9.0, 1.0], [58, 10.0, 1.0], [57, 9.0, 1.0], [56, 10.0, 0.6], [55, 8.0, 0.6], [54, 8.0, 0.6], [53, 1.0, 0.3], [52, 8.0, 0.3], [51, 8.0, 0.3]]",34,17-17,Round of 32,0,-14
Rita Moreno|girls,Moreno,girls,6A,21,48.1,13.800000000000004,16.0,60,0,59,59 58 57 56 55 54 53 52 51,"[[59, 16.0, 1.0], [58, 10.0, 1.0], [57, 11.0, 1.0], [56, 1.0, 0.6], [55, 8.0, 0.6], [54, 7.0, 0.6], [53, 0.0, 0.3], [52, 0.0, 0.3], [51, 5.0, 0.3]]",14,22-6,Quarterfinalist,0,7
Janice Cole|girls,Fallon,girls,6A,22,47.4,6.099999999999994,11.0,60,0,59,59 58 57 56 55 54 53 52 51,"[[59, 11.0, 1.0], [58, 10.0, 1.0], [57, 9.0, 1.0], [56, 10.0, 0.6], [55, 12.0, 0.6], [54, 1.0, 0.6], [53, 1.0, 0.3], [52, 10.0, 0.3], [51, 1.0, 0.3]]",32,20-13,Round of 32,0,-10
Valley Forge|girls,Valley Forge,girls,6A,23,46.6,2.799999999999997,11.0,60,0,59,59 58 57 56 55 54 53 52 51,"[[59, 11.0, 1.0], [58, 11.0, 1.0], [57, 9.0, 1.0], [56, 13.0, 0.6], [55, 6.0, 0.6], [54, 5.0, 0.6], [53, 3.0, 0.3], [52, 1.0, 0.3], [51, 0.0, 0.3]]",29,22-16,Round of 32,0,-6
Emerson|girls,Emerson,girls,6A,24,44.1,3.1000000000000014,10.0,60,0,59,59 58 57 56 55 54 53 52 51,"[[59, 10.0, 1.0], [58, 10.0, 1.0], [57, 10.0, 1.0], [56, 9.0, 0.6], [55, 7.0, 0.6], [54, 2.0, 0.6], [53, 0.0, 0.3], [52, 0.0, 0.3], [51, 11.0, 0.3]]",9,28-6,Octofinalist,0,15
Nadia Chernov|girls,C. Coolidge,girls,6A,25,44.0,5.200000000000003,10.0,60,0,59,59 58 57 56 55 54 53 52 51,"[[59, 10.0, 1.0], [58, 8.0, 1.0], [57, 8.0, 1.0], [56, 9.0, 0.6], [55, 9.0, 0.6], [54, 12.0, 0.6], [53, 0.0, 0.3], [52, 0.0, 0.3], [51, 0.0, 0.3]]",15,22-9,Octofinalist,0,10
Dry Lake|girls,Dry Lake,girls,6A,26,43.8,-12.699999999999996,3.0,60,0,59,59 58 57 56 55 54 53 52 51,"[[59, 3.0, 1.0], [58, 0.0, 1.0], [57, 6.0, 1.0], [56, 10.0, 0.6], [55, 9.0, 0.6], [54, 8.0, 0.6], [53, 39.0, 0.3], [52, 14.0, 0.3], [51, 9.0, 0.3]]",41,12-20,Parastate,0,-15
Marcus Mercer|girls,Evenfall,girls,6A,27,42.3,-9.499999999999991,1.0,20,0,59,59 58 57 56 55 54 53 52 51,"[[59, 1.0, 1.0], [58, 3.0, 1.0], [57, 11.0, 1.0], [56, 12.0, 0.6], [55, 8.0, 0.6], [54, 12.0, 0.6], [53, 3.0, 0.3], [52, 16.0, 0.3], [51, 8.0, 0.3]]",45,9-19,Semi-Conference,0,-18
Belmonte Agricultural Sciences Academy|girls,Pelican Town,girls,6A,28,40.0,2.199999999999996,8.0,55,0,59,59 58 57 56 55 54 53 52 51,"[[59, 8.0, 1.0], [58, 12.0, 1.0], [57, 5.0, 1.0], [56, 1.0, 0.6], [55, 6.0, 0.6], [54, 4.0, 0.6], [53, 11.0, 0.3], [52, 9.0, 0.3], [51, 8.0, 0.3]]",19,21-9,Round of 32,0,9
Andrés Valera North|girls,Pawnee,girls,6A,29,38.5,6.399999999999999,10.0,55,0,59,59 58 57 56 55 54 53 52 51,"[[59, 10.0, 1.0], [58, 13.0, 1.0], [57, 5.0, 1.0], [56, 0.0, 0.6], [55, 0.0, 0.6], [54, 4.0, 0.6], [53, 12.0, 0.3], [52, 7.0, 0.3], [51, 8.0, 0.3]]",26,21-15,Round of 32,0,3
Lake Esperanza|girls,Lake Esperanza,girls,6A,30,37.9,3.3000000000000043,8.0,60,0,59,59 58 57 56 55 54 53 52 51,"[[59, 8.0, 1.0], [58, 0.0, 1.0], [57, 8.0, 1.0], [56, 11.0, 0.6], [55, 7.0, 0.6], [54, 18.0, 0.6], [53, 0.0, 0.3], [52, 0.0, 0.3], [51, 1.0, 0.3]]",31,16-13,Parastate,0,-1
Thurgood Marshall North|girls,Carrollton,girls,6A,31,34.7,6.5,10.0,60,0,59,59 58 57 56 55 54 53 52 51,"[[59, 10.0, 1.0], [58, 2.0, 1.0], [57, 2.0, 1.0], [56, 2.0, 0.6], [55, 3.0, 0.6], [54, 15.0, 0.6], [53, 1.0, 0.3], [52, 16.0, 0.3], [51, 12.0, 0.3]]",39,15-20,Round of 32,0,-8
San Dámaso|girls,San Dámaso,girls,6A,32,33.0,5.699999999999996,11.0,60,0,59,59 58 57 56 55 54 53 52 51,"[[59, 11.0, 1.0], [58, 8.0, 1.0], [57, 8.0, 1.0], [56, 5.0, 0.6], [55, 1.0, 0.6], [54, 1.0, 0.6], [53, 6.0, 0.3], [52, 0.0, 0.3], [51, 0.0, 0.3]]",18,18-10,Round of 32,0,14
Rita Moreno North|girls,Gentilly,girls,6A,33,32.5,-3.3999999999999986,0.0,60,0,59,59 58 57 56 55 54 53 52 51,"[[59, 0.0, 1.0], [58, 8.0, 1.0], [57, 11.0, 1.0], [56, 1.0, 0.6], [55, 0.0, 0.6], [54, 0.0, 0.6], [53, 0.0, 0.3], [52, 4.0, 0.3], [51, 39.0, 0.3]]",63,3-22,Sectionals,0,-30
Winifred Booker North|girls,Carden Pass,girls,6A,34,31.700000000000003,-4.199999999999996,5.0,55,0,59,59 58 57 56 55 54 53 52 51,"[[59, 5.0, 1.0], [58, 5.0, 1.0], [57, 1.0, 1.0], [56, 11.0, 0.6], [55, 1.0, 0.6], [54, 10.0, 0.6], [53, 0.0, 0.3], [52, 0.0, 0.3], [51, 25.0, 0.3]]",21,18-18,Parastate,0,13
Canal View|girls,Springfield,girls,6A,35,31.6,6.300000000000001,9.0,60,0,59,59 58 57 56 55 54 53 52 51,"[[59, 9.0, 1.0], [58, 3.0, 1.0], [57, 10.0, 1.0], [56, 0.0, 0.6], [55, 10.0, 0.6], [54, 1.0, 0.6], [53, 9.0, 0.3], [52, 1.0, 0.3], [51, 0.0, 0.3]]",27,21-14,Round of 32,0,8
Carroway School of Public Service|girls,Liberty Hill,girls,6A,36,31.5,9.0,9.0,60,0,59,59 58 57 56 55 54 53 52 51,"[[59, 9.0, 1.0], [58, 9.0, 1.0], [57, 9.0, 1.0], [56, 0.0, 0.6], [55, 7.0, 0.6], [54, 0.0, 0.6], [53, 0.0, 0.3], [52, 1.0, 0.3], [51, 0.0, 0.3]]",23,19-14,Round of 32,0,13
George Washington Carver|girls,Carver,girls,6A,37,31.1,7.699999999999999,9.0,60,0,59,59 58 57 56 55 54 53 52 51,"[[59, 9.0, 1.0], [58, 9.0, 1.0], [57, 11.0, 1.0], [56, 1.0, 0.6], [55, 0.0, 0.6], [54, 0.0, 0.6], [53, 3.0, 0.3], [52, 2.0, 0.3], [51, 0.0, 0.3]]",24,18-13,Round of 32,0,13
Orchard Gate North|girls,Bois Neuf,girls,6A,38,31.0,8.2,11.0,60,0,59,59 58 57 56 55 54 53 52 51,"[[59, 11.0, 1.0], [58, 9.0, 1.0], [57, 5.0, 1.0], [56, 7.0, 0.6], [55, 1.0, 0.6], [54, 0.0, 0.6], [53, 0.0, 0.3], [52, 1.0, 0.3], [51, 3.0, 0.3]]",22,21-12,Octofinalist,0,16
Javier Cárdenas North|girls,Casa Linda,girls,6A,39,27.8,-10.000000000000004,0.0,60,0,59,59 58 57 56 55 54 53 52 51,"[[59, 0.0, 1.0], [58, 1.0, 1.0], [57, 1.0, 1.0], [56, 10.0, 0.6], [55, 10.0, 0.6], [54, 8.0, 0.6], [53, 11.0, 0.3], [52, 9.0, 0.3], [51, 10.0, 0.3]]",71,2-27,Sectionals,0,-32
Thelma Stokes|girls,Iron Gate,girls,6A,40,26.3,-0.8000000000000007,2.0,60,0,59,59 58 57 56 55 54 53 52 51,"[[59, 2.0, 1.0], [58, 1.0, 1.0], [57, 11.0, 1.0], [56, 1.0, 0.6], [55, 9.0, 0.6], [54, 1.0, 0.6], [53, 8.0, 0.3], [52, 9.0, 0.3], [51, 2.0, 0.3]]",33,15-16,Parastate,0,7
San Cordero Maritime Academy|girls,Mission Butte,girls,6A,41,24.599999999999994,0.7999999999999972,7.0,55,0,59,59 58 57 56 55 54 53 52 51,"[[59, 7.0, 1.0], [58, 1.0, 1.0], [57, 1.0, 1.0], [56, 2.0, 0.6], [55, 9.0, 0.6], [54, 0.0, 0.6], [53, 8.0, 0.3], [52, 13.0, 0.3], [51, 9.0, 0.3]]",36,14-17,Round of 32,0,5
Redfork West|girls,Redfork West,girls,6A,42,24.4,2.200000000000003,10.0,60,0,59,59 58 57 56 55 54 53 52 51,"[[59, 10.0, 1.0], [58, 8.0, 1.0], [57, 1.0, 1.0], [56, 0.0, 0.6], [55, 0.0, 0.6], [54, 0.0, 0.6], [53, 18.0, 0.3], [52, 0.0, 0.3], [51, 0.0, 0.3]]",17,20-13,Round of 32,0,25
Marina Moroz|girls,Cleveland,girls,6A,43,23.7,-9.000000000000004,0.0,60,0,59,59 58 57 56 55 54 53 52 51,"[[59, 0.0, 1.0], [58, 0.0, 1.0], [57, 0.0, 1.0], [56, 9.0, 0.6], [55, 1.0, 0.6], [54, 6.0, 0.6], [53, 10.0, 0.3], [52, 26.0, 0.3], [51, 11.0, 0.3]]",64,2-23,Sectionals,0,-21
Copper Lake East|girls,Bridgewater,girls,6A,44,22.5,-5.800000000000001,3.0,60,0,59,59 58 57 56 55 54 53 52 51,"[[59, 3.0, 1.0], [58, 2.0, 1.0], [57, 4.0, 1.0], [56, 7.0, 0.6], [55, 0.0, 0.6], [54, 0.0, 0.6], [53, 9.0, 0.3], [52, 12.0, 0.3], [51, 10.0, 0.3]]",37,13-16,Parastate,0,7
St. Nicholas College Prep|girls,Natchez Prep,girls,6A,45,22.1,3.1999999999999997,8.0,60,0,59,59 58 57 56 55 54 53 52 51,"[[59, 8.0, 1.0], [58, 5.0, 1.0], [57, 1.0, 1.0], [56, 0.0, 0.6], [55, 0.0, 0.6], [54, 1.0, 0.6], [53, 16.0, 0.3], [52, 9.0, 0.3], [51, 0.0, 0.3]]",28,19-17,Round of 32,0,17
Pauli Booker|girls,Nightfall,girls,6A,46,22.0,-3.8000000000000007,0.0,55,0,59,59 58 57 56 55 54 53 52 51,"[[59, 0.0, 1.0], [58, 2.0, 1.0], [57, 8.0, 1.0], [56, 5.0, 0.6], [55, 4.0, 0.6], [54, 1.0, 0.6], [53, 0.0, 0.3], [52, 10.0, 0.3], [51, 10.0, 0.3]]",48,9-18,Sectionals,0,-2
St. Elias School|girls,Tidewater,girls,6A,47,20.899999999999995,2.799999999999997,4.0,60,0,59,59 58 57 56 55 54 53 52 51,"[[59, 4.0, 1.0], [58, 0.0, 1.0], [57, 1.0, 1.0], [56, 0.0, 0.6], [55, 9.0, 0.6], [54, 9.0, 0.6], [53, 4.0, 0.3], [52, 9.0, 0.3], [51, 4.0, 0.3]]",46,12-19,Specials,0,1
Eastgate North|girls,Eastgate North,girls,6A,48,20.8,-2.400000000000002,1.0,60,0,59,59 58 57 56 55 54 53 52 51,"[[59, 1.0, 1.0], [58, 0.0, 1.0], [57, 0.0, 1.0], [56, 1.0, 0.6], [55, 3.0, 0.6], [54, 24.0, 0.6], [53, 10.0, 0.3], [52, 0.0, 0.3], [51, 0.0, 0.3]]",43,9-18,Semi-Conference,0,5
Gulch Bend|girls,West El Paso,girls,6A,49,19.2,-9.3,0.0,60,0,59,59 58 57 56 55 54 53 52 51,"[[59, 0.0, 1.0], [58, 0.0, 1.0], [57, 0.0, 1.0], [56, 12.0, 0.6], [55, 11.0, 0.6], [54, 2.0, 0.6], [53, 4.0, 0.3], [52, 0.0, 0.3], [51, 10.0, 0.3]]",61,6-21,Sectionals,0,-12
Nadia Sidorov|girls,Ride,girls,6A,50,18.6,-6.199999999999999,0.0,20,0,59,59 58 57 56 55 54 53 52 51,"[[59, 0.0, 1.0], [58, 12.0, 1.0], [57, 0.0, 1.0], [56, 5.0, 0.6], [55, 0.0, 0.6], [54, 0.0, 0.6], [53, 4.0, 0.3], [52, 0.0, 0.3], [51, 8.0, 0.3]]",51,7-17,Sectionals,0,-1
Navrang|girls,Navrang,girls,6A,51,16.8,-0.6000000000000014,0.0,60,0,59,59 58 57 56 55 54 53 52 51,"[[59, 0.0, 1.0], [58, 0.0, 1.0], [57, 0.0, 1.0], [56, 0.0, 0.6], [55, 10.0, 0.6], [54, 8.0, 0.6], [53, 1.0, 0.3], [52, 9.0, 0.3], [51, 10.0, 0.3]]",57,5-21,Sectionals,0,-6
Llerena|girls,Llerena,girls,6A,52,15.099999999999998,-8.500000000000004,1.0,60,0,59,59 58 57 56 55 54 53 52 51,"[[59, 1.0, 1.0], [58, 0.0, 1.0], [57, 0.0, 1.0], [56, 2.0, 0.6], [55, 0.0, 0.6], [54, 0.0, 0.6], [53, 29.0, 0.3], [52, 2.0, 0.3], [51, 12.0, 0.3]]",44,13-17,Specials,0,8
San Cordero East|girls,Cordero Junction,girls,6A,53,14.8,-10.500000000000002,1.0,60,0,59,59 58 57 56 55 54 53 52 51,"[[59, 1.0, 1.0], [58, 0.0, 1.0], [57, 0.0, 1.0], [56, 1.0, 0.6], [55, 0.0, 0.6], [54, 3.0, 0.6], [53, 11.0, 0.3], [52, 17.0, 0.3], [51, 10.0, 0.3]]",42,10-19,Semi-Conference,0,11
Katherine Whitaker|girls,Brookside,girls,6A,54,14.1,-12.6,0.0,60,0,59,59 58 57 56 55 54 53 52 51,"[[59, 0.0, 1.0], [58, 0.0, 1.0], [57, 0.0, 1.0], [56, 0.0, 0.6], [55, 0.0, 0.6], [54, 5.0, 0.6], [53, 25.0, 0.3], [52, 1.0, 0.3], [51, 11.0, 0.3]]",62,5-19,Sectionals,0,-8
Petra Bianchi|girls,Perryville,girls,6A,55,13.5,-5.400000000000002,0.0,60,0,59,59 58 57 56 55 54 53 52 51,"[[59, 0.0, 1.0], [58, 0.0, 1.0], [57, 0.0, 1.0], [56, 0.0, 0.6], [55, 10.0, 0.6], [54, 0.0, 0.6], [53, 8.0, 0.3], [52, 6.0, 0.3], [51, 11.0, 0.3]]",67,2-26,Sectionals,0,-12
Madrigal Maritime Academy|girls,Maritime,girls,6A,56,12.999999999999998,-5.000000000000002,1.0,60,0,59,59 58 57 56 55 54 53 52 51,"[[59, 1.0, 1.0], [58, 0.0, 1.0], [57, 0.0, 1.0], [56, 0.0, 0.6], [55, 0.0, 0.6], [54, 9.0, 0.6], [53, 8.0, 0.3], [52, 6.0, 0.3], [51, 8.0, 0.3]]",55,7-19,Wards,0,1
Puerto Gallego|girls,Puerto Gallego,girls,6A,57,12.3,-2.799999999999999,0.0,60,0,59,59 58 57 56 55 54 53 52 51,"[[59, 0.0, 1.0], [58, 0.0, 1.0], [57, 0.0, 1.0], [56, 4.0, 0.6], [55, 4.0, 0.6], [54, 12.0, 0.6], [53, 1.0, 0.3], [52, 0.0, 0.3], [51, 0.0, 0.3]]",72,0-25,Sectionals,0,-15
San Telmo|girls,San Telmo,girls,6A,58,12.3,-4.800000000000001,0.0,60,0,59,59 58 57 56 55 54 53 52 51,"[[59, 0.0, 1.0], [58, 0.0, 1.0], [57, 0.0, 1.0], [56, 0.0, 0.6], [55, 0.0, 0.6], [54, 2.0, 0.6], [53, 6.0, 0.3], [52, 6.0, 0.3], [51, 25.0, 0.3]]",40,10-17,Challengers,0,18
Antelope Butte|girls,Antelope Butte,girls,6A,59,11.1,-0.9000000000000004,4.0,60,0,59,59 58 57 56 55 54 53 52 51,"[[59, 4.0, 1.0], [58, 3.0, 1.0], [57, 2.0, 1.0], [56, 1.0, 0.6], [55, 0.0, 0.6], [54, 0.0, 0.6], [53, 5.0, 0.3], [52, 0.0, 0.3], [51, 0.0, 0.3]]",35,15-13,Parastate,0,24
Ralph Booker|girls,Obama,girls,6A,60,10.3,-11.7,3.0,60,0,59,59 58 57 56 55 54 53 52 51,"[[59, 3.0, 1.0], [58, 1.0, 1.0], [57, 0.0, 1.0], [56, 0.0, 0.6], [55, 0.0, 0.6], [54, 0.0, 0.6], [53, 10.0, 0.3], [52, 3.0, 0.3], [51, 8.0, 0.3]]",38,15-18,Parastate,0,22
Moriarty|girls,Moriarty,girls,6A,61,9.6,-2.1,0.0,60,0,59,59 58 57 56 55 54 53 52 51,"[[59, 0.0, 1.0], [58, 0.0, 1.0], [57, 0.0, 1.0], [56, 0.0, 0.6], [55, 1.0, 0.6], [54, 3.0, 0.6], [53, 5.0, 0.3], [52, 9.0, 0.3], [51, 10.0, 0.3]]",60,6-17,Sectionals,0,1
Mikhail Sidorov|girls,Cap Rouge,girls,6A,62,9.500000000000002,-4.5,0.0,60,0,59,59 58 57 56 55 54 53 52 51,"[[59, 0.0, 1.0], [58, 1.0, 1.0], [57, 1.0, 1.0], [56, 3.0, 0.6], [55, 2.0, 0.6], [54, 0.0, 0.6], [53, 11.0, 0.3], [52, 3.0, 0.3], [51, 1.0, 0.3]]",70,2-24,Sectionals,0,-8
Kernwood County|girls,Kernwood County,girls,6A,63,7.3,6.7,7.0,60,0,59,59 58 57 56 55 54 53 52 51,"[[59, 7.0, 1.0], [58, 0.0, 1.0], [57, 0.0, 1.0], [56, 0.0, 0.6], [55, 0.0, 0.6], [54, 0.0, 0.6], [53, 1.0, 0.3], [52, 0.0, 0.3], [51, 0.0, 0.3]]",30,22-15,Parastate,0,33
Heron Slough|girls,Heron Slough,girls,6A,64,5.9,-2.6999999999999997,0.0,60,0,59,59 58 57 56 55 54 53 52 51,"[[59, 0.0, 1.0], [58, 1.0, 1.0], [57, 4.0, 1.0], [56, 0.0, 0.6], [55, 0.0, 0.6], [54, 0.0, 0.6], [53, 0.0, 0.3], [52, 0.0, 0.3], [51, 3.0, 0.3]]",59,6-17,Sectionals,0,5
Belyakov River Plain North|girls,Lycee Valmont,girls,6A,65,5.699999999999999,-1.6000000000000003,0.0,60,0,59,59 58 57 56 55 54 53 52 51,"[[59, 0.0, 1.0], [58, 0.0, 1.0], [57, 0.0, 1.0], [56, 4.0, 0.6], [55, 0.0, 0.6], [54, 4.0, 0.6], [53, 0.0, 0.3], [52, 1.0, 0.3], [51, 2.0, 0.3]]",53,7-18,Sectionals,0,12
Calder|girls,Calder,girls,6A,66,5.4,-0.9000000000000004,0.0,60,0,59,59 58 57 56 55 54 53 52 51,"[[59, 0.0, 1.0], [58, 3.0, 1.0], [57, 0.0, 1.0], [56, 0.0, 0.6], [55, 0.0, 0.6], [54, 0.0, 0.6], [53, 0.0, 0.3], [52, 8.0, 0.3], [51, 0.0, 0.3]]",66,0-25,Sectionals,0,0
Viktor Antonov|girls,Verrettes,girls,6A,67,4.9,-2.1,1.0,60,0,59,59 58 57 56 55 54 53 52 51,"[[59, 1.0, 1.0], [58, 0.0, 1.0], [57, 0.0, 1.0], [56, 1.0, 0.6], [55, 0.0, 0.6], [54, 0.0, 0.6], [53, 1.0, 0.3], [52, 10.0, 0.3], [51, 0.0, 0.3]]",50,12-20,Semi-Conference,0,17
St. Vincent School|girls,St. Vincent,girls,6A,68,1.7999999999999998,0.0,0.0,60,0,59,59 58 57 56 55 54 53 52 51,"[[59, 0.0, 1.0], [58, 0.0, 1.0], [57, 0.0, 1.0], [56, 0.0, 0.6], [55, 2.0, 0.6], [54, 0.0, 0.6], [53, 0.0, 0.3], [52, 0.0, 0.3], [51, 2.0, 0.3]]",68,1-28,Sectionals,0,0
Archbishop Doyle Prep|girls,Doyle,girls,6A,69,0.6,0.0,0.0,60,0,59,59 58 57 56 55 54 53 52 51,"[[59, 0.0, 1.0], [58, 0.0, 1.0], [57, 0.0, 1.0], [56, 0.0, 0.6], [55, 1.0, 0.6], [54, 0.0, 0.6], [53, 0.0, 0.3], [52, 0.0, 0.3], [51, 0.0, 0.3]]",65,3-26,Sectionals,0,4
Fort Meriwether Foundry High|girls,Ironworks,girls,6A,70,0.6,-1.7999999999999998,0.0,55,0,59,59 58 57 56 55 54 53 52 51,"[[59, 0.0, 1.0], [58, 0.0, 1.0], [57, 0.0, 1.0], [56, 0.0, 0.6], [55, 0.0, 0.6], [54, 0.0, 0.6], [53, 0.0, 0.3], [52, 1.0, 0.3], [51, 1.0, 0.3]]",56,7-20,Sectionals,0,14
Fort Salish Independent School|girls,Bayside Christian,girls,6A,71,0.3,-3.3,0.0,55,0,59,59 58 57 56 55 54 53 52 51,"[[59, 0.0, 1.0], [58, 0.0, 1.0], [57, 0.0, 1.0], [56, 0.0, 0.6], [55, 0.0, 0.6], [54, 0.0, 0.6], [53, 0.0, 0.3], [52, 0.0, 0.3], [51, 1.0, 0.3]]",54,7-23,Sectionals,0,17
Belmonte|girls,Belmonte,girls,6A,72,0.0,-5.4,0.0,60,0,59,59 58 57 56 55 54 53 52 51,"[[59, 0.0, 1.0], [58, 0.0, 1.0], [57, 0.0, 1.0], [56, 0.0, 0.6], [55, 0.0, 0.6], [54, 0.0, 0.6], [53, 0.0, 0.3], [52, 0.0, 0.3], [51, 0.0, 0.3]]",58,7-21,Sectionals,0,14
Baptist HS|girls,Baptist,girls,7A,1,156.10000000000002,15.0,39.0,60,0,59,59 58 57 56 55 54 53 52 51,"[[59, 39.0, 1.0], [58, 27.0, 1.0], [57, 10.0, 1.0], [56, 39.0, 0.6], [55, 39.0, 0.6], [54, 39.0, 0.6], [53, 17.0, 0.3], [52, 8.0, 0.3], [51, 8.0, 0.3]]",2,30-1,Champion,1,-1
Jefferson School of Science and Technology North|girls,Evans Larsen Day,girls,7A,2,130.3,-2.6999999999999886,27.0,60,0,59,59 58 57 56 55 54 53 52 51,"[[59, 27.0, 1.0], [58, 9.0, 1.0], [57, 25.0, 1.0], [56, 27.0, 0.6], [55, 27.0, 0.6], [54, 9.0, 0.6], [53, 39.0, 0.3], [52, 39.0, 0.3], [51, 27.0, 0.3]]",1,32-2,Finalist,0,1
Arrieta Treasure Valley|girls,Canyonlands,girls,7A,3,116.70000000000002,-15.400000000000006,0.0,60,0,59,59 58 57 56 55 54 53 52 51,"[[59, 0.0, 1.0], [58, 39.0, 1.0], [57, 39.0, 1.0], [56, 25.0, 0.6], [55, 24.0, 0.6], [54, 9.0, 0.6], [53, 8.0, 0.3], [52, 4.0, 0.3], [51, 1.0, 0.3]]",57,4-20,Sectionals,0,-54
Condotti Vanguard Academy|girls,Condotti Vanguard Academy,girls,7A,4,102.5,4.200000000000003,24.0,60,0,59,59 58 57 56 55 54 53 52 51,"[[59, 24.0, 1.0], [58, 16.0, 1.0], [57, 16.0, 1.0], [56, 24.0, 0.6], [55, 10.0, 0.6], [54, 8.0, 0.6], [53, 17.0, 0.3], [52, 16.0, 0.3], [51, 38.0, 0.3]]",5,34-5,Semifinalist,0,-1
Port Veles Civic Academy|girls,Henson Prep,girls,7A,5,86.39999999999999,-7.200000000000003,10.0,60,0,59,59 58 57 56 55 54 53 52 51,"[[59, 10.0, 1.0], [58, 8.0, 1.0], [57, 27.0, 1.0], [56, 16.0, 0.6], [55, 8.0, 0.6], [54, 11.0, 0.6], [53, 26.0, 0.3], [52, 25.0, 0.3], [51, 17.0, 0.3]]",14,23-6,Octofinalist,0,-9
Romero-Finniski|girls,Romero-Finniski,girls,7A,6,76.5,10.700000000000005,25.0,60,0,59,59 58 57 56 55 54 53 52 51,"[[59, 25.0, 1.0], [58, 16.0, 1.0], [57, 10.0, 1.0], [56, 17.0, 0.6], [55, 8.0, 0.6], [54, 1.0, 0.6], [53, 15.0, 0.3], [52, 10.0, 0.3], [51, 8.0, 0.3]]",4,35-2,Semifinalist,0,2
Brookmont|girls,Brookmont,girls,7A,7,72.5,9.400000000000006,16.0,60,0,59,59 58 57 56 55 54 53 52 51,"[[59, 16.0, 1.0], [58, 10.0, 1.0], [57, 24.0, 1.0], [56, 6.0, 0.6], [55, 16.0, 0.6], [54, 8.0, 0.6], [53, 11.0, 0.3], [52, 1.0, 0.3], [51, 3.0, 0.3]]",7,26-3,Quarterfinalist,0,0
Edith Hart|girls,Bellarmine Prep,girls,7A,8,70.89999999999999,3.299999999999997,10.0,60,0,59,59 58 57 56 55 54 53 52 51,"[[59, 10.0, 1.0], [58, 10.0, 1.0], [57, 17.0, 1.0], [56, 10.0, 0.6], [55, 10.0, 0.6], [54, 26.0, 0.6], [53, 8.0, 0.3], [52, 6.0, 0.3], [51, 7.0, 0.3]]",6,20-4,Octofinalist,0,2
Nathaniel Cross|girls,Veles Harbor,girls,7A,9,69.7,13.200000000000005,17.0,60,0,59,59 58 57 56 55 54 53 52 51,"[[59, 17.0, 1.0], [58, 25.0, 1.0], [57, 10.0, 1.0], [56, 8.0, 0.6], [55, 17.0, 0.6], [54, 4.0, 0.6], [53, 1.0, 0.3], [52, 0.0, 0.3], [51, 0.0, 0.3]]",3,30-2,Quarterfinalist,0,6
Cherry Hill East|girls,Cherry Hill East,girls,7A,10,68.8,4.200000000000003,16.0,59,0,59,59 58 57 56 55 54 53 52 51,"[[59, 16.0, 1.0], [58, 10.0, 1.0], [57, 8.0, 1.0], [56, 16.0, 0.6], [55, 10.0, 0.6], [54, 14.0, 0.6], [53, 8.0, 0.3], [52, 4.0, 0.3], [51, 24.0, 0.3]]",11,23-6,Quarterfinalist,0,-1
José Martí|girls,Trois Ilets,girls,7A,11,66.2,-10.5,0.0,60,0,59,59 58 57 56 55 54 53 52 51,"[[59, 0.0, 1.0], [58, 25.0, 1.0], [57, 16.0, 1.0], [56, 12.0, 0.6], [55, 11.0, 0.6], [54, 10.0, 0.6], [53, 10.0, 0.3], [52, 0.0, 0.3], [51, 8.0, 0.3]]",42,7-17,Sectionals,0,-31
Thelma Moss North|girls,Serenity Valley,girls,7A,12,65.3,1.7999999999999972,9.0,55,0,59,59 58 57 56 55 54 53 52 51,"[[59, 9.0, 1.0], [58, 10.0, 1.0], [57, 10.0, 1.0], [56, 9.0, 0.6], [55, 10.0, 0.6], [54, 25.0, 0.6], [53, 11.0, 0.3], [52, 10.0, 0.3], [51, 12.0, 0.3]]",18,21-10,Round of 32,0,-6
San Telmo Agricultural Sciences Academy|girls,Orchard Union,girls,7A,13,56.8,1.1999999999999955,10.0,55,0,59,59 58 57 56 55 54 53 52 51,"[[59, 10.0, 1.0], [58, 10.0, 1.0], [57, 11.0, 1.0], [56, 16.0, 0.6], [55, 17.0, 0.6], [54, 8.0, 0.6], [53, 4.0, 0.3], [52, 0.0, 0.3], [51, 0.0, 0.3]]",12,25-4,Octofinalist,0,1
Santa Cruz del Norte|girls,Santa Cruz del Norte,girls,7A,14,55.3,0.6000000000000014,10.0,60,0,59,59 58 57 56 55 54 53 52 51,"[[59, 10.0, 1.0], [58, 10.0, 1.0], [57, 8.0, 1.0], [56, 10.0, 0.6], [55, 16.0, 0.6], [54, 9.0, 0.6], [53, 10.0, 0.3], [52, 2.0, 0.3], [51, 9.0, 0.3]]",16,26-6,Octofinalist,0,-2
San Borondón Civic Academy|girls,Rumsfeld Hill,girls,7A,15,55.0,0.9000000000000057,11.0,60,0,59,59 58 57 56 55 54 53 52 51,"[[59, 11.0, 1.0], [58, 12.0, 1.0], [57, 11.0, 1.0], [56, 8.0, 0.6], [55, 11.0, 0.6], [54, 0.0, 0.6], [53, 8.0, 0.3], [52, 24.0, 0.3], [51, 0.0, 0.3]]",29,20-14,Round of 32,0,-14
Daniel Gaines|girls,Vicksburg,girls,7A,16,52.7,5.700000000000003,9.0,60,0,59,59 58 57 56 55 54 53 52 51,"[[59, 9.0, 1.0], [58, 16.0, 1.0], [57, 10.0, 1.0], [56, 6.0, 0.6], [55, 6.0, 0.6], [54, 11.0, 0.6], [53, 3.0, 0.3], [52, 9.0, 0.3], [51, 1.0, 0.3]]",21,21-9,Round of 32,0,-5
Greta Adler|girls,Topanga,girls,7A,17,52.50000000000001,2.1000000000000014,10.0,60,0,59,59 58 57 56 55 54 53 52 51,"[[59, 10.0, 1.0], [58, 11.0, 1.0], [57, 9.0, 1.0], [56, 7.0, 0.6], [55, 10.0, 0.6], [54, 12.0, 0.6], [53, 10.0, 0.3], [52, 0.0, 0.3], [51, 7.0, 0.3]]",15,24-10,Octofinalist,0,2
Amalia Escobedo|girls,Petoskey Rock,girls,7A,18,52.1,3.6000000000000085,11.0,60,0,59,59 58 57 56 55 54 53 52 51,"[[59, 11.0, 1.0], [58, 9.0, 1.0], [57, 9.0, 1.0], [56, 11.0, 0.6], [55, 9.0, 0.6], [54, 10.0, 0.6], [53, 9.0, 0.3], [52, 8.0, 0.3], [51, 0.0, 0.3]]",20,19-10,Octofinalist,0,-2
Amos Moss|girls,Robledo,girls,7A,19,51.2,2.0999999999999943,9.0,60,0,59,59 58 57 56 55 54 53 52 51,"[[59, 9.0, 1.0], [58, 10.0, 1.0], [57, 16.0, 1.0], [56, 9.0, 0.6], [55, 10.0, 0.6], [54, 0.0, 0.6], [53, 11.0, 0.3], [52, 4.0, 0.3], [51, 1.0, 0.3]]",25,19-9,Round of 32,0,-6
Adela Villaseñor|girls,Cape Jean,girls,7A,20,50.7,6.899999999999999,12.0,60,0,59,59 58 57 56 55 54 53 52 51,"[[59, 12.0, 1.0], [58, 11.0, 1.0], [57, 4.0, 1.0], [56, 6.0, 0.6], [55, 7.0, 0.6], [54, 8.0, 0.6], [53, 0.0, 0.3], [52, 27.0, 0.3], [51, 10.0, 0.3]]",34,20-14,Round of 32,0,-14
Selbyville|girls,Selbyville,girls,7A,21,47.5,3.899999999999999,9.0,60,0,59,59 58 57 56 55 54 53 52 51,"[[59, 9.0, 1.0], [58, 9.0, 1.0], [57, 4.0, 1.0], [56, 3.0, 0.6], [55, 10.0, 0.6], [54, 17.0, 0.6], [53, 4.0, 0.3], [52, 10.0, 0.3], [51, 11.0, 0.3]]",19,22-9,Round of 32,0,2
Starlight|girls,Starlight,girls,7A,22,45.6,5.799999999999997,9.0,60,0,59,59 58 57 56 55 54 53 52 51,"[[59, 9.0, 1.0], [58, 17.0, 1.0], [57, 10.0, 1.0], [56, 8.0, 0.6], [55, 8.0, 0.6], [54, 0.0, 0.6], [53, 0.0, 0.3], [52, 0.0, 0.3], [51, 0.0, 0.3]]",22,22-12,Round of 32,0,0
Nathaniel Ward|girls,Juniper Agricultural,girls,7A,23,44.8,-15.599999999999994,0.0,60,0,59,59 58 57 56 55 54 53 52 51,"[[59, 0.0, 1.0], [58, 10.0, 1.0], [57, 9.0, 1.0], [56, 15.0, 0.6], [55, 10.0, 0.6], [54, 5.0, 0.6], [53, 8.0, 0.3], [52, 10.0, 0.3], [51, 8.0, 0.3]]",69,2-26,Sectionals,0,-46
Lorraine Calder|girls,Morne Rouge,girls,7A,24,44.6,3.700000000000003,10.0,60,0,59,59 58 57 56 55 54 53 52 51,"[[59, 10.0, 1.0], [58, 3.0, 1.0], [57, 1.0, 1.0], [56, 12.0, 0.6], [55, 14.0, 0.6], [54, 17.0, 0.6], [53, 5.0, 0.3], [52, 0.0, 0.3], [51, 11.0, 0.3]]",13,22-9,Octofinalist,0,11
Port Veles East|girls,Clinton,girls,7A,25,42.3,3.499999999999993,9.0,60,0,59,59 58 57 56 55 54 53 52 51,"[[59, 9.0, 1.0], [58, 9.0, 1.0], [57, 12.0, 1.0], [56, 4.0, 0.6], [55, 8.0, 0.6], [54, 0.0, 0.6], [53, 4.0, 0.3], [52, 1.0, 0.3], [51, 12.0, 0.3]]",17,19-12,Round of 32,0,8
Crown Hill|girls,Crown Hill,girls,7A,26,41.7,-9.1,0.0,60,0,59,59 58 57 56 55 54 53 52 51,"[[59, 0.0, 1.0], [58, 0.0, 1.0], [57, 0.0, 1.0], [56, 7.0, 0.6], [55, 25.0, 0.6], [54, 25.0, 0.6], [53, 16.0, 0.3], [52, 7.0, 0.3], [51, 2.0, 0.3]]",66,4-22,Sectionals,0,-40
Gwendolyn Brooks North|girls,Lakewood,girls,7A,27,39.2,-5.799999999999997,3.0,60,0,59,59 58 57 56 55 54 53 52 51,"[[59, 3.0, 1.0], [58, 1.0, 1.0], [57, 10.0, 1.0], [56, 10.0, 0.6], [55, 9.0, 0.6], [54, 12.0, 0.6], [53, 9.0, 0.3], [52, 9.0, 0.3], [51, 4.0, 0.3]]",38,15-19,Parastate,0,-11
Halbrook Union|girls,Deaconsburg,girls,7A,28,39.2,14.800000000000004,16.0,25,0,59,59 58 57 56 55 54 53 52 51,"[[59, 16.0, 1.0], [58, 11.0, 1.0], [57, 11.0, 1.0], [56, 0.0, 0.6], [55, 0.0, 0.6], [54, 0.0, 0.6], [53, 4.0, 0.3], [52, 0.0, 0.3], [51, 0.0, 0.3]]",8,24-4,Quarterfinalist,0,20
Matteo Dahl|girls,Bywater,girls,7A,29,38.7,6.0,11.0,60,0,59,59 58 57 56 55 54 53 52 51,"[[59, 11.0, 1.0], [58, 10.0, 1.0], [57, 9.0, 1.0], [56, 8.0, 0.6], [55, 2.0, 0.6], [54, 2.0, 0.6], [53, 3.0, 0.3], [52, 2.0, 0.3], [51, 0.0, 0.3]]",26,22-16,Round of 32,0,3
St. Helena College Prep|girls,Swiss Hills Prep,girls,7A,30,38.4,-8.700000000000003,1.0,60,0,59,59 58 57 56 55 54 53 52 51,"[[59, 1.0, 1.0], [58, 3.0, 1.0], [57, 5.0, 1.0], [56, 10.0, 0.6], [55, 10.0, 0.6], [54, 8.0, 0.6], [53, 9.0, 0.3], [52, 17.0, 0.3], [51, 16.0, 0.3]]",41,12-19,Challengers,0,-11
Thomas Jansen|girls,Lone Pine,girls,7A,31,38.39999999999999,6.099999999999994,10.0,60,0,59,59 58 57 56 55 54 53 52 51,"[[59, 10.0, 1.0], [58, 5.0, 1.0], [57, 9.0, 1.0], [56, 9.0, 0.6], [55, 11.0, 0.6], [54, 3.0, 0.6], [53, 1.0, 0.3], [52, 0.0, 0.3], [51, 1.0, 0.3]]",10,22-9,Octofinalist,0,21
Igor Chernov North|girls,Fillmore,girls,7A,32,37.1,10.999999999999991,11.0,60,0,59,59 58 57 56 55 54 53 52 51,"[[59, 11.0, 1.0], [58, 3.0, 1.0], [57, 12.0, 1.0], [56, 0.0, 0.6], [55, 4.0, 0.6], [54, 8.0, 0.6], [53, 0.0, 0.3], [52, 1.0, 0.3], [51, 12.0, 0.3]]",27,21-17,Round of 32,0,5
Orchard Gate|girls,Bellefontaine,girls,7A,33,35.1,-4.200000000000003,6.0,60,0,59,59 58 57 56 55 54 53 52 51,"[[59, 6.0, 1.0], [58, 2.0, 1.0], [57, 10.0, 1.0], [56, 12.0, 0.6], [55, 1.0, 0.6], [54, 1.0, 0.6], [53, 9.0, 0.3], [52, 12.0, 0.3], [51, 8.0, 0.3]]",36,12-16,Parastate,0,-3
Zoya Orlov|girls,Sacred Heart,girls,7A,34,35.1,4.099999999999998,9.0,30,0,59,59 58 57 56 55 54 53 52 51,"[[59, 9.0, 1.0], [58, 9.0, 1.0], [57, 9.0, 1.0], [56, 7.0, 0.6], [55, 0.0, 0.6], [54, 1.0, 0.6], [53, 0.0, 0.3], [52, 11.0, 0.3], [51, 0.0, 0.3]]",23,21-13,Round of 32,0,11
Lake Esperanza South|girls,Malheur Flat,girls,7A,35,34.6,4.900000000000002,10.0,60,0,59,59 58 57 56 55 54 53 52 51,"[[59, 10.0, 1.0], [58, 12.0, 1.0], [57, 9.0, 1.0], [56, 3.0, 0.6], [55, 1.0, 0.6], [54, 0.0, 0.6], [53, 4.0, 0.3], [52, 0.0, 0.3], [51, 0.0, 0.3]]",28,20-14,Round of 32,0,7
Bahía Leal|girls,Bahía Leal,girls,7A,36,32.1,-17.300000000000004,0.0,60,0,59,59 58 57 56 55 54 53 52 51,"[[59, 0.0, 1.0], [58, 0.0, 1.0], [57, 0.0, 1.0], [56, 8.0, 0.6], [55, 8.0, 0.6], [54, 20.0, 0.6], [53, 8.0, 0.3], [52, 10.0, 0.3], [51, 17.0, 0.3]]",55,8-19,Sectionals,0,-19
Ruby Stokes|girls,Klamath,girls,7A,37,29.1,2.0,8.0,60,0,59,59 58 57 56 55 54 53 52 51,"[[59, 8.0, 1.0], [58, 1.0, 1.0], [57, 0.0, 1.0], [56, 0.0, 0.6], [55, 7.0, 0.6], [54, 8.0, 0.6], [53, 10.0, 0.3], [52, 10.0, 0.3], [51, 17.0, 0.3]]",44,14-18,Parastate,0,-7
Mission Terrace|girls,Mission Terrace,girls,7A,38,28.7,3.099999999999998,10.0,60,0,59,59 58 57 56 55 54 53 52 51,"[[59, 10.0, 1.0], [58, 3.0, 1.0], [57, 1.0, 1.0], [56, 9.0, 0.6], [55, 0.0, 0.6], [54, 3.0, 0.6], [53, 0.0, 0.3], [52, 1.0, 0.3], [51, 24.0, 0.3]]",40,16-18,Round of 32,0,-2
Nikolai Markov|girls,Christian Brothers,girls,7A,39,28.0,5.899999999999999,8.0,60,0,59,59 58 57 56 55 54 53 52 51,"[[59, 8.0, 1.0], [58, 9.0, 1.0], [57, 2.0, 1.0], [56, 3.0, 0.6], [55, 9.0, 0.6], [54, 1.0, 0.6], [53, 3.0, 0.3], [52, 0.0, 0.3], [51, 1.0, 0.3]]",9,23-8,Round of 32,0,30
Breakwater North|girls,Lighthouse,girls,7A,40,25.9,-5.799999999999997,0.0,60,0,59,59 58 57 56 55 54 53 52 51,"[[59, 0.0, 1.0], [58, 1.0, 1.0], [57, 6.0, 1.0], [56, 7.0, 0.6], [55, 8.0, 0.6], [54, 16.0, 0.6], [53, 0.0, 0.3], [52, 1.0, 0.3], [51, 0.0, 0.3]]",54,8-22,Sectionals,0,-14
Winifred Stokes|girls,Mesa Co-op,girls,7A,41,25.2,-0.1999999999999993,3.0,60,0,59,59 58 57 56 55 54 53 52 51,"[[59, 3.0, 1.0], [58, 1.0, 1.0], [57, 11.0, 1.0], [56, 2.0, 0.6], [55, 1.0, 0.6], [54, 11.0, 0.6], [53, 6.0, 0.3], [52, 0.0, 0.3], [51, 0.0, 0.3]]",39,11-17,Parastate,0,2
Ansotegui Siding Commonwealth|girls,Pinebluffs,girls,7A,42,23.6,-2.1000000000000014,3.0,55,0,59,59 58 57 56 55 54 53 52 51,"[[59, 3.0, 1.0], [58, 7.0, 1.0], [57, 1.0, 1.0], [56, 0.0, 0.6], [55, 5.0, 0.6], [54, 11.0, 0.6], [53, 10.0, 0.3], [52, 0.0, 0.3], [51, 0.0, 0.3]]",37,14-15,Specials,0,5
Belmonte Classical Academy|girls,J. Madison,girls,7A,43,23.4,0.3000000000000007,1.0,60,0,59,59 58 57 56 55 54 53 52 51,"[[59, 1.0, 1.0], [58, 11.0, 1.0], [57, 9.0, 1.0], [56, 1.0, 0.6], [55, 3.0, 0.6], [54, 0.0, 0.6], [53, 0.0, 0.3], [52, 0.0, 0.3], [51, 0.0, 0.3]]",33,16-17,Parastate,0,10
Copper Lake West|girls,Azurite,girls,7A,44,23.1,-7.900000000000002,0.0,60,0,59,59 58 57 56 55 54 53 52 51,"[[59, 0.0, 1.0], [58, 0.0, 1.0], [57, 0.0, 1.0], [56, 1.0, 0.6], [55, 8.0, 0.6], [54, 12.0, 0.6], [53, 9.0, 0.3], [52, 16.0, 0.3], [51, 10.0, 0.3]]",58,7-22,Sectionals,0,-14
Parkside|girls,Parkside,girls,7A,45,22.4,3.099999999999998,5.0,60,0,59,59 58 57 56 55 54 53 52 51,"[[59, 5.0, 1.0], [58, 9.0, 1.0], [57, 0.0, 1.0], [56, 1.0, 0.6], [55, 3.0, 0.6], [54, 1.0, 0.6], [53, 5.0, 0.3], [52, 8.0, 0.3], [51, 5.0, 0.3]]",24,20-15,Round of 32,0,21
Indigo Rim|girls,Indigo Rim,girls,7A,46,22.1,3.3999999999999986,11.0,60,0,59,59 58 57 56 55 54 53 52 51,"[[59, 11.0, 1.0], [58, 0.0, 1.0], [57, 0.0, 1.0], [56, 7.0, 0.6], [55, 1.0, 0.6], [54, 0.0, 0.6], [53, 0.0, 0.3], [52, 13.0, 0.3], [51, 8.0, 0.3]]",31,15-12,Round of 32,0,15
Port Meridian South|girls,Port Meridian South,girls,7A,47,18.6,-14.600000000000003,0.0,60,0,59,59 58 57 56 55 54 53 52 51,"[[59, 0.0, 1.0], [58, 0.0, 1.0], [57, 0.0, 1.0], [56, 11.0, 0.6], [55, 1.0, 0.6], [54, 10.0, 0.6], [53, 7.0, 0.3], [52, 0.0, 0.3], [51, 11.0, 0.3]]",70,1-26,Sectionals,0,-23
Copper Lake|girls,Copper Lake,girls,7A,48,17.9,1.2999999999999972,2.0,60,0,59,59 58 57 56 55 54 53 52 51,"[[59, 2.0, 1.0], [58, 3.0, 1.0], [57, 3.0, 1.0], [56, 1.0, 0.6], [55, 1.0, 0.6], [54, 12.0, 0.6], [53, 0.0, 0.3], [52, 3.0, 0.3], [51, 2.0, 0.3]]",35,18-18,Parastate,0,13
Vernon Moss North|girls,Harmony,girls,7A,49,16.6,7.699999999999999,8.0,30,0,59,59 58 57 56 55 54 53 52 51,"[[59, 8.0, 1.0], [58, 4.0, 1.0], [57, 1.0, 1.0], [56, 0.0, 0.6], [55, 0.0, 0.6], [54, 0.0, 0.6], [53, 0.0, 0.3], [52, 11.0, 0.3], [51, 1.0, 0.3]]",32,17-15,Parastate,0,17
Marina Moroz North|girls,B. Harrison,girls,7A,50,14.3,-5.1999999999999975,2.0,60,0,59,59 58 57 56 55 54 53 52 51,"[[59, 2.0, 1.0], [58, 0.0, 1.0], [57, 0.0, 1.0], [56, 0.0, 0.6], [55, 0.0, 0.6], [54, 0.0, 0.6], [53, 24.0, 0.3], [52, 8.0, 0.3], [51, 9.0, 0.3]]",30,15-17,Parastate,0,20
Ashbury East|girls,Alameda,girls,7A,51,14.2,-2.1000000000000014,1.0,60,0,59,59 58 57 56 55 54 53 52 51,"[[59, 1.0, 1.0], [58, 6.0, 1.0], [57, 3.0, 1.0], [56, 4.0, 0.6], [55, 0.0, 0.6], [54, 3.0, 0.6], [53, 0.0, 0.3], [52, 0.0, 0.3], [51, 0.0, 0.3]]",49,10-20,Semi-Conference,0,2
Wheeler Academy|girls,Wheeler Academy,girls,7A,52,14.2,-2.8999999999999986,1.0,60,0,59,59 58 57 56 55 54 53 52 51,"[[59, 1.0, 1.0], [58, 0.0, 1.0], [57, 6.0, 1.0], [56, 0.0, 0.6], [55, 0.0, 0.6], [54, 0.0, 0.6], [53, 5.0, 0.3], [52, 9.0, 0.3], [51, 10.0, 0.3]]",45,12-18,Challengers,0,7
Ralph Bellamy|girls,Bellamy,girls,7A,53,11.5,-6.299999999999997,0.0,60,0,59,59 58 57 56 55 54 53 52 51,"[[59, 0.0, 1.0], [58, 0.0, 1.0], [57, 1.0, 1.0], [56, 0.0, 0.6], [55, 0.0, 0.6], [54, 1.0, 0.6], [53, 11.0, 0.3], [52, 10.0, 0.3], [51, 12.0, 0.3]]",63,3-22,Sectionals,0,-10
Puerto de los Reyes School of Commerce|girls,Reyes Landing,girls,7A,54,10.5,-8.299999999999997,0.0,55,0,59,59 58 57 56 55 54 53 52 51,"[[59, 0.0, 1.0], [58, 0.0, 1.0], [57, 0.0, 1.0], [56, 2.0, 0.6], [55, 0.0, 0.6], [54, 0.0, 0.6], [53, 9.0, 0.3], [52, 10.0, 0.3], [51, 12.0, 0.3]]",52,8-21,Sectionals,0,2
Kettle Ridge|girls,Kettle Ridge,girls,7A,55,9.8,-3.799999999999999,1.0,60,0,59,59 58 57 56 55 54 53 52 51,"[[59, 1.0, 1.0], [58, 1.0, 1.0], [57, 0.0, 1.0], [56, 6.0, 0.6], [55, 0.0, 0.6], [54, 0.0, 0.6], [53, 0.0, 0.3], [52, 3.0, 0.3], [51, 11.0, 0.3]]",46,12-20,Semi-Conference,0,9
Los Robles|girls,Los Robles,girls,7A,56,9.6,-7.499999999999998,0.0,60,0,59,59 58 57 56 55 54 53 52 51,"[[59, 0.0, 1.0], [58, 0.0, 1.0], [57, 0.0, 1.0], [56, 0.0, 0.6], [55, 0.0, 0.6], [54, 0.0, 0.6], [53, 24.0, 0.3], [52, 8.0, 0.3], [51, 0.0, 0.3]]",51,7-18,Sectionals,0,5
Daniel Gaines North|girls,Tensas,girls,7A,57,9.2,-0.6999999999999993,0.0,60,0,59,59 58 57 56 55 54 53 52 51,"[[59, 0.0, 1.0], [58, 1.0, 1.0], [57, 1.0, 1.0], [56, 1.0, 0.6], [55, 10.0, 0.6], [54, 0.0, 0.6], [53, 1.0, 0.3], [52, 0.0, 0.3], [51, 1.0, 0.3]]",53,7-20,Sectionals,0,4
Winifred Davenport|girls,Lost River,girls,7A,58,8.5,-1.5,0.0,30,0,59,59 58 57 56 55 54 53 52 51,"[[59, 0.0, 1.0], [58, 0.0, 1.0], [57, 1.0, 1.0], [56, 0.0, 0.6], [55, 0.0, 0.6], [54, 1.0, 0.6], [53, 5.0, 0.3], [52, 8.0, 0.3], [51, 10.0, 0.3]]",56,6-23,Sectionals,0,2
Sluice Crossing|girls,Crossing,girls,7A,59,8.1,-3.0000000000000018,0.0,60,0,59,59 58 57 56 55 54 53 52 51,"[[59, 0.0, 1.0], [58, 0.0, 1.0], [57, 0.0, 1.0], [56, 0.0, 0.6], [55, 0.0, 0.6], [54, 4.0, 0.6], [53, 10.0, 0.3], [52, 1.0, 0.3], [51, 8.0, 0.3]]",61,4-21,Sectionals,0,-2
Bellacosta|girls,Bellacosta,girls,7A,60,7.8,-3.3,0.0,60,0,59,59 58 57 56 55 54 53 52 51,"[[59, 0.0, 1.0], [58, 0.0, 1.0], [57, 0.0, 1.0], [56, 0.0, 0.6], [55, 0.0, 0.6], [54, 0.0, 0.6], [53, 0.0, 0.3], [52, 16.0, 0.3], [51, 10.0, 0.3]]",59,4-21,Sectionals,0,1
Isabel Lucero|girls,El Sereno,girls,7A,61,7.499999999999999,-1.2000000000000002,0.0,60,0,59,59 58 57 56 55 54 53 52 51,"[[59, 0.0, 1.0], [58, 0.0, 1.0], [57, 0.0, 1.0], [56, 0.0, 0.6], [55, 1.0, 0.6], [54, 7.0, 0.6], [53, 3.0, 0.3], [52, 6.0, 0.3], [51, 0.0, 0.3]]",68,2-23,Sectionals,0,-7
Roscoe Bennett North|girls,Narragansett,girls,7A,62,6.5,0.2999999999999998,1.0,60,0,59,59 58 57 56 55 54 53 52 51,"[[59, 1.0, 1.0], [58, 1.0, 1.0], [57, 0.0, 1.0], [56, 1.0, 0.6], [55, 0.0, 0.6], [54, 4.0, 0.6], [53, 1.0, 0.3], [52, 4.0, 0.3], [51, 0.0, 0.3]]",43,11-21,Semi-Conference,0,19
Delbarton|girls,Delbarton,girls,7A,63,4.9,-0.5,1.0,60,0,59,59 58 57 56 55 54 53 52 51,"[[59, 1.0, 1.0], [58, 0.0, 1.0], [57, 0.0, 1.0], [56, 0.0, 0.6], [55, 0.0, 0.6], [54, 0.0, 0.6], [53, 0.0, 0.3], [52, 8.0, 0.3], [51, 5.0, 0.3]]",47,9-17,Semi-Conference,0,16
Starlight School of Science and Industry|girls,Observatory,girls,7A,64,4.8,0.0,0.0,60,0,59,59 58 57 56 55 54 53 52 51,"[[59, 0.0, 1.0], [58, 0.0, 1.0], [57, 0.0, 1.0], [56, 0.0, 0.6], [55, 0.0, 0.6], [54, 8.0, 0.6], [53, 0.0, 0.3], [52, 0.0, 0.3], [51, 0.0, 0.3]]",67,3-25,Sectionals,0,-3
Boyerstown North|girls,Alder Crossing,girls,7A,65,3.9,-0.3999999999999999,0.0,60,0,59,59 58 57 56 55 54 53 52 51,"[[59, 0.0, 1.0], [58, 0.0, 1.0], [57, 0.0, 1.0], [56, 1.0, 0.6], [55, 0.0, 0.6], [54, 0.0, 0.6], [53, 0.0, 0.3], [52, 11.0, 0.3], [51, 0.0, 0.3]]",64,3-21,Sectionals,0,1
Mercer City|girls,Mercer City,girls,7A,66,3.4,0.7000000000000002,1.0,60,0,59,59 58 57 56 55 54 53 52 51,"[[59, 1.0, 1.0], [58, 0.0, 1.0], [57, 0.0, 1.0], [56, 0.0, 0.6], [55, 0.0, 0.6], [54, 2.0, 0.6], [53, 1.0, 0.3], [52, 1.0, 0.3], [51, 2.0, 0.3]]",48,12-20,Semi-Conference,0,18
Mission Terrace North|girls,Ortega Terrace,girls,7A,67,1.5,-0.5999999999999996,0.0,60,0,59,59 58 57 56 55 54 53 52 51,"[[59, 0.0, 1.0], [58, 0.0, 1.0], [57, 0.0, 1.0], [56, 0.0, 0.6], [55, 0.0, 0.6], [54, 0.0, 0.6], [53, 2.0, 0.3], [52, 3.0, 0.3], [51, 0.0, 0.3]]",65,4-22,Sectionals,0,2
St. Agnes Academy|girls,Jacmel,girls,7A,68,0.8999999999999999,0.0,0.0,60,0,59,59 58 57 56 55 54 53 52 51,"[[59, 0.0, 1.0], [58, 0.0, 1.0], [57, 0.0, 1.0], [56, 0.0, 0.6], [55, 0.0, 0.6], [54, 0.0, 0.6], [53, 0.0, 0.3], [52, 0.0, 0.3], [51, 3.0, 0.3]]",62,2-18,Sectionals,0,6
Walter Hart North|girls,Wicomico,girls,7A,69,0.6,-0.6,0.0,60,0,59,59 58 57 56 55 54 53 52 51,"[[59, 0.0, 1.0], [58, 0.0, 1.0], [57, 0.0, 1.0], [56, 0.0, 0.6], [55, 1.0, 0.6], [54, 0.0, 0.6], [53, 0.0, 0.3], [52, 0.0, 0.3], [51, 0.0, 0.3]]",60,3-23,Sectionals,0,9
Cedarport|girls,North San Francisco,girls,7A,70,0.3,-1.5,0.0,60,0,59,59 58 57 56 55 54 53 52 51,"[[59, 0.0, 1.0], [58, 0.0, 1.0], [57, 0.0, 1.0], [56, 0.0, 0.6], [55, 0.0, 0.6], [54, 0.0, 0.6], [53, 0.0, 0.3], [52, 0.0, 0.3], [51, 1.0, 0.3]]",50,7-17,Sectionals,0,20
Port Veles Foundry High|girls,Seawall,girls,8A,1,122.0,13.899999999999991,27.0,55,0,59,59 58 57 56 55 54 53 52 51,"[[59, 27.0, 1.0], [58, 25.0, 1.0], [57, 25.0, 1.0], [56, 11.0, 0.6], [55, 39.0, 0.6], [54, 10.0, 0.6], [53, 10.0, 0.3], [52, 11.0, 0.3], [51, 9.0, 0.3]]",5,30-2,Finalist,0,-4
Larchmont Ridge|girls,Larchmont Ridge,girls,8A,2,112.20000000000002,-12.099999999999994,0.0,60,0,59,59 58 57 56 55 54 53 52 51,"[[59, 0.0, 1.0], [58, 39.0, 1.0], [57, 39.0, 1.0], [56, 10.0, 0.6], [55, 4.0, 0.6], [54, 4.0, 0.6], [53, 0.0, 0.3], [52, 39.0, 0.3], [51, 39.0, 0.3]]",57,7-15,Wards,0,-55
Belyakov|girls,East Moscow,girls,8A,3,110.0,8.900000000000006,24.0,60,0,59,59 58 57 56 55 54 53 52 51,"[[59, 24.0, 1.0], [58, 16.0, 1.0], [57, 10.0, 1.0], [56, 25.0, 0.6], [55, 27.0, 0.6], [54, 39.0, 0.6], [53, 10.0, 0.3], [52, 8.0, 0.3], [51, 0.0, 0.3]]",6,25-5,Semifinalist,0,-3
St. Sophia Preparatory|girls,Marshfield Prep,girls,8A,4,108.4,-2.3999999999999915,10.0,55,0,59,59 58 57 56 55 54 53 52 51,"[[59, 10.0, 1.0], [58, 27.0, 1.0], [57, 24.0, 1.0], [56, 25.0, 0.6], [55, 25.0, 0.6], [54, 25.0, 0.6], [53, 8.0, 0.3], [52, 0.0, 0.3], [51, 0.0, 0.3]]",11,21-7,Octofinalist,0,-7
Pacific Gate|girls,Pacific Gate,girls,8A,5,94.6,0.4000000000000057,16.0,60,0,59,59 58 57 56 55 54 53 52 51,"[[59, 16.0, 1.0], [58, 16.0, 1.0], [57, 26.0, 1.0], [56, 39.0, 0.6], [55, 11.0, 0.6], [54, 11.0, 0.6], [53, 0.0, 0.3], [52, 0.0, 0.3], [51, 0.0, 0.3]]",2,28-7,Quarterfinalist,0,3
Minnesota City|girls,Minnesota City,girls,8A,6,89.89999999999999,14.199999999999989,39.0,60,0,59,59 58 57 56 55 54 53 52 51,"[[59, 39.0, 1.0], [58, 6.0, 1.0], [57, 11.0, 1.0], [56, 26.0, 0.6], [55, 1.0, 0.6], [54, 8.0, 0.6], [53, 9.0, 0.3], [52, 9.0, 0.3], [51, 25.0, 0.3]]",1,36-3,Champion,1,5
Las Palmas North|girls,Natchitoches,girls,8A,7,83.49999999999999,18.599999999999994,25.0,60,0,59,59 58 57 56 55 54 53 52 51,"[[59, 25.0, 1.0], [58, 16.0, 1.0], [57, 17.0, 1.0], [56, 16.0, 0.6], [55, 16.0, 0.6], [54, 10.0, 0.6], [53, 0.0, 0.3], [52, 0.0, 0.3], [51, 1.0, 0.3]]",3,32-1,Semifinalist,0,4
Andrew Jackson North|girls,Chaparral,girls,8A,8,73.0,-8.0,0.0,55,0,59,59 58 57 56 55 54 53 52 51,"[[59, 0.0, 1.0], [58, 24.0, 1.0], [57, 16.0, 1.0], [56, 17.0, 0.6], [55, 8.0, 0.6], [54, 5.0, 0.6], [53, 1.0, 0.3], [52, 24.0, 0.3], [51, 25.0, 0.3]]",65,7-18,Areas,0,-57
Annie Springs Crater View|girls,Crater View,girls,8A,9,72.0,12.200000000000005,17.0,60,0,59,59 58 57 56 55 54 53 52 51,"[[59, 17.0, 1.0], [58, 11.0, 1.0], [57, 17.0, 1.0], [56, 0.0, 0.6], [55, 2.0, 0.6], [54, 17.0, 0.6], [53, 16.0, 0.3], [52, 25.0, 0.3], [51, 11.0, 0.3]]",4,28-2,Quarterfinalist,0,5
Fort Meriwether Breakwater|girls,Breakwater,girls,8A,10,67.9,-0.2999999999999971,10.0,55,0,59,59 58 57 56 55 54 53 52 51,"[[59, 10.0, 1.0], [58, 10.0, 1.0], [57, 17.0, 1.0], [56, 10.0, 0.6], [55, 19.0, 0.6], [54, 9.0, 0.6], [53, 11.0, 0.3], [52, 8.0, 0.3], [51, 8.0, 0.3]]",10,23-7,Octofinalist,0,0
Plainfield Science|girls,Plainfield,girls,8A,11,67.4,-8.799999999999997,10.0,52,0,59,59 58 57 56 55 54 53 52 51,"[[59, 10.0, 1.0], [58, 9.0, 1.0], [57, 10.0, 1.0], [56, 8.0, 0.6], [55, 8.0, 0.6], [54, 17.0, 0.6], [53, 27.0, 0.3], [52, 9.0, 0.3], [51, 26.0, 0.3]]",7,25-6,Octofinalist,0,4
Ditch Fork|girls,Ditch Fork,girls,8A,12,51.4,-4.499999999999993,1.0,60,0,59,59 58 57 56 55 54 53 52 51,"[[59, 1.0, 1.0], [58, 16.0, 1.0], [57, 11.0, 1.0], [56, 7.0, 0.6], [55, 11.0, 0.6], [54, 8.0, 0.6], [53, 9.0, 0.3], [52, 6.0, 0.3], [51, 11.0, 0.3]]",51,12-16,Semi-Conference,0,-39
Santa Michaela Harbor Gate|girls,Tidegate,girls,8A,13,48.1,4.5,9.0,60,0,59,59 58 57 56 55 54 53 52 51,"[[59, 9.0, 1.0], [58, 9.0, 1.0], [57, 10.0, 1.0], [56, 9.0, 0.6], [55, 11.0, 0.6], [54, 10.0, 0.6], [53, 3.0, 0.3], [52, 4.0, 0.3], [51, 0.0, 0.3]]",29,20-12,Round of 32,0,-16
Bend Senior High|girls,Bend Senior,girls,8A,14,47.6,5.0,9.0,38,0,59,59 58 57 56 55 54 53 52 51,"[[59, 9.0, 1.0], [58, 10.0, 1.0], [57, 10.0, 1.0], [56, 10.0, 0.6], [55, 9.0, 0.6], [54, 12.0, 0.6], [53, 0.0, 0.3], [52, 0.0, 0.3], [51, 0.0, 0.3]]",20,22-7,Round of 32,0,-6
Yelena Sokolov|girls,Bowerstock,girls,8A,15,47.50000000000001,13.200000000000005,16.0,60,0,59,59 58 57 56 55 54 53 52 51,"[[59, 16.0, 1.0], [58, 10.0, 1.0], [57, 8.0, 1.0], [56, 7.0, 0.6], [55, 11.0, 0.6], [54, 2.0, 0.6], [53, 0.0, 0.3], [52, 0.0, 0.3], [51, 5.0, 0.3]]",17,26-4,Quarterfinalist,0,-2
Lower Lake High|girls,Lower Lake,girls,8A,16,46.6,0.8999999999999986,10.0,38,0,59,59 58 57 56 55 54 53 52 51,"[[59, 10.0, 1.0], [58, 8.0, 1.0], [57, 10.0, 1.0], [56, 16.0, 0.6], [55, 8.0, 0.6], [54, 5.0, 0.6], [53, 0.0, 0.3], [52, 0.0, 0.3], [51, 4.0, 0.3]]",9,24-7,Octofinalist,0,7
Leonard Coleman|girls,Coleman,girls,8A,17,44.900000000000006,5.000000000000007,9.0,60,0,59,59 58 57 56 55 54 53 52 51,"[[59, 9.0, 1.0], [58, 11.0, 1.0], [57, 12.0, 1.0], [56, 7.0, 0.6], [55, 5.0, 0.6], [54, 3.0, 0.6], [53, 4.0, 0.3], [52, 4.0, 0.3], [51, 5.0, 0.3]]",21,21-11,Round of 32,0,-4
Sofía Aranda|girls,Montclair,girls,8A,18,44.6,13.799999999999994,17.0,60,0,59,59 58 57 56 55 54 53 52 51,"[[59, 17.0, 1.0], [58, 10.0, 1.0], [57, 2.0, 1.0], [56, 8.0, 0.6], [55, 8.0, 0.6], [54, 5.0, 0.6], [53, 0.0, 0.3], [52, 10.0, 0.3], [51, 0.0, 0.3]]",15,27-9,Quarterfinalist,0,3
Orellana|girls,Orellana Central,girls,8A,19,43.8,-4.6000000000000085,4.0,60,0,59,59 58 57 56 55 54 53 52 51,"[[59, 4.0, 1.0], [58, 9.0, 1.0], [57, 8.0, 1.0], [56, 17.0, 0.6], [55, 11.0, 0.6], [54, 7.0, 0.6], [53, 6.0, 0.3], [52, 0.0, 0.3], [51, 0.0, 0.3]]",35,18-16,Parastate,0,-16
Lena Talltree|girls,Dogpatch,girls,8A,20,43.4,4.799999999999997,10.0,60,0,59,59 58 57 56 55 54 53 52 51,"[[59, 10.0, 1.0], [58, 8.0, 1.0], [57, 11.0, 1.0], [56, 10.0, 0.6], [55, 8.0, 0.6], [54, 6.0, 0.6], [53, 0.0, 0.3], [52, 0.0, 0.3], [51, 0.0, 0.3]]",13,23-6,Octofinalist,0,7
Itziar Elorriaga|girls,Elysian Valley,girls,8A,21,43.1,6.0,10.0,60,0,59,59 58 57 56 55 54 53 52 51,"[[59, 10.0, 1.0], [58, 10.0, 1.0], [57, 9.0, 1.0], [56, 10.0, 0.6], [55, 10.0, 0.6], [54, 0.0, 0.6], [53, 0.0, 0.3], [52, 0.0, 0.3], [51, 7.0, 0.3]]",25,22-10,Round of 32,0,-4
Olivet County|girls,Olivet County,girls,8A,22,42.3,-0.3000000000000042,6.0,60,0,59,59 58 57 56 55 54 53 52 51,"[[59, 6.0, 1.0], [58, 9.0, 1.0], [57, 0.0, 1.0], [56, 9.0, 0.6], [55, 25.0, 0.6], [54, 8.0, 0.6], [53, 5.0, 0.3], [52, 2.0, 0.3], [51, 0.0, 0.3]]",30,18-13,Round of 32,0,-8
Belyakov School of Science and Industry|girls,Kongisburg,girls,8A,23,42.2,5.100000000000001,11.0,60,0,59,59 58 57 56 55 54 53 52 51,"[[59, 11.0, 1.0], [58, 8.0, 1.0], [57, 4.0, 1.0], [56, 5.0, 0.6], [55, 10.0, 0.6], [54, 9.0, 0.6], [53, 13.0, 0.3], [52, 3.0, 0.3], [51, 0.0, 0.3]]",32,24-11,Octofinalist,0,-9
St. Sebastian Prep North|girls,Sherwood Bench,girls,8A,24,41.9,8.600000000000001,11.0,60,0,59,59 58 57 56 55 54 53 52 51,"[[59, 11.0, 1.0], [58, 9.0, 1.0], [57, 9.0, 1.0], [56, 6.0, 0.6], [55, 0.0, 0.6], [54, 10.0, 0.6], [53, 0.0, 0.3], [52, 1.0, 0.3], [51, 10.0, 0.3]]",14,22-9,Octofinalist,0,10
Nicolás Villalba|girls,Temescal,girls,8A,25,40.2,-3.000000000000007,6.0,60,0,59,59 58 57 56 55 54 53 52 51,"[[59, 6.0, 1.0], [58, 11.0, 1.0], [57, 10.0, 1.0], [56, 9.0, 0.6], [55, 0.0, 0.6], [54, 3.0, 0.6], [53, 8.0, 0.3], [52, 3.0, 0.3], [51, 9.0, 0.3]]",23,23-14,Parastate,0,2
Gwendolyn Brooks|girls,Brooks,girls,8A,26,38.9,2.8999999999999986,9.0,60,0,59,59 58 57 56 55 54 53 52 51,"[[59, 9.0, 1.0], [58, 11.0, 1.0], [57, 9.0, 1.0], [56, 4.0, 0.6], [55, 7.0, 0.6], [54, 0.0, 0.6], [53, 11.0, 0.3], [52, 0.0, 0.3], [51, 0.0, 0.3]]",19,21-10,Round of 32,0,7
Igor Chernov|girls,Taylor,girls,8A,27,37.7,5.399999999999999,7.0,60,0,59,59 58 57 56 55 54 53 52 51,"[[59, 7.0, 1.0], [58, 9.0, 1.0], [57, 13.0, 1.0], [56, 4.0, 0.6], [55, 9.0, 0.6], [54, 1.0, 0.6], [53, 0.0, 0.3], [52, 1.0, 0.3], [51, 0.0, 0.3]]",31,20-15,Round of 32,0,-4
San Borondón Environmental Sciences Academy|girls,Sotavento,girls,8A,28,37.00000000000001,7.20000000000001,10.0,55,0,59,59 58 57 56 55 54 53 52 51,"[[59, 10.0, 1.0], [58, 12.0, 1.0], [57, 6.0, 1.0], [56, 7.0, 0.6], [55, 0.0, 0.6], [54, 2.0, 0.6], [53, 0.0, 0.3], [52, 4.0, 0.3], [51, 8.0, 0.3]]",27,20-12,Round of 32,0,1
Valderra Technical Arts Academy|girls,D. Eisenhower,girls,8A,29,33.4,6.799999999999997,10.0,60,0,59,59 58 57 56 55 54 53 52 51,"[[59, 10.0, 1.0], [58, 10.0, 1.0], [57, 8.0, 1.0], [56, 8.0, 0.6], [55, 1.0, 0.6], [54, 0.0, 0.6], [53, 0.0, 0.3], [52, 0.0, 0.3], [51, 0.0, 0.3]]",8,26-5,Octofinalist,0,21
Harlan Tillman|girls,Xavier College Prep,girls,8A,30,33.2,5.200000000000003,11.0,60,0,59,59 58 57 56 55 54 53 52 51,"[[59, 11.0, 1.0], [58, 2.0, 1.0], [57, 7.0, 1.0], [56, 10.0, 0.6], [55, 8.0, 0.6], [54, 2.0, 0.6], [53, 4.0, 0.3], [52, 0.0, 0.3], [51, 0.0, 0.3]]",28,18-9,Round of 32,0,2
Bardsley County|girls,Bardsley County,girls,8A,31,33.0,-6.0,0.0,60,0,59,59 58 57 56 55 54 53 52 51,"[[59, 0.0, 1.0], [58, 0.0, 1.0], [57, 3.0, 1.0], [56, 9.0, 0.6], [55, 0.0, 0.6], [54, 26.0, 0.6], [53, 8.0, 0.3], [52, 5.0, 0.3], [51, 17.0, 0.3]]",55,9-19,Areas,0,-24
Paddock County|girls,Paddock County,girls,8A,32,32.7,3.500000000000004,9.0,60,0,59,59 58 57 56 55 54 53 52 51,"[[59, 9.0, 1.0], [58, 0.0, 1.0], [57, 9.0, 1.0], [56, 7.0, 0.6], [55, 10.0, 0.6], [54, 0.0, 0.6], [53, 0.0, 0.3], [52, 7.0, 0.3], [51, 8.0, 0.3]]",16,21-9,Round of 32,0,16
Abraham Lincoln|girls,Lincoln,girls,8A,33,28.2,-18.299999999999997,0.0,52,0,59,59 58 57 56 55 54 53 52 51,"[[59, 0.0, 1.0], [58, 0.0, 1.0], [57, 0.0, 1.0], [56, 9.0, 0.6], [55, 6.0, 0.6], [54, 0.0, 0.6], [53, 38.0, 0.3], [52, 10.0, 0.3], [51, 16.0, 0.3]]",59,8-16,Parastate,0,-26
Manuel Robles|girls,Asteroid City,girls,8A,34,28.2,1.0,8.0,30,0,59,59 58 57 56 55 54 53 52 51,"[[59, 8.0, 1.0], [58, 0.0, 1.0], [57, 4.0, 1.0], [56, 10.0, 0.6], [55, 0.0, 0.6], [54, 8.0, 0.6], [53, 0.0, 0.3], [52, 10.0, 0.3], [51, 8.0, 0.3]]",12,23-8,Round of 32,0,22
Oksana Romanov|girls,Archbishop Gregory,girls,8A,35,27.9,-11.000000000000009,0.0,60,0,59,59 58 57 56 55 54 53 52 51,"[[59, 0.0, 1.0], [58, 9.0, 1.0], [57, 0.0, 1.0], [56, 2.0, 0.6], [55, 3.0, 0.6], [54, 7.0, 0.6], [53, 25.0, 0.3], [52, 14.0, 0.3], [51, 0.0, 0.3]]",67,6-20,Areas,0,-32
Fort Carden|girls,Fort Carden,girls,8A,36,24.500000000000004,6.500000000000004,9.0,60,0,59,59 58 57 56 55 54 53 52 51,"[[59, 9.0, 1.0], [58, 2.0, 1.0], [57, 6.0, 1.0], [56, 1.0, 0.6], [55, 0.0, 0.6], [54, 0.0, 0.6], [53, 7.0, 0.3], [52, 11.0, 0.3], [51, 5.0, 0.3]]",24,19-11,Round of 32,0,12
Olive Head|girls,Olive Head,girls,8A,37,24.2,-2.8999999999999986,6.0,60,0,59,59 58 57 56 55 54 53 52 51,"[[59, 6.0, 1.0], [58, 4.0, 1.0], [57, 7.0, 1.0], [56, 5.0, 0.6], [55, 2.0, 0.6], [54, 0.0, 0.6], [53, 7.0, 0.3], [52, 3.0, 0.3], [51, 0.0, 0.3]]",26,18-11,Parastate,0,11
Ruby Stokes North|girls,Forks Harbor,girls,8A,38,23.8,-1.5,1.0,55,0,59,59 58 57 56 55 54 53 52 51,"[[59, 1.0, 1.0], [58, 3.0, 1.0], [57, 9.0, 1.0], [56, 1.0, 0.6], [55, 0.0, 0.6], [54, 9.0, 0.6], [53, 0.0, 0.3], [52, 0.0, 0.3], [51, 16.0, 0.3]]",46,12-18,Parastate,0,-8
Thomas Halvorsen|girls,Hollywood,girls,8A,39,23.099999999999994,-8.400000000000002,0.0,60,0,59,59 58 57 56 55 54 53 52 51,"[[59, 0.0, 1.0], [58, 0.0, 1.0], [57, 0.0, 1.0], [56, 0.0, 0.6], [55, 12.0, 0.6], [54, 9.0, 0.6], [53, 17.0, 0.3], [52, 8.0, 0.3], [51, 10.0, 0.3]]",83,1-25,Areas,0,-44
Madrigal|girls,Madrigal,girls,8A,40,21.8,-3.6000000000000014,0.0,60,0,59,59 58 57 56 55 54 53 52 51,"[[59, 0.0, 1.0], [58, 4.0, 1.0], [57, 4.0, 1.0], [56, 3.0, 0.6], [55, 8.0, 0.6], [54, 8.0, 0.6], [53, 8.0, 0.3], [52, 0.0, 0.3], [51, 0.0, 0.3]]",48,12-16,Semi-Conference,0,-8
Caswell|girls,Caswell,girls,8A,41,21.0,-6.399999999999999,0.0,60,0,59,59 58 57 56 55 54 53 52 51,"[[59, 0.0, 1.0], [58, 6.0, 1.0], [57, 9.0, 1.0], [56, 10.0, 0.6], [55, 0.0, 0.6], [54, 0.0, 0.6], [53, 0.0, 0.3], [52, 0.0, 0.3], [51, 0.0, 0.3]]",52,10-14,Sectionals,0,-11
Mountain View High|girls,Mountain View,girls,8A,42,21.0,-2.400000000000002,0.0,38,0,59,59 58 57 56 55 54 53 52 51,"[[59, 0.0, 1.0], [58, 0.0, 1.0], [57, 0.0, 1.0], [56, 0.0, 0.6], [55, 0.0, 0.6], [54, 24.0, 0.6], [53, 8.0, 0.3], [52, 6.0, 0.3], [51, 8.0, 0.3]]",80,1-26,Areas,0,-38
Holy Cross|girls,Holy Cross,girls,8A,43,20.7,-7.5,0.0,60,0,59,59 58 57 56 55 54 53 52 51,"[[59, 0.0, 1.0], [58, 0.0, 1.0], [57, 0.0, 1.0], [56, 0.0, 0.6], [55, 4.0, 0.6], [54, 9.0, 0.6], [53, 24.0, 0.3], [52, 12.0, 0.3], [51, 7.0, 0.3]]",71,5-23,Areas,0,-28
Nadia Chernov North|girls,Roosevelt,girls,8A,44,20.1,-2.3999999999999986,0.0,60,0,59,59 58 57 56 55 54 53 52 51,"[[59, 0.0, 1.0], [58, 0.0, 1.0], [57, 0.0, 1.0], [56, 0.0, 0.6], [55, 0.0, 0.6], [54, 20.0, 0.6], [53, 0.0, 0.3], [52, 10.0, 0.3], [51, 17.0, 0.3]]",73,4-23,Areas,0,-29
Caldera High|girls,Caldera,girls,8A,45,19.9,6.599999999999998,9.0,38,0,59,59 58 57 56 55 54 53 52 51,"[[59, 9.0, 1.0], [58, 6.0, 1.0], [57, 1.0, 1.0], [56, 0.0, 0.6], [55, 0.0, 0.6], [54, 0.0, 0.6], [53, 3.0, 0.3], [52, 10.0, 0.3], [51, 0.0, 0.3]]",34,17-18,Round of 32,0,11
Anneliese Halvorsen|girls,Washington,girls,8A,46,19.3,-3.700000000000003,0.0,60,0,59,59 58 57 56 55 54 53 52 51,"[[59, 0.0, 1.0], [58, 4.0, 1.0], [57, 0.0, 1.0], [56, 1.0, 0.6], [55, 8.0, 0.6], [54, 6.0, 0.6], [53, 11.0, 0.3], [52, 10.0, 0.3], [51, 0.0, 0.3]]",54,9-16,Parastate,0,-8
Aitor Zubieta|girls,Borough Beach,girls,8A,47,15.9,-1.200000000000001,0.0,55,0,59,59 58 57 56 55 54 53 52 51,"[[59, 0.0, 1.0], [58, 0.0, 1.0], [57, 0.0, 1.0], [56, 0.0, 0.6], [55, 14.0, 0.6], [54, 4.0, 0.6], [53, 4.0, 0.3], [52, 0.0, 0.3], [51, 13.0, 0.3]]",69,5-18,Areas,0,-22
Valderra|girls,Valderra,girls,8A,48,15.6,-4.200000000000001,0.0,60,0,59,59 58 57 56 55 54 53 52 51,"[[59, 0.0, 1.0], [58, 0.0, 1.0], [57, 0.0, 1.0], [56, 0.0, 0.6], [55, 16.0, 0.6], [54, 4.0, 0.6], [53, 5.0, 0.3], [52, 0.0, 0.3], [51, 7.0, 0.3]]",49,13-15,Challengers,0,-1
Javier Alvarado|girls,Okefenokee,girls,8A,49,15.5,10.0,10.0,60,0,59,59 58 57 56 55 54 53 52 51,"[[59, 10.0, 1.0], [58, 4.0, 1.0], [57, 0.0, 1.0], [56, 0.0, 0.6], [55, 0.0, 0.6], [54, 0.0, 0.6], [53, 0.0, 0.3], [52, 4.0, 0.3], [51, 1.0, 0.3]]",22,25-11,Round of 32,0,27
Rosa Salcedo|girls,Quarry Workers,girls,8A,50,15.0,-1.099999999999998,6.0,60,0,59,59 58 57 56 55 54 53 52 51,"[[59, 6.0, 1.0], [58, 0.0, 1.0], [57, 0.0, 1.0], [56, 2.0, 0.6], [55, 0.0, 0.6], [54, 0.0, 0.6], [53, 17.0, 0.3], [52, 0.0, 0.3], [51, 9.0, 0.3]]",39,16-15,Round of 32,0,11
Summit High|girls,Summit,girls,8A,51,14.499999999999998,1.9000000000000004,4.0,38,0,59,59 58 57 56 55 54 53 52 51,"[[59, 4.0, 1.0], [58, 0.0, 1.0], [57, 0.0, 1.0], [56, 0.0, 0.6], [55, 6.0, 0.6], [54, 6.0, 0.6], [53, 7.0, 0.3], [52, 4.0, 0.3], [51, 0.0, 0.3]]",45,8-20,Round of 32,0,6
Altamonte Civic Leadership Academy|girls,Senator Gray,girls,8A,52,14.4,-6.699999999999999,0.0,55,0,59,59 58 57 56 55 54 53 52 51,"[[59, 0.0, 1.0], [58, 0.0, 1.0], [57, 0.0, 1.0], [56, 10.0, 0.6], [55, 0.0, 0.6], [54, 9.0, 0.6], [53, 9.0, 0.3], [52, 1.0, 0.3], [51, 0.0, 0.3]]",56,8-16,Areas,0,-4
Nicolás Quiñones|girls,Stonehaven,girls,8A,53,14.2,-3.3000000000000007,0.0,20,0,59,59 58 57 56 55 54 53 52 51,"[[59, 0.0, 1.0], [58, 0.0, 1.0], [57, 1.0, 1.0], [56, 0.0, 0.6], [55, 1.0, 0.6], [54, 10.0, 0.6], [53, 11.0, 0.3], [52, 11.0, 0.3], [51, 0.0, 0.3]]",36,10-13,Challengers,0,17
North Fork|girls,Dry Fork,girls,8A,54,14.0,-2.0,2.0,55,0,59,59 58 57 56 55 54 53 52 51,"[[59, 2.0, 1.0], [58, 6.0, 1.0], [57, 0.0, 1.0], [56, 10.0, 0.6], [55, 0.0, 0.6], [54, 0.0, 0.6], [53, 0.0, 0.3], [52, 0.0, 0.3], [51, 0.0, 0.3]]",43,15-17,Parastate,0,11
Gabriel Zúñiga|girls,Longfellow,girls,8A,55,13.799999999999995,2.4999999999999982,4.0,60,0,59,59 58 57 56 55 54 53 52 51,"[[59, 4.0, 1.0], [58, 2.0, 1.0], [57, 0.0, 1.0], [56, 0.0, 0.6], [55, 9.0, 0.6], [54, 0.0, 0.6], [53, 4.0, 0.3], [52, 4.0, 0.3], [51, 0.0, 0.3]]",18,21-11,Parastate,0,37
Yuri Chernov|girls,Sunset Hills,girls,8A,56,13.3,-1.3000000000000025,0.0,60,0,59,59 58 57 56 55 54 53 52 51,"[[59, 0.0, 1.0], [58, 0.0, 1.0], [57, 7.0, 1.0], [56, 1.0, 0.6], [55, 8.0, 0.6], [54, 0.0, 0.6], [53, 3.0, 0.3], [52, 0.0, 0.3], [51, 0.0, 0.3]]",42,14-17,Semi-Conference,0,14
Mesa Dorada|girls,Mesa Dorada,girls,8A,57,12.3,-5.1,0.0,60,0,59,59 58 57 56 55 54 53 52 51,"[[59, 0.0, 1.0], [58, 0.0, 1.0], [57, 0.0, 1.0], [56, 0.0, 0.6], [55, 0.0, 0.6], [54, 11.0, 0.6], [53, 7.0, 0.3], [52, 5.0, 0.3], [51, 7.0, 0.3]]",79,2-21,Areas,0,-22
Rafael Escobedo|girls,Bolton,girls,8A,58,11.4,4.999999999999999,5.0,30,0,59,59 58 57 56 55 54 53 52 51,"[[59, 5.0, 1.0], [58, 1.0, 1.0], [57, 0.0, 1.0], [56, 0.0, 0.6], [55, 9.0, 0.6], [54, 0.0, 0.6], [53, 0.0, 0.3], [52, 0.0, 0.3], [51, 0.0, 0.3]]",33,18-15,Parastate,0,25
Montelago|girls,Montelago,girls,8A,59,10.5,-4.199999999999999,3.0,60,0,59,59 58 57 56 55 54 53 52 51,"[[59, 3.0, 1.0], [58, 0.0, 1.0], [57, 0.0, 1.0], [56, 0.0, 0.6], [55, 0.0, 0.6], [54, 0.0, 0.6], [53, 8.0, 0.3], [52, 17.0, 0.3], [51, 0.0, 0.3]]",41,15-19,Parastate,0,18
Puerto de los Reyes|girls,Puerto de los Reyes,girls,8A,60,9.9,-2.4000000000000004,0.0,60,0,59,59 58 57 56 55 54 53 52 51,"[[59, 0.0, 1.0], [58, 0.0, 1.0], [57, 0.0, 1.0], [56, 0.0, 0.6], [55, 3.0, 0.6], [54, 0.0, 0.6], [53, 0.0, 0.3], [52, 27.0, 0.3], [51, 0.0, 0.3]]",64,6-17,Areas,0,-4
Caswell I-50 Technical|girls,Cherry Hill South,girls,8A,61,9.4,-9.900000000000002,0.0,59,0,59,59 58 57 56 55 54 53 52 51,"[[59, 0.0, 1.0], [58, 1.0, 1.0], [57, 0.0, 1.0], [56, 0.0, 0.6], [55, 0.0, 0.6], [54, 0.0, 0.6], [53, 8.0, 0.3], [52, 9.0, 0.3], [51, 11.0, 0.3]]",44,14-18,Semi-Conference,0,17
Altamonte|girls,Altamonte,girls,8A,62,8.399999999999999,-0.8000000000000007,0.0,60,0,59,59 58 57 56 55 54 53 52 51,"[[59, 0.0, 1.0], [58, 0.0, 1.0], [57, 0.0, 1.0], [56, 2.0, 0.6], [55, 0.0, 0.6], [54, 4.0, 0.6], [53, 0.0, 0.3], [52, 5.0, 0.3], [51, 11.0, 0.3]]",58,10-16,Areas,0,4
Belyakov Depot High|girls,Anse Doree,girls,8A,63,8.399999999999999,-2.1000000000000014,0.0,60,0,59,59 58 57 56 55 54 53 52 51,"[[59, 0.0, 1.0], [58, 0.0, 1.0], [57, 0.0, 1.0], [56, 0.0, 0.6], [55, 0.0, 0.6], [54, 0.0, 0.6], [53, 7.0, 0.3], [52, 17.0, 0.3], [51, 4.0, 0.3]]",66,4-20,Areas,0,-3
Shirley Chisholm|girls,Chisholm,girls,8A,64,7.8,-3.3,0.0,60,0,59,59 58 57 56 55 54 53 52 51,"[[59, 0.0, 1.0], [58, 0.0, 1.0], [57, 0.0, 1.0], [56, 0.0, 0.6], [55, 0.0, 0.6], [54, 4.0, 0.6], [53, 0.0, 0.3], [52, 8.0, 0.3], [51, 10.0, 0.3]]",75,3-20,Areas,0,-11
Sofia Romanov|girls,Chesapeake,girls,8A,65,7.8,-3.3999999999999995,0.0,60,0,59,59 58 57 56 55 54 53 52 51,"[[59, 0.0, 1.0], [58, 0.0, 1.0], [57, 0.0, 1.0], [56, 4.0, 0.6], [55, 0.0, 0.6], [54, 0.0, 0.6], [53, 0.0, 0.3], [52, 8.0, 0.3], [51, 10.0, 0.3]]",78,2-25,Areas,0,-13
Svenja Ekström|girls,Memorial,girls,8A,66,7.2,2.0,2.0,55,0,59,59 58 57 56 55 54 53 52 51,"[[59, 2.0, 1.0], [58, 0.0, 1.0], [57, 1.0, 1.0], [56, 0.0, 0.6], [55, 0.0, 0.6], [54, 7.0, 0.6], [53, 0.0, 0.3], [52, 0.0, 0.3], [51, 0.0, 0.3]]",37,13-14,Parastate,0,29
Westover|girls,Westover,girls,8A,67,6.8,-2.3,1.0,60,0,59,59 58 57 56 55 54 53 52 51,"[[59, 1.0, 1.0], [58, 1.0, 1.0], [57, 0.0, 1.0], [56, 0.0, 0.6], [55, 0.0, 0.6], [54, 0.0, 0.6], [53, 5.0, 0.3], [52, 0.0, 0.3], [51, 11.0, 0.3]]",47,10-17,Parastate,0,20
Las Palmas|girls,Tuscaloosa,girls,8A,68,6.1,-2.5,2.0,60,0,59,59 58 57 56 55 54 53 52 51,"[[59, 2.0, 1.0], [58, 0.0, 1.0], [57, 2.0, 1.0], [56, 0.0, 0.6], [55, 0.0, 0.6], [54, 0.0, 0.6], [53, 5.0, 0.3], [52, 0.0, 0.3], [51, 2.0, 0.3]]",40,15-16,Parastate,0,28
Harlan Cole|girls,Harlan,girls,8A,69,5.1,-2.4000000000000004,0.0,60,0,59,59 58 57 56 55 54 53 52 51,"[[59, 0.0, 1.0], [58, 0.0, 1.0], [57, 0.0, 1.0], [56, 0.0, 0.6], [55, 5.0, 0.6], [54, 0.0, 0.6], [53, 7.0, 0.3], [52, 0.0, 0.3], [51, 0.0, 0.3]]",62,9-17,Areas,0,7
Ukiah High|girls,Ukiah,girls,8A,70,5.0,0.0,0.0,38,0,59,59 58 57 56 55 54 53 52 51,"[[59, 0.0, 1.0], [58, 3.0, 1.0], [57, 2.0, 1.0], [56, 0.0, 0.6], [55, 0.0, 0.6], [54, 0.0, 0.6], [53, 0.0, 0.3], [52, 0.0, 0.3], [51, 0.0, 0.3]]",50,8-15,Parastate,0,20
Thomas Ekström|girls,Lago Vista,girls,8A,71,4.5,-5.399999999999999,0.0,55,0,59,59 58 57 56 55 54 53 52 51,"[[59, 0.0, 1.0], [58, 0.0, 1.0], [57, 0.0, 1.0], [56, 0.0, 0.6], [55, 0.0, 0.6], [54, 4.0, 0.6], [53, 7.0, 0.3], [52, 0.0, 0.3], [51, 0.0, 0.3]]",77,3-24,Areas,0,-6
Oskar Weiss|girls,Waldo,girls,8A,72,3.6,-2.4000000000000004,0.0,60,0,59,59 58 57 56 55 54 53 52 51,"[[59, 0.0, 1.0], [58, 0.0, 1.0], [57, 0.0, 1.0], [56, 0.0, 0.6], [55, 0.0, 0.6], [54, 0.0, 0.6], [53, 0.0, 0.3], [52, 11.0, 0.3], [51, 1.0, 0.3]]",61,9-16,Areas,0,11
Bell|girls,Bell,girls,8A,73,3.3,0.0,0.0,60,0,59,59 58 57 56 55 54 53 52 51,"[[59, 0.0, 1.0], [58, 0.0, 1.0], [57, 3.0, 1.0], [56, 0.0, 0.6], [55, 0.0, 0.6], [54, 0.0, 0.6], [53, 0.0, 0.3], [52, 1.0, 0.3], [51, 0.0, 0.3]]",53,11-18,Parastate,0,20
Ewart City|girls,Cook City,girls,8A,74,3.2,0.8000000000000003,2.0,60,0,59,59 58 57 56 55 54 53 52 51,"[[59, 2.0, 1.0], [58, 0.0, 1.0], [57, 0.0, 1.0], [56, 0.0, 0.6], [55, 0.0, 0.6], [54, 0.0, 0.6], [53, 4.0, 0.3], [52, 0.0, 0.3], [51, 0.0, 0.3]]",38,15-15,Parastate,0,36
Golden Gate|girls,Golden Gate,girls,8A,75,3.0,-2.6999999999999997,0.0,60,0,59,59 58 57 56 55 54 53 52 51,"[[59, 0.0, 1.0], [58, 0.0, 1.0], [57, 0.0, 1.0], [56, 0.0, 0.6], [55, 0.0, 0.6], [54, 0.0, 0.6], [53, 0.0, 0.3], [52, 0.0, 0.3], [51, 10.0, 0.3]]",68,6-18,Areas,0,7
Northgate|girls,Northgate,girls,8A,76,2.7,0.0,0.0,60,0,59,59 58 57 56 55 54 53 52 51,"[[59, 0.0, 1.0], [58, 0.0, 1.0], [57, 0.0, 1.0], [56, 0.0, 0.6], [55, 0.0, 0.6], [54, 0.0, 0.6], [53, 0.0, 0.3], [52, 5.0, 0.3], [51, 4.0, 0.3]]",60,8-16,Wards,0,16
Lillian Stokes|girls,Franklin,girls,8A,77,2.7,-5.699999999999999,0.0,60,0,59,59 58 57 56 55 54 53 52 51,"[[59, 0.0, 1.0], [58, 0.0, 1.0], [57, 0.0, 1.0], [56, 0.0, 0.6], [55, 0.0, 0.6], [54, 0.0, 0.6], [53, 8.0, 0.3], [52, 0.0, 0.3], [51, 1.0, 0.3]]",72,4-21,Areas,0,5
Vespertine|girls,Vespertine,girls,8A,78,2.4,-1.5,0.0,60,0,59,59 58 57 56 55 54 53 52 51,"[[59, 0.0, 1.0], [58, 0.0, 1.0], [57, 0.0, 1.0], [56, 0.0, 0.6], [55, 0.0, 0.6], [54, 0.0, 0.6], [53, 0.0, 0.3], [52, 8.0, 0.3], [51, 0.0, 0.3]]",84,1-27,Areas,0,-6
Clara Cross|girls,Red Mesa,girls,8A,79,1.8,0.0,0.0,55,0,59,59 58 57 56 55 54 53 52 51,"[[59, 0.0, 1.0], [58, 0.0, 1.0], [57, 0.0, 1.0], [56, 0.0, 0.6], [55, 0.0, 0.6], [54, 0.0, 0.6], [53, 0.0, 0.3], [52, 5.0, 0.3], [51, 1.0, 0.3]]",63,10-15,Areas,0,16
Lillian Price|girls,North Coast,girls,8A,80,1.7999999999999998,-3.6,0.0,60,0,59,59 58 57 56 55 54 53 52 51,"[[59, 0.0, 1.0], [58, 0.0, 1.0], [57, 0.0, 1.0], [56, 0.0, 0.6], [55, 0.0, 0.6], [54, 0.0, 0.6], [53, 0.0, 0.3], [52, 0.0, 0.3], [51, 6.0, 0.3]]",76,3-22,Areas,0,4
Alina Antonov|girls,River Oaks,girls,8A,81,0.8999999999999999,-4.799999999999999,0.0,60,0,59,59 58 57 56 55 54 53 52 51,"[[59, 0.0, 1.0], [58, 0.0, 1.0], [57, 0.0, 1.0], [56, 0.0, 0.6], [55, 0.0, 0.6], [54, 0.0, 0.6], [53, 0.0, 0.3], [52, 0.0, 0.3], [51, 3.0, 0.3]]",81,3-21,Areas,0,0
Sergei Belov|girls,Shabazz,girls,8A,82,0.6,0.0,0.0,55,0,59,59 58 57 56 55 54 53 52 51,"[[59, 0.0, 1.0], [58, 0.0, 1.0], [57, 0.0, 1.0], [56, 0.0, 0.6], [55, 1.0, 0.6], [54, 0.0, 0.6], [53, 0.0, 0.3], [52, 0.0, 0.3], [51, 0.0, 0.3]]",74,4-23,Areas,0,8
Imani Cross|girls,Apalachicola,girls,8A,83,0.0,0.0,0.0,60,0,59,59 58 57 56 55 54 53 52 51,"[[59, 0.0, 1.0], [58, 0.0, 1.0], [57, 0.0, 1.0], [56, 0.0, 0.6], [55, 0.0, 0.6], [54, 0.0, 0.6], [53, 0.0, 0.3], [52, 0.0, 0.3], [51, 0.0, 0.3]]",85,0-23,Areas,0,-2
James Baldwin|girls,Baldwin,girls,8A,84,0.0,0.0,0.0,60,0,59,59 58 57 56 55 54 53 52 51,"[[59, 0.0, 1.0], [58, 0.0, 1.0], [57, 0.0, 1.0], [56, 0.0, 0.6], [55, 0.0, 0.6], [54, 0.0, 0.6], [53, 0.0, 0.3], [52, 0.0, 0.3], [51, 0.0, 0.3]]",82,3-23,Areas,0,2
Tatiana Moroz North|girls,Ironwood Flats,girls,8A,85,0.0,0.0,0.0,55,0,59,59 58 57 56 55 54 53 52 51,"[[59, 0.0, 1.0], [58, 0.0, 1.0], [57, 0.0, 1.0], [56, 0.0, 0.6], [55, 0.0, 0.6], [54, 0.0, 0.6], [53, 0.0, 0.3], [52, 0.0, 0.3], [51, 0.0, 0.3]]",70,4-20,Areas,0,15
Astrid Ricci|girls,Jesuit,girls,9A,1,155.2,11.300000000000011,25.0,60,0,59,59 58 57 56 55 54 53 52 51,"[[59, 25.0, 1.0], [58, 39.0, 1.0], [57, 39.0, 1.0], [56, 17.0, 0.6], [55, 16.0, 0.6], [54, 24.0, 0.6], [53, 16.0, 0.3], [52, 27.0, 0.3], [51, 17.0, 0.3]]",7,29-2,Semifinalist,0,-6
Nicolás Ordoñez|girls,Rockridge,girls,9A,2,120.4,12.600000000000009,39.0,60,0,59,59 58 57 56 55 54 53 52 51,"[[59, 39.0, 1.0], [58, 6.0, 1.0], [57, 10.0, 1.0], [56, 39.0, 0.6], [55, 8.0, 0.6], [54, 18.0, 0.6], [53, 25.0, 0.3], [52, 25.0, 0.3], [51, 38.0, 0.3]]",2,34-0,Champion,1,0
Nikolai Orlov|girls,Mater Dei,girls,9A,3,102.1,5.599999999999994,10.0,60,0,59,59 58 57 56 55 54 53 52 51,"[[59, 10.0, 1.0], [58, 10.0, 1.0], [57, 26.0, 1.0], [56, 11.0, 0.6], [55, 39.0, 0.6], [54, 39.0, 0.6], [53, 0.0, 0.3], [52, 0.0, 0.3], [51, 9.0, 0.3]]",16,25-7,Octofinalist,0,-13
Oskar Bellini|girls,Notre Dame,girls,9A,4,99.4,6.899999999999992,26.0,60,0,59,59 58 57 56 55 54 53 52 51,"[[59, 26.0, 1.0], [58, 7.0, 1.0], [57, 1.0, 1.0], [56, 11.0, 0.6], [55, 27.0, 0.6], [54, 27.0, 0.6], [53, 39.0, 0.3], [52, 25.0, 0.3], [51, 24.0, 0.3]]",5,27-2,Finalist,0,-1
Port Meridian West|girls,Port Meridian Central,girls,9A,5,91.5,0.6999999999999886,25.0,60,0,59,59 58 57 56 55 54 53 52 51,"[[59, 25.0, 1.0], [58, 16.0, 1.0], [57, 10.0, 1.0], [56, 27.0, 0.6], [55, 4.0, 0.6], [54, 16.0, 0.6], [53, 7.0, 0.3], [52, 8.0, 0.3], [51, 26.0, 0.3]]",6,31-1,Semifinalist,0,-1
Alejandro Zamora|girls,Morgan Park,girls,9A,6,85.89999999999999,6.400000000000006,17.0,60,0,59,59 58 57 56 55 54 53 52 51,"[[59, 17.0, 1.0], [58, 25.0, 1.0], [57, 16.0, 1.0], [56, 10.0, 0.6], [55, 16.0, 0.6], [54, 10.0, 0.6], [53, 10.0, 0.3], [52, 11.0, 0.3], [51, 0.0, 0.3]]",1,29-2,Quarterfinalist,0,5
Valderra Aviation and Engineering Academy|girls,Coyote Bend,girls,9A,7,78.39999999999999,8.399999999999991,16.0,55,0,59,59 58 57 56 55 54 53 52 51,"[[59, 16.0, 1.0], [58, 16.0, 1.0], [57, 17.0, 1.0], [56, 16.0, 0.6], [55, 16.0, 0.6], [54, 16.0, 0.6], [53, 2.0, 0.3], [52, 0.0, 0.3], [51, 0.0, 0.3]]",9,24-6,Quarterfinalist,0,-2
Orellana Canal View|girls,Canal View,girls,9A,8,76.69999999999999,-4.700000000000003,10.0,55,0,59,59 58 57 56 55 54 53 52 51,"[[59, 10.0, 1.0], [58, 27.0, 1.0], [57, 10.0, 1.0], [56, 24.0, 0.6], [55, 3.0, 0.6], [54, 10.0, 0.6], [53, 10.0, 0.3], [52, 5.0, 0.3], [51, 10.0, 0.3]]",4,24-4,Octofinalist,0,4
Benjamin Banneker|girls,Banneker,girls,9A,9,74.1,1.2999999999999972,10.0,60,0,59,59 58 57 56 55 54 53 52 51,"[[59, 10.0, 1.0], [58, 24.0, 1.0], [57, 17.0, 1.0], [56, 9.0, 0.6], [55, 9.0, 0.6], [54, 7.0, 0.6], [53, 0.0, 0.3], [52, 10.0, 0.3], [51, 17.0, 0.3]]",11,25-7,Octofinalist,0,-2
Amos Cross|girls,L.B. Johnson,girls,9A,10,69.6,-1.4000000000000057,10.0,60,0,59,59 58 57 56 55 54 53 52 51,"[[59, 10.0, 1.0], [58, 16.0, 1.0], [57, 16.0, 1.0], [56, 9.0, 0.6], [55, 11.0, 0.6], [54, 13.0, 0.6], [53, 26.0, 0.3], [52, 0.0, 0.3], [51, 0.0, 0.3]]",13,27-4,Octofinalist,0,-3
Belyakov Agricultural Sciences Academy|girls,Mickey Mantle,girls,9A,11,68.99999999999999,5.599999999999987,10.0,60,0,59,59 58 57 56 55 54 53 52 51,"[[59, 10.0, 1.0], [58, 10.0, 1.0], [57, 25.0, 1.0], [56, 8.0, 0.6], [55, 11.0, 0.6], [54, 9.0, 0.6], [53, 3.0, 0.3], [52, 9.0, 0.3], [51, 12.0, 0.3]]",12,23-5,Octofinalist,0,-1
Edith Mercer|girls,Forest Park,girls,9A,12,68.3,-1.9999999999999856,9.0,60,0,59,59 58 57 56 55 54 53 52 51,"[[59, 9.0, 1.0], [58, 10.0, 1.0], [57, 10.0, 1.0], [56, 17.0, 0.6], [55, 24.0, 0.6], [54, 9.0, 0.6], [53, 9.0, 0.3], [52, 10.0, 0.3], [51, 12.0, 0.3]]",21,21-8,Round of 32,0,-9
Southridge Christian|girls,Southridge Christian,girls,9A,13,67.8,12.799999999999995,16.0,60,0,59,59 58 57 56 55 54 53 52 51,"[[59, 16.0, 1.0], [58, 11.0, 1.0], [57, 24.0, 1.0], [56, 8.0, 0.6], [55, 8.0, 0.6], [54, 10.0, 0.6], [53, 0.0, 0.3], [52, 0.0, 0.3], [51, 4.0, 0.3]]",3,23-3,Quarterfinalist,0,10
Klara Marchand|girls,Meriwether,girls,9A,14,59.7,-3.5,9.0,60,0,59,59 58 57 56 55 54 53 52 51,"[[59, 9.0, 1.0], [58, 10.0, 1.0], [57, 11.0, 1.0], [56, 11.0, 0.6], [55, 10.0, 0.6], [54, 16.0, 0.6], [53, 16.0, 0.3], [52, 9.0, 0.3], [51, 0.0, 0.3]]",26,27-8,Round of 32,0,-12
James Gaines|girls,Rogue Valley,girls,9A,15,59.1,1.3999999999999986,7.0,60,0,59,59 58 57 56 55 54 53 52 51,"[[59, 7.0, 1.0], [58, 11.0, 1.0], [57, 9.0, 1.0], [56, 11.0, 0.6], [55, 11.0, 0.6], [54, 25.0, 0.6], [53, 0.0, 0.3], [52, 8.0, 0.3], [51, 5.0, 0.3]]",22,19-8,Round of 32,0,-7
Commonwealth|girls,Commonwealth,girls,9A,16,56.5,10.0,17.0,60,0,59,59 58 57 56 55 54 53 52 51,"[[59, 17.0, 1.0], [58, 11.0, 1.0], [57, 12.0, 1.0], [56, 10.0, 0.6], [55, 6.0, 0.6], [54, 9.0, 0.6], [53, 0.0, 0.3], [52, 0.0, 0.3], [51, 5.0, 0.3]]",14,27-8,Quarterfinalist,0,2
Adela Robles North|girls,Cliffside,girls,9A,17,54.3,1.6999999999999955,12.0,55,0,59,59 58 57 56 55 54 53 52 51,"[[59, 12.0, 1.0], [58, 9.0, 1.0], [57, 9.0, 1.0], [56, 10.0, 0.6], [55, 11.0, 0.6], [54, 10.0, 0.6], [53, 11.0, 0.3], [52, 8.0, 0.3], [51, 0.0, 0.3]]",17,23-8,Round of 32,0,0
River Plain|girls,Kinnickinny,girls,9A,18,50.6,-3.800000000000004,7.0,60,0,59,59 58 57 56 55 54 53 52 51,"[[59, 7.0, 1.0], [58, 2.0, 1.0], [57, 11.0, 1.0], [56, 24.0, 0.6], [55, 25.0, 0.6], [54, 0.0, 0.6], [53, 0.0, 0.3], [52, 0.0, 0.3], [51, 4.0, 0.3]]",28,18-11,Round of 32,0,-10
Loomis City North|girls,Charlotte,girls,9A,19,48.4,4.399999999999999,10.0,60,0,59,59 58 57 56 55 54 53 52 51,"[[59, 10.0, 1.0], [58, 9.0, 1.0], [57, 9.0, 1.0], [56, 11.0, 0.6], [55, 10.0, 0.6], [54, 0.0, 0.6], [53, 0.0, 0.3], [52, 16.0, 0.3], [51, 10.0, 0.3]]",34,20-12,Round of 32,0,-15
Anneliese Ricci|girls,Carondelet,girls,9A,20,48.3,-4.5,8.0,60,0,59,59 58 57 56 55 54 53 52 51,"[[59, 8.0, 1.0], [58, 8.0, 1.0], [57, 11.0, 1.0], [56, 8.0, 0.6], [55, 5.0, 0.6], [54, 9.0, 0.6], [53, 27.0, 0.3], [52, 0.0, 0.3], [51, 0.0, 0.3]]",19,24-6,Round of 32,0,1
Henrik Keller|girls,W.H. Harrison,girls,9A,21,47.6,-4.399999999999999,2.0,60,0,59,59 58 57 56 55 54 53 52 51,"[[59, 2.0, 1.0], [58, 11.0, 1.0], [57, 10.0, 1.0], [56, 16.0, 0.6], [55, 16.0, 0.6], [54, 9.0, 0.6], [53, 0.0, 0.3], [52, 0.0, 0.3], [51, 0.0, 0.3]]",37,16-16,Parastate,0,-16
Snowline|girls,Snowline,girls,9A,22,45.49999999999999,6.499999999999993,10.0,60,0,59,59 58 57 56 55 54 53 52 51,"[[59, 10.0, 1.0], [58, 9.0, 1.0], [57, 10.0, 1.0], [56, 2.0, 0.6], [55, 8.0, 0.6], [54, 9.0, 0.6], [53, 0.0, 0.3], [52, 6.0, 0.3], [51, 11.0, 0.3]]",29,22-12,Round of 32,0,-7
Svenja Bianchi|girls,Tamarack,girls,9A,23,45.49999999999999,2.0,10.0,60,0,59,59 58 57 56 55 54 53 52 51,"[[59, 10.0, 1.0], [58, 10.0, 1.0], [57, 9.0, 1.0], [56, 8.0, 0.6], [55, 4.0, 0.6], [54, 4.0, 0.6], [53, 8.0, 0.3], [52, 11.0, 0.3], [51, 4.0, 0.3]]",25,25-11,Round of 32,0,-2
Petra Jansen|girls,Southern Pacific Tech,girls,9A,24,44.1,5.399999999999999,9.0,60,0,59,59 58 57 56 55 54 53 52 51,"[[59, 9.0, 1.0], [58, 16.0, 1.0], [57, 11.0, 1.0], [56, 0.0, 0.6], [55, 0.0, 0.6], [54, 5.0, 0.6], [53, 0.0, 0.3], [52, 7.0, 0.3], [51, 10.0, 0.3]]",24,26-11,Round of 32,0,0
Trinity Catholic|girls,Trinity Catholic,girls,9A,25,38.2,-5.400000000000006,3.0,60,0,59,59 58 57 56 55 54 53 52 51,"[[59, 3.0, 1.0], [58, 9.0, 1.0], [57, 1.0, 1.0], [56, 9.0, 0.6], [55, 11.0, 0.6], [54, 11.0, 0.6], [53, 16.0, 0.3], [52, 6.0, 0.3], [51, 0.0, 0.3]]",33,21-14,Parastate,0,-8
Orchard Hill|girls,West Valderra,girls,9A,26,31.8,-9.200000000000005,3.0,49,0,59,59 58 57 56 55 54 53 52 51,"[[59, 3.0, 1.0], [58, 5.0, 1.0], [57, 7.0, 1.0], [56, 5.0, 0.6], [55, 5.0, 0.6], [54, 0.0, 0.6], [53, 10.0, 0.3], [52, 9.0, 0.3], [51, 17.0, 0.3]]",40,14-14,Parastate,0,-14
Ida B. Wells|girls,Wells,girls,9A,27,31.0,10.7,11.0,60,0,59,59 58 57 56 55 54 53 52 51,"[[59, 11.0, 1.0], [58, 10.0, 1.0], [57, 10.0, 1.0], [56, 0.0, 0.6], [55, 0.0, 0.6], [54, 0.0, 0.6], [53, 0.0, 0.3], [52, 0.0, 0.3], [51, 0.0, 0.3]]",15,25-8,Octofinalist,0,12
Belmonte Civic Leadership Academy|girls,Keeler,girls,9A,28,28.4,-5.300000000000001,2.0,55,0,59,59 58 57 56 55 54 53 52 51,"[[59, 2.0, 1.0], [58, 2.0, 1.0], [57, 7.0, 1.0], [56, 4.0, 0.6], [55, 11.0, 0.6], [54, 1.0, 0.6], [53, 19.0, 0.3], [52, 7.0, 0.3], [51, 0.0, 0.3]]",49,13-14,Parastate,0,-21
Halbrook|girls,Halbrook,girls,9A,29,28.4,9.0,9.0,60,0,59,59 58 57 56 55 54 53 52 51,"[[59, 9.0, 1.0], [58, 8.0, 1.0], [57, 9.0, 1.0], [56, 0.0, 0.6], [55, 4.0, 0.6], [54, 0.0, 0.6], [53, 0.0, 0.3], [52, 0.0, 0.3], [51, 0.0, 0.3]]",20,25-10,Round of 32,0,9
Walter Mondale|girls,Mondale,girls,9A,30,28.2,-8.000000000000004,0.0,60,0,59,59 58 57 56 55 54 53 52 51,"[[59, 0.0, 1.0], [58, 1.0, 1.0], [57, 5.0, 1.0], [56, 8.0, 0.6], [55, 7.0, 0.6], [54, 8.0, 0.6], [53, 9.0, 0.3], [52, 10.0, 0.3], [51, 9.0, 0.3]]",42,15-16,Parastate,0,-12
Jean Lindgren North|girls,Harrisburgh,girls,9A,31,27.8,6.100000000000001,8.0,55,0,59,59 58 57 56 55 54 53 52 51,"[[59, 8.0, 1.0], [58, 10.0, 1.0], [57, 5.0, 1.0], [56, 1.0, 0.6], [55, 0.0, 0.6], [54, 7.0, 0.6], [53, 0.0, 0.3], [52, 0.0, 0.3], [51, 0.0, 0.3]]",30,25-10,Parastate,0,1
Telfair Country Day School|girls,Telfair Country Day,girls,9A,32,27.4,-3.6000000000000014,0.0,60,0,59,59 58 57 56 55 54 53 52 51,"[[59, 0.0, 1.0], [58, 9.0, 1.0], [57, 4.0, 1.0], [56, 9.0, 0.6], [55, 11.0, 0.6], [54, 0.0, 0.6], [53, 0.0, 0.3], [52, 8.0, 0.3], [51, 0.0, 0.3]]",63,8-14,Wards,0,-31
Tamarack Harbor|girls,Tamarack Harbor,girls,9A,33,26.0,-9.799999999999995,0.0,25,0,59,59 58 57 56 55 54 53 52 51,"[[59, 0.0, 1.0], [58, 6.0, 1.0], [57, 5.0, 1.0], [56, 11.0, 0.6], [55, 0.0, 0.6], [54, 9.0, 0.6], [53, 10.0, 0.3], [52, 0.0, 0.3], [51, 0.0, 0.3]]",73,5-21,Areas,0,-40
Jeannette Freeman|girls,Round Mountain,girls,9A,34,25.0,-3.3000000000000007,8.0,60,0,59,59 58 57 56 55 54 53 52 51,"[[59, 8.0, 1.0], [58, 3.0, 1.0], [57, 2.0, 1.0], [56, 5.0, 0.6], [55, 0.0, 0.6], [54, 0.0, 0.6], [53, 14.0, 0.3], [52, 8.0, 0.3], [51, 8.0, 0.3]]",18,22-8,Round of 32,0,16
Thelma Avery|girls,Readbury,girls,9A,35,23.5,-0.6999999999999993,2.0,55,0,59,59 58 57 56 55 54 53 52 51,"[[59, 2.0, 1.0], [58, 0.0, 1.0], [57, 8.0, 1.0], [56, 6.0, 0.6], [55, 9.0, 0.6], [54, 4.0, 0.6], [53, 0.0, 0.3], [52, 1.0, 0.3], [51, 6.0, 0.3]]",43,18-15,Specials,0,-8
Halbrook Technical|girls,Basin Gate,girls,9A,36,20.4,-6.400000000000002,0.0,55,0,59,59 58 57 56 55 54 53 52 51,"[[59, 0.0, 1.0], [58, 0.0, 1.0], [57, 0.0, 1.0], [56, 10.0, 0.6], [55, 8.0, 0.6], [54, 8.0, 0.6], [53, 8.0, 0.3], [52, 8.0, 0.3], [51, 0.0, 0.3]]",35,14-13,Parastate,0,1
Anya Antonov|girls,Mar Vista,girls,9A,37,20.2,-8.8,3.0,60,0,59,59 58 57 56 55 54 53 52 51,"[[59, 3.0, 1.0], [58, 0.0, 1.0], [57, 7.0, 1.0], [56, 10.0, 0.6], [55, 2.0, 0.6], [54, 0.0, 0.6], [53, 10.0, 0.3], [52, 0.0, 0.3], [51, 0.0, 0.3]]",44,13-15,Parastate,0,-7
Vista Terrace|girls,Vista Terrace,girls,9A,38,19.0,10.0,10.0,60,0,59,59 58 57 56 55 54 53 52 51,"[[59, 10.0, 1.0], [58, 6.0, 1.0], [57, 3.0, 1.0], [56, 0.0, 0.6], [55, 0.0, 0.6], [54, 0.0, 0.6], [53, 0.0, 0.3], [52, 0.0, 0.3], [51, 0.0, 0.3]]",27,24-9,Round of 32,0,11
Mercer City Technical Arts Academy|girls,Twin Mills,girls,9A,39,18.5,-6.899999999999999,0.0,55,0,59,59 58 57 56 55 54 53 52 51,"[[59, 0.0, 1.0], [58, 0.0, 1.0], [57, 5.0, 1.0], [56, 12.0, 0.6], [55, 7.0, 0.6], [54, 0.0, 0.6], [53, 7.0, 0.3], [52, 0.0, 0.3], [51, 0.0, 0.3]]",50,13-17,Parastate,0,-11
Ashbury West|girls,Laurel Park,girls,9A,40,18.3,-3.1999999999999997,0.0,60,0,59,59 58 57 56 55 54 53 52 51,"[[59, 0.0, 1.0], [58, 0.0, 1.0], [57, 0.0, 1.0], [56, 2.0, 0.6], [55, 1.0, 0.6], [54, 8.0, 0.6], [53, 3.0, 0.3], [52, 11.0, 0.3], [51, 25.0, 0.3]]",61,5-18,Areas,0,-21
Carmen Valera|girls,Ferris,girls,9A,41,18.0,10.0,10.0,60,0,59,59 58 57 56 55 54 53 52 51,"[[59, 10.0, 1.0], [58, 3.0, 1.0], [57, 5.0, 1.0], [56, 0.0, 0.6], [55, 0.0, 0.6], [54, 0.0, 0.6], [53, 0.0, 0.3], [52, 0.0, 0.3], [51, 0.0, 0.3]]",23,24-12,Round of 32,0,18
Harbor Gate North|girls,Van Buren,girls,9A,42,17.8,-8.2,0.0,60,0,59,59 58 57 56 55 54 53 52 51,"[[59, 0.0, 1.0], [58, 8.0, 1.0], [57, 5.0, 1.0], [56, 1.0, 0.6], [55, 7.0, 0.6], [54, 0.0, 0.6], [53, 0.0, 0.3], [52, 0.0, 0.3], [51, 0.0, 0.3]]",39,14-12,Specials,0,3
Yelena Belov|girls,Pennsauke,girls,9A,43,16.2,-5.199999999999999,0.0,60,0,59,59 58 57 56 55 54 53 52 51,"[[59, 0.0, 1.0], [58, 0.0, 1.0], [57, 0.0, 1.0], [56, 4.0, 0.6], [55, 6.0, 0.6], [54, 0.0, 0.6], [53, 8.0, 0.3], [52, 16.0, 0.3], [51, 10.0, 0.3]]",72,4-20,Areas,0,-29
Hazel Bennett|girls,Benton Park,girls,9A,44,16.0,-2.0,1.0,60,0,59,59 58 57 56 55 54 53 52 51,"[[59, 1.0, 1.0], [58, 0.0, 1.0], [57, 0.0, 1.0], [56, 0.0, 0.6], [55, 8.0, 0.6], [54, 12.0, 0.6], [53, 10.0, 0.3], [52, 0.0, 0.3], [51, 0.0, 0.3]]",47,15-17,Parastate,0,-3
Lars Bellini|girls,Bernal Heights,girls,9A,45,16.0,-0.3999999999999986,2.0,60,0,59,59 58 57 56 55 54 53 52 51,"[[59, 2.0, 1.0], [58, 0.0, 1.0], [57, 2.0, 1.0], [56, 0.0, 0.6], [55, 8.0, 0.6], [54, 8.0, 0.6], [53, 0.0, 0.3], [52, 0.0, 0.3], [51, 8.0, 0.3]]",46,14-15,Conference,0,-1
Coolidge|girls,Seagrove,girls,9A,46,14.0,9.0,9.0,60,0,59,59 58 57 56 55 54 53 52 51,"[[59, 9.0, 1.0], [58, 3.0, 1.0], [57, 2.0, 1.0], [56, 0.0, 0.6], [55, 0.0, 0.6], [54, 0.0, 0.6], [53, 0.0, 0.3], [52, 0.0, 0.3], [51, 0.0, 0.3]]",41,16-14,Round of 32,0,5
Amelia|girls,Amelia,girls,9A,47,13.9,-1.1999999999999993,0.0,35,0,59,59 58 57 56 55 54 53 52 51,"[[59, 0.0, 1.0], [58, 1.0, 1.0], [57, 0.0, 1.0], [56, 0.0, 0.6], [55, 0.0, 0.6], [54, 9.0, 0.6], [53, 4.0, 0.3], [52, 8.0, 0.3], [51, 13.0, 0.3]]",55,10-17,Areas,0,-8
Orellana School of Commerce|girls,Malpais,girls,9A,48,13.8,-3.200000000000001,0.0,55,0,59,59 58 57 56 55 54 53 52 51,"[[59, 0.0, 1.0], [58, 0.0, 1.0], [57, 0.0, 1.0], [56, 8.0, 0.6], [55, 4.0, 0.6], [54, 11.0, 0.6], [53, 0.0, 0.3], [52, 0.0, 0.3], [51, 0.0, 0.3]]",81,3-22,Areas,0,-33
San Tomás|girls,San Tomás,girls,9A,49,13.4,5.4,7.0,60,0,59,59 58 57 56 55 54 53 52 51,"[[59, 7.0, 1.0], [58, 4.0, 1.0], [57, 0.0, 1.0], [56, 4.0, 0.6], [55, 0.0, 0.6], [54, 0.0, 0.6], [53, 0.0, 0.3], [52, 0.0, 0.3], [51, 0.0, 0.3]]",36,19-12,Round of 32,0,13
Bayard Rustin|girls,Rustin,girls,9A,50,13.3,0.0,0.0,60,0,59,59 58 57 56 55 54 53 52 51,"[[59, 0.0, 1.0], [58, 7.0, 1.0], [57, 6.0, 1.0], [56, 0.0, 0.6], [55, 0.0, 0.6], [54, 0.0, 0.6], [53, 0.0, 0.3], [52, 0.0, 0.3], [51, 1.0, 0.3]]",51,11-16,Areas,0,-1
Marsh Depot|girls,Jersey City,girls,9A,51,12.599999999999998,-7.0,0.0,60,0,59,59 58 57 56 55 54 53 52 51,"[[59, 0.0, 1.0], [58, 0.0, 1.0], [57, 0.0, 1.0], [56, 10.0, 0.6], [55, 1.0, 0.6], [54, 1.0, 0.6], [53, 9.0, 0.3], [52, 4.0, 0.3], [51, 5.0, 0.3]]",79,3-26,Areas,0,-28
Rosa Castañeda|girls,Tippecanoe,girls,9A,52,12.3,-1.5,0.0,60,0,59,59 58 57 56 55 54 53 52 51,"[[59, 0.0, 1.0], [58, 0.0, 1.0], [57, 0.0, 1.0], [56, 0.0, 0.6], [55, 0.0, 0.6], [54, 4.0, 0.6], [53, 5.0, 0.3], [52, 17.0, 0.3], [51, 11.0, 0.3]]",82,3-24,Areas,0,-30
Jefferson School of Science and Technology|girls,Jefferson Science,girls,9A,53,12.0,-3.299999999999999,0.0,60,0,59,59 58 57 56 55 54 53 52 51,"[[59, 0.0, 1.0], [58, 0.0, 1.0], [57, 0.0, 1.0], [56, 0.0, 0.6], [55, 0.0, 0.6], [54, 0.0, 0.6], [53, 1.0, 0.3], [52, 39.0, 0.3], [51, 0.0, 0.3]]",71,7-21,Areas,0,-18
Elena Petrov|girls,Talladega,girls,9A,54,11.5,-6.0,3.0,60,0,59,59 58 57 56 55 54 53 52 51,"[[59, 3.0, 1.0], [58, 1.0, 1.0], [57, 0.0, 1.0], [56, 0.0, 0.6], [55, 2.0, 0.6], [54, 4.0, 0.6], [53, 7.0, 0.3], [52, 0.0, 0.3], [51, 6.0, 0.3]]",48,13-16,Parastate,0,6
Irina Kovalenko North|girls,Arroyo Verde,girls,9A,55,11.4,-0.3999999999999986,0.0,55,0,59,59 58 57 56 55 54 53 52 51,"[[59, 0.0, 1.0], [58, 0.0, 1.0], [57, 0.0, 1.0], [56, 1.0, 0.6], [55, 8.0, 0.6], [54, 6.0, 0.6], [53, 0.0, 0.3], [52, 0.0, 0.3], [51, 8.0, 0.3]]",56,10-16,Areas,0,-1
Belyakov Environmental Sciences Academy|girls,Friendship City,girls,9A,56,10.6,7.6,10.0,60,0,59,59 58 57 56 55 54 53 52 51,"[[59, 10.0, 1.0], [58, 0.0, 1.0], [57, 0.0, 1.0], [56, 0.0, 0.6], [55, 1.0, 0.6], [54, 0.0, 0.6], [53, 0.0, 0.3], [52, 0.0, 0.3], [51, 0.0, 0.3]]",8,26-5,Octofinalist,0,48
Octavia Butler|girls,Butler,girls,9A,57,10.2,-1.799999999999999,0.0,60,0,59,59 58 57 56 55 54 53 52 51,"[[59, 0.0, 1.0], [58, 0.0, 1.0], [57, 0.0, 1.0], [56, 0.0, 0.6], [55, 8.0, 0.6], [54, 5.0, 0.6], [53, 6.0, 0.3], [52, 2.0, 0.3], [51, 0.0, 0.3]]",70,4-18,Areas,0,-13
César Mendoza|girls,De La Salle,girls,9A,58,10.0,10.0,10.0,60,0,59,59 58 57 56 55 54 53 52 51,"[[59, 10.0, 1.0], [58, 0.0, 1.0], [57, 0.0, 1.0], [56, 0.0, 0.6], [55, 0.0, 0.6], [54, 0.0, 0.6], [53, 0.0, 0.3], [52, 0.0, 0.3], [51, 0.0, 0.3]]",10,25-5,Octofinalist,0,48
Beatriz Zamora|girls,Tower Grove,girls,9A,59,9.6,-3.299999999999999,0.0,60,0,59,59 58 57 56 55 54 53 52 51,"[[59, 0.0, 1.0], [58, 0.0, 1.0], [57, 0.0, 1.0], [56, 0.0, 0.6], [55, 0.0, 0.6], [54, 0.0, 0.6], [53, 0.0, 0.3], [52, 16.0, 0.3], [51, 16.0, 0.3]]",68,7-16,Areas,0,-9
Ashbury Heights|girls,Ashbury Central,girls,9A,60,9.2,0.7999999999999989,2.0,55,0,59,59 58 57 56 55 54 53 52 51,"[[59, 2.0, 1.0], [58, 6.0, 1.0], [57, 0.0, 1.0], [56, 0.0, 0.6], [55, 0.0, 0.6], [54, 0.0, 0.6], [53, 0.0, 0.3], [52, 0.0, 0.3], [51, 4.0, 0.3]]",32,16-15,Parastate,0,28
Black Springs|girls,Black Springs,girls,9A,61,8.4,-0.5999999999999996,0.0,43,0,59,59 58 57 56 55 54 53 52 51,"[[59, 0.0, 1.0], [58, 0.0, 1.0], [57, 0.0, 1.0], [56, 0.0, 0.6], [55, 7.0, 0.6], [54, 5.0, 0.6], [53, 2.0, 0.3], [52, 2.0, 0.3], [51, 0.0, 0.3]]",52,10-16,Parastate,0,9
Thurgood Marshall|girls,Marshall,girls,9A,62,7.9,-2.4000000000000004,0.0,60,0,59,59 58 57 56 55 54 53 52 51,"[[59, 0.0, 1.0], [58, 0.0, 1.0], [57, 4.0, 1.0], [56, 0.0, 0.6], [55, 0.0, 0.6], [54, 0.0, 0.6], [53, 8.0, 0.3], [52, 5.0, 0.3], [51, 0.0, 0.3]]",38,13-14,Parastate,0,24
Galina Markov|girls,Monroe,girls,9A,63,7.199999999999999,-2.6999999999999997,0.0,60,0,59,59 58 57 56 55 54 53 52 51,"[[59, 0.0, 1.0], [58, 0.0, 1.0], [57, 0.0, 1.0], [56, 0.0, 0.6], [55, 0.0, 0.6], [54, 0.0, 0.6], [53, 9.0, 0.3], [52, 10.0, 0.3], [51, 5.0, 0.3]]",62,9-19,Areas,0,1
Redwood Coast|girls,Bienville,girls,9A,64,7.0,0.0,0.0,60,0,59,59 58 57 56 55 54 53 52 51,"[[59, 0.0, 1.0], [58, 7.0, 1.0], [57, 0.0, 1.0], [56, 0.0, 0.6], [55, 0.0, 0.6], [54, 0.0, 0.6], [53, 0.0, 0.3], [52, 0.0, 0.3], [51, 0.0, 0.3]]",45,11-16,Sectionals,0,19
Serrano Applied Sciences Institute|girls,Arroyo Seco,girls,9A,65,7.0,0.0,0.0,55,0,59,59 58 57 56 55 54 53 52 51,"[[59, 0.0, 1.0], [58, 5.0, 1.0], [57, 2.0, 1.0], [56, 0.0, 0.6], [55, 0.0, 0.6], [54, 0.0, 0.6], [53, 0.0, 0.3], [52, 0.0, 0.3], [51, 0.0, 0.3]]",54,11-18,Areas,0,11
Carmen Cordero|girls,Bannock,girls,9A,66,6.9,-2.7,0.0,60,0,59,59 58 57 56 55 54 53 52 51,"[[59, 0.0, 1.0], [58, 0.0, 1.0], [57, 0.0, 1.0], [56, 0.0, 0.6], [55, 0.0, 0.6], [54, 0.0, 0.6], [53, 9.0, 0.3], [52, 9.0, 0.3], [51, 5.0, 0.3]]",67,8-20,Areas,0,-1
Katherine Williams|girls,Pierce,girls,9A,67,6.6,-3.6000000000000014,0.0,60,0,59,59 58 57 56 55 54 53 52 51,"[[59, 0.0, 1.0], [58, 0.0, 1.0], [57, 0.0, 1.0], [56, 0.0, 0.6], [55, 0.0, 0.6], [54, 0.0, 0.6], [53, 11.0, 0.3], [52, 10.0, 0.3], [51, 1.0, 0.3]]",78,3-20,Areas,0,-11
Seafarer High|girls,Seafarer,girls,9A,68,6.0,-2.4000000000000004,0.0,60,0,59,59 58 57 56 55 54 53 52 51,"[[59, 0.0, 1.0], [58, 0.0, 1.0], [57, 0.0, 1.0], [56, 0.0, 0.6], [55, 0.0, 0.6], [54, 0.0, 0.6], [53, 0.0, 0.3], [52, 10.0, 0.3], [51, 10.0, 0.3]]",76,5-20,Areas,0,-8
Harold Williams|girls,Tuskegee,girls,9A,69,5.699999999999999,-4.5,0.0,60,0,59,59 58 57 56 55 54 53 52 51,"[[59, 0.0, 1.0], [58, 0.0, 1.0], [57, 0.0, 1.0], [56, 0.0, 0.6], [55, 0.0, 0.6], [54, 2.0, 0.6], [53, 4.0, 0.3], [52, 0.0, 0.3], [51, 11.0, 0.3]]",75,5-23,Areas,0,-6
Katherine Booker|girls,Polk,girls,9A,70,4.8,-2.7,0.0,60,0,59,59 58 57 56 55 54 53 52 51,"[[59, 0.0, 1.0], [58, 0.0, 1.0], [57, 0.0, 1.0], [56, 0.0, 0.6], [55, 3.0, 0.6], [54, 0.0, 0.6], [53, 0.0, 0.3], [52, 3.0, 0.3], [51, 7.0, 0.3]]",53,14-15,Parastate,0,17
Lars Mercier|girls,Shasta Agricultural,girls,9A,71,4.8,-3.3,0.0,60,0,59,59 58 57 56 55 54 53 52 51,"[[59, 0.0, 1.0], [58, 0.0, 1.0], [57, 0.0, 1.0], [56, 0.0, 0.6], [55, 0.0, 0.6], [54, 0.0, 0.6], [53, 11.0, 0.3], [52, 5.0, 0.3], [51, 0.0, 0.3]]",85,2-25,Areas,0,-14
Santa Michaela|girls,Santa Michaela,girls,9A,72,4.5,-1.5,0.0,60,0,59,59 58 57 56 55 54 53 52 51,"[[59, 0.0, 1.0], [58, 0.0, 1.0], [57, 0.0, 1.0], [56, 0.0, 0.6], [55, 0.0, 0.6], [54, 5.0, 0.6], [53, 5.0, 0.3], [52, 0.0, 0.3], [51, 0.0, 0.3]]",58,10-18,Areas,0,14
Javier Villalba|girls,Los Feliz,girls,9A,73,3.9,-2.1,0.0,60,0,59,59 58 57 56 55 54 53 52 51,"[[59, 0.0, 1.0], [58, 0.0, 1.0], [57, 0.0, 1.0], [56, 0.0, 0.6], [55, 0.0, 0.6], [54, 4.0, 0.6], [53, 0.0, 0.3], [52, 0.0, 0.3], [51, 5.0, 0.3]]",86,2-26,Areas,0,-13
Jimmy Carter|girls,Carter,girls,9A,74,3.6,-5.1,0.0,60,0,59,59 58 57 56 55 54 53 52 51,"[[59, 0.0, 1.0], [58, 0.0, 1.0], [57, 0.0, 1.0], [56, 0.0, 0.6], [55, 0.0, 0.6], [54, 0.0, 0.6], [53, 0.0, 0.3], [52, 7.0, 0.3], [51, 5.0, 0.3]]",80,4-22,Areas,0,-6
Orellana Treasure Valley|girls,Treasure Valley,girls,9A,75,3.0,-3.9,0.0,60,0,59,59 58 57 56 55 54 53 52 51,"[[59, 0.0, 1.0], [58, 0.0, 1.0], [57, 0.0, 1.0], [56, 0.0, 0.6], [55, 0.0, 0.6], [54, 0.0, 0.6], [53, 1.0, 0.3], [52, 0.0, 0.3], [51, 9.0, 0.3]]",65,7-17,Areas,0,10
Cortland|girls,Cortland,girls,9A,76,2.4,0.0,0.0,60,0,59,59 58 57 56 55 54 53 52 51,"[[59, 0.0, 1.0], [58, 0.0, 1.0], [57, 0.0, 1.0], [56, 0.0, 0.6], [55, 0.0, 0.6], [54, 0.0, 0.6], [53, 0.0, 0.3], [52, 8.0, 0.3], [51, 0.0, 0.3]]",59,6-17,Areas,0,17
San Cordero School of Commerce|girls,Mesa Verde,girls,9A,77,2.1,0.0,0.0,55,0,59,59 58 57 56 55 54 53 52 51,"[[59, 0.0, 1.0], [58, 0.0, 1.0], [57, 0.0, 1.0], [56, 0.0, 0.6], [55, 0.0, 0.6], [54, 0.0, 0.6], [53, 0.0, 0.3], [52, 0.0, 0.3], [51, 7.0, 0.3]]",69,5-20,Areas,0,8
Foundry High|girls,Esperanza,girls,9A,78,1.5,-1.5,0.0,60,0,59,59 58 57 56 55 54 53 52 51,"[[59, 0.0, 1.0], [58, 0.0, 1.0], [57, 0.0, 1.0], [56, 0.0, 0.6], [55, 0.0, 0.6], [54, 0.0, 0.6], [53, 5.0, 0.3], [52, 0.0, 0.3], [51, 0.0, 0.3]]",83,2-23,Areas,0,-5
Westside Christian|girls,Westside Christian,girls,9A,79,1.5,-0.2999999999999998,0.0,60,0,59,59 58 57 56 55 54 53 52 51,"[[59, 0.0, 1.0], [58, 0.0, 1.0], [57, 0.0, 1.0], [56, 0.0, 0.6], [55, 0.0, 0.6], [54, 0.0, 0.6], [53, 1.0, 0.3], [52, 0.0, 0.3], [51, 4.0, 0.3]]",77,7-22,Areas,0,2
Housatonic HS|girls,Housatonic,girls,9A,80,1.2,-0.9000000000000001,0.0,60,0,59,59 58 57 56 55 54 53 52 51,"[[59, 0.0, 1.0], [58, 0.0, 1.0], [57, 0.0, 1.0], [56, 0.0, 0.6], [55, 0.0, 0.6], [54, 0.0, 0.6], [53, 1.0, 0.3], [52, 0.0, 0.3], [51, 3.0, 0.3]]",66,7-17,Areas,0,14
Arrieta|girls,Arrieta,girls,9A,81,0.8999999999999999,0.0,0.0,60,0,59,59 58 57 56 55 54 53 52 51,"[[59, 0.0, 1.0], [58, 0.0, 1.0], [57, 0.0, 1.0], [56, 0.0, 0.6], [55, 0.0, 0.6], [54, 0.0, 0.6], [53, 0.0, 0.3], [52, 3.0, 0.3], [51, 0.0, 0.3]]",60,8-17,Areas,0,21
Purcell|girls,Purcell,girls,9A,82,0.8999999999999999,-0.8999999999999999,0.0,60,0,59,59 58 57 56 55 54 53 52 51,"[[59, 0.0, 1.0], [58, 0.0, 1.0], [57, 0.0, 1.0], [56, 0.0, 0.6], [55, 0.0, 0.6], [54, 0.0, 0.6], [53, 3.0, 0.3], [52, 0.0, 0.3], [51, 0.0, 0.3]]",84,1-26,Areas,0,-2
Mission Bay|girls,Mission Bay,girls,9A,83,0.6,0.0,0.0,60,0,59,59 58 57 56 55 54 53 52 51,"[[59, 0.0, 1.0], [58, 0.0, 1.0], [57, 0.0, 1.0], [56, 0.0, 0.6], [55, 0.0, 0.6], [54, 1.0, 0.6], [53, 0.0, 0.3], [52, 0.0, 0.3], [51, 0.0, 0.3]]",64,7-18,Areas,0,19
Santa Laura|girls,Santa Laura,girls,9A,84,0.6,-0.6,0.0,60,0,59,59 58 57 56 55 54 53 52 51,"[[59, 0.0, 1.0], [58, 0.0, 1.0], [57, 0.0, 1.0], [56, 0.0, 0.6], [55, 0.0, 0.6], [54, 0.0, 0.6], [53, 2.0, 0.3], [52, 0.0, 0.3], [51, 0.0, 0.3]]",31,17-12,Parastate,0,53
Dolores Huerta|girls,Huerta,girls,9A,85,0.0,0.0,0.0,60,0,59,59 58 57 56 55 54 53 52 51,"[[59, 0.0, 1.0], [58, 0.0, 1.0], [57, 0.0, 1.0], [56, 0.0, 0.6], [55, 0.0, 0.6], [54, 0.0, 0.6], [53, 0.0, 0.3], [52, 0.0, 0.3], [51, 0.0, 0.3]]",57,9-17,Areas,0,28
Leire Garmendia|girls,Potrero Hill,girls,9A,86,0.0,-1.5,0.0,60,0,59,59 58 57 56 55 54 53 52 51,"[[59, 0.0, 1.0], [58, 0.0, 1.0], [57, 0.0, 1.0], [56, 0.0, 0.6], [55, 0.0, 0.6], [54, 0.0, 0.6], [53, 0.0, 0.3], [52, 0.0, 0.3], [51, 0.0, 0.3]]",74,6-21,Areas,0,12
Irvington|girls,Irvington,girls,Group 1,1,139.00000000000003,22.70000000000003,39.0,43,0,59,59 58 57 56 55 54 53 52 51,"[[59, 39.0, 1.0], [58, 39.0, 1.0], [57, 25.0, 1.0], [56, 25.0, 0.6], [55, 10.0, 0.6], [54, 8.0, 0.6], [53, 10.0, 0.3], [52, 6.0, 0.3], [51, 18.0, 0.3]]",1,42-2,Champion,1,0
Ashbury Central|girls,Tallulah Central,girls,Group 1,2,106.2,-9.699999999999989,11.0,60,0,59,59 58 57 56 55 54 53 52 51,"[[59, 11.0, 1.0], [58, 16.0, 1.0], [57, 27.0, 1.0], [56, 39.0, 0.6], [55, 27.0, 0.6], [54, 10.0, 0.6], [53, 1.0, 0.3], [52, 5.0, 0.3], [51, 16.0, 0.3]]",4,23-3,Octofinalist,0,-2
Jackson Hole High|girls,Jackson Hole,girls,Group 1,3,101.0,6.899999999999992,24.0,38,0,59,59 58 57 56 55 54 53 52 51,"[[59, 24.0, 1.0], [58, 16.0, 1.0], [57, 10.0, 1.0], [56, 27.0, 0.6], [55, 39.0, 0.6], [54, 8.0, 0.6], [53, 13.0, 0.3], [52, 6.0, 0.3], [51, 3.0, 0.3]]",10,25-5,Semifinalist,0,-7
Aldecoa Depot High|girls,Grant,girls,Group 1,4,85.6,7.200000000000003,16.0,60,0,59,59 58 57 56 55 54 53 52 51,"[[59, 16.0, 1.0], [58, 26.0, 1.0], [57, 16.0, 1.0], [56, 10.0, 0.6], [55, 16.0, 0.6], [54, 10.0, 0.6], [53, 0.0, 0.3], [52, 12.0, 0.3], [51, 8.0, 0.3]]",6,30-4,Quarterfinalist,0,-2
Vermillion|girls,Vermillion,girls,Group 1,5,84.99999999999999,7.799999999999997,16.0,43,0,59,59 58 57 56 55 54 53 52 51,"[[59, 16.0, 1.0], [58, 17.0, 1.0], [57, 25.0, 1.0], [56, 16.0, 0.6], [55, 10.0, 0.6], [54, 16.0, 0.6], [53, 6.0, 0.3], [52, 0.0, 0.3], [51, 0.0, 0.3]]",3,32-4,Quarterfinalist,0,2
Andrés Ibarra|girls,Monongahela,girls,Group 1,6,78.7,11.900000000000006,17.0,60,0,59,59 58 57 56 55 54 53 52 51,"[[59, 17.0, 1.0], [58, 25.0, 1.0], [57, 16.0, 1.0], [56, 12.0, 0.6], [55, 10.0, 0.6], [54, 10.0, 0.6], [53, 0.0, 0.3], [52, 3.0, 0.3], [51, 2.0, 0.3]]",2,27-2,Quarterfinalist,0,4
Rio San Juan|girls,Rio San Juan,girls,Group 1,7,78.7,11.799999999999995,25.0,43,0,59,59 58 57 56 55 54 53 52 51,"[[59, 25.0, 1.0], [58, 11.0, 1.0], [57, 10.0, 1.0], [56, 24.0, 0.6], [55, 10.0, 0.6], [54, 8.0, 0.6], [53, 12.0, 0.3], [52, 10.0, 0.3], [51, 3.0, 0.3]]",8,25-2,Semifinalist,0,-1
St. Teresa High School|girls,St. Teresa,girls,Group 1,8,75.79999999999998,4.299999999999997,8.0,60,0,59,59 58 57 56 55 54 53 52 51,"[[59, 8.0, 1.0], [58, 24.0, 1.0], [57, 39.0, 1.0], [56, 1.0, 0.6], [55, 1.0, 0.6], [54, 1.0, 0.6], [53, 8.0, 0.3], [52, 2.0, 0.3], [51, 0.0, 0.3]]",11,22-6,Round of 32,0,-3
Amaia Etxeberria|girls,Boyle Heights,girls,Group 1,9,74.6,17.79999999999999,26.0,60,0,59,59 58 57 56 55 54 53 52 51,"[[59, 26.0, 1.0], [58, 11.0, 1.0], [57, 16.0, 1.0], [56, 7.0, 0.6], [55, 10.0, 0.6], [54, 11.0, 0.6], [53, 6.0, 0.3], [52, 0.0, 0.3], [51, 10.0, 0.3]]",9,28-6,Finalist,0,0
I-50 Technical North|girls,Tuscarora,girls,Group 1,10,64.99999999999999,4.399999999999992,12.0,60,0,59,59 58 57 56 55 54 53 52 51,"[[59, 12.0, 1.0], [58, 8.0, 1.0], [57, 9.0, 1.0], [56, 10.0, 0.6], [55, 11.0, 0.6], [54, 27.0, 0.6], [53, 11.0, 0.3], [52, 12.0, 0.3], [51, 1.0, 0.3]]",20,22-15,Octofinalist,0,-10
Paul Robeson|girls,Robeson,girls,Group 1,11,64.2,-14.300000000000011,0.0,60,0,59,59 58 57 56 55 54 53 52 51,"[[59, 0.0, 1.0], [58, 0.0, 1.0], [57, 0.0, 1.0], [56, 17.0, 0.6], [55, 24.0, 0.6], [54, 39.0, 0.6], [53, 17.0, 0.3], [52, 13.0, 0.3], [51, 24.0, 0.3]]",63,6-19,Sectionals,0,-52
Terrace Park|girls,Terrace Park,girls,Group 1,12,63.99999999999999,10.199999999999996,16.0,60,0,59,59 58 57 56 55 54 53 52 51,"[[59, 16.0, 1.0], [58, 8.0, 1.0], [57, 10.0, 1.0], [56, 10.0, 0.6], [55, 16.0, 0.6], [54, 17.0, 0.6], [53, 6.0, 0.3], [52, 8.0, 0.3], [51, 0.0, 0.3]]",5,29-5,Quarterfinalist,0,7
Leire Aramburu|girls,Furnace Creek,girls,Group 1,13,59.9,2.8999999999999986,9.0,55,0,59,59 58 57 56 55 54 53 52 51,"[[59, 9.0, 1.0], [58, 10.0, 1.0], [57, 10.0, 1.0], [56, 10.0, 0.6], [55, 9.0, 0.6], [54, 26.0, 0.6], [53, 0.0, 0.3], [52, 1.0, 0.3], [51, 12.0, 0.3]]",25,24-11,Round of 32,0,-12
Aitor Echevarria|girls,Point Loma,girls,Group 1,14,59.7,1.4000000000000128,10.0,60,0,59,59 58 57 56 55 54 53 52 51,"[[59, 10.0, 1.0], [58, 10.0, 1.0], [57, 10.0, 1.0], [56, 11.0, 0.6], [55, 9.0, 0.6], [54, 12.0, 0.6], [53, 13.0, 0.3], [52, 8.0, 0.3], [51, 14.0, 0.3]]",7,24-6,Octofinalist,0,7
John F. Kennedy North|girls,Box Canyon,girls,Group 1,15,56.1,4.899999999999999,10.0,55,0,59,59 58 57 56 55 54 53 52 51,"[[59, 10.0, 1.0], [58, 10.0, 1.0], [57, 10.0, 1.0], [56, 6.0, 0.6], [55, 11.0, 0.6], [54, 10.0, 0.6], [53, 0.0, 0.3], [52, 25.0, 0.3], [51, 8.0, 0.3]]",29,18-12,Octofinalist,0,-14
Sadie Freeman|girls,High Desert Co-op,girls,Group 1,16,54.89999999999999,-0.1000000000000014,9.0,60,0,59,59 58 57 56 55 54 53 52 51,"[[59, 9.0, 1.0], [58, 8.0, 1.0], [57, 16.0, 1.0], [56, 10.0, 0.6], [55, 4.0, 0.6], [54, 9.0, 0.6], [53, 16.0, 0.3], [52, 10.0, 0.3], [51, 1.0, 0.3]]",17,19-8,Round of 32,0,-1
Aldecoa Applied Sciences Institute|girls,Deadwood,girls,Group 1,17,54.4,-3.0,10.0,55,0,59,59 58 57 56 55 54 53 52 51,"[[59, 10.0, 1.0], [58, 8.0, 1.0], [57, 10.0, 1.0], [56, 10.0, 0.6], [55, 16.0, 0.6], [54, 11.0, 0.6], [53, 3.0, 0.3], [52, 0.0, 0.3], [51, 11.0, 0.3]]",22,22-12,Round of 32,0,-5
Rock Springs High|girls,Rock Springs,girls,Group 1,18,52.4,2.6000000000000014,11.0,38,0,59,59 58 57 56 55 54 53 52 51,"[[59, 11.0, 1.0], [58, 7.0, 1.0], [57, 11.0, 1.0], [56, 12.0, 0.6], [55, 13.0, 0.6], [54, 10.0, 0.6], [53, 2.0, 0.3], [52, 6.0, 0.3], [51, 0.0, 0.3]]",31,20-13,Round of 32,0,-13
Aldecoa|girls,Aldecoa,girls,Group 1,19,51.3,-7.399999999999999,0.0,60,0,59,59 58 57 56 55 54 53 52 51,"[[59, 0.0, 1.0], [58, 1.0, 1.0], [57, 8.0, 1.0], [56, 8.0, 0.6], [55, 25.0, 0.6], [54, 24.0, 0.6], [53, 10.0, 0.3], [52, 8.0, 0.3], [51, 9.0, 0.3]]",54,7-20,Sectionals,0,-35
Elena Petrenko|girls,Kingsway,girls,Group 1,20,48.2,4.600000000000001,10.0,60,0,59,59 58 57 56 55 54 53 52 51,"[[59, 10.0, 1.0], [58, 10.0, 1.0], [57, 9.0, 1.0], [56, 6.0, 0.6], [55, 8.0, 0.6], [54, 10.0, 0.6], [53, 8.0, 0.3], [52, 0.0, 0.3], [51, 8.0, 0.3]]",14,25-7,Octofinalist,0,6
Echevarria Foundry High|girls,Bitterroot,girls,Group 1,21,47.60000000000001,3.0,10.0,55,0,59,59 58 57 56 55 54 53 52 51,"[[59, 10.0, 1.0], [58, 8.0, 1.0], [57, 11.0, 1.0], [56, 1.0, 0.6], [55, 1.0, 0.6], [54, 16.0, 0.6], [53, 17.0, 0.3], [52, 0.0, 0.3], [51, 9.0, 0.3]]",15,24-5,Octofinalist,0,6
Belmonte Northwest|girls,Kokomo,girls,Group 1,22,46.400000000000006,-0.4999999999999929,8.0,60,0,59,59 58 57 56 55 54 53 52 51,"[[59, 8.0, 1.0], [58, 0.0, 1.0], [57, 12.0, 1.0], [56, 10.0, 0.6], [55, 11.0, 0.6], [54, 10.0, 0.6], [53, 9.0, 0.3], [52, 8.0, 0.3], [51, 9.0, 0.3]]",33,18-12,Parastate,0,-11
Jon Garmendia|girls,Pope Leo XIV,girls,Group 1,23,45.99999999999999,6.899999999999992,10.0,60,0,59,59 58 57 56 55 54 53 52 51,"[[59, 10.0, 1.0], [58, 11.0, 1.0], [57, 10.0, 1.0], [56, 4.0, 0.6], [55, 17.0, 0.6], [54, 1.0, 0.6], [53, 5.0, 0.3], [52, 1.0, 0.3], [51, 0.0, 0.3]]",18,23-8,Octofinalist,0,5
Frontier High|girls,Frontier,girls,Group 1,24,45.2,-9.5,0.0,60,0,59,59 58 57 56 55 54 53 52 51,"[[59, 0.0, 1.0], [58, 10.0, 1.0], [57, 10.0, 1.0], [56, 17.0, 0.6], [55, 8.0, 0.6], [54, 14.0, 0.6], [53, 1.0, 0.3], [52, 0.0, 0.3], [51, 5.0, 0.3]]",69,1-22,Sectionals,0,-45
Zubieta River Plain|girls,River Plain,girls,Group 1,25,45.0,4.600000000000001,10.0,60,0,59,59 58 57 56 55 54 53 52 51,"[[59, 10.0, 1.0], [58, 16.0, 1.0], [57, 10.0, 1.0], [56, 12.0, 0.6], [55, 3.0, 0.6], [54, 0.0, 0.6], [53, 0.0, 0.3], [52, 0.0, 0.3], [51, 0.0, 0.3]]",12,25-5,Octofinalist,0,13
Zubieta|girls,Zubieta,girls,Group 1,26,44.7,0.1000000000000014,10.0,60,0,59,59 58 57 56 55 54 53 52 51,"[[59, 10.0, 1.0], [58, 11.0, 1.0], [57, 3.0, 1.0], [56, 6.0, 0.6], [55, 0.0, 0.6], [54, 8.0, 0.6], [53, 25.0, 0.3], [52, 16.0, 0.3], [51, 0.0, 0.3]]",35,16-17,Round of 32,0,-9
James Madison North|girls,Hagerstown,girls,Group 1,27,44.6,-13.199999999999989,1.0,60,0,59,59 58 57 56 55 54 53 52 51,"[[59, 1.0, 1.0], [58, 1.0, 1.0], [57, 6.0, 1.0], [56, 10.0, 0.6], [55, 9.0, 0.6], [54, 12.0, 0.6], [53, 28.0, 0.3], [52, 24.0, 0.3], [51, 8.0, 0.3]]",40,13-18,Parastate,0,-13
Fort Valois|girls,Fort Valois,girls,Group 1,28,43.3,6.299999999999997,12.0,60,0,59,59 58 57 56 55 54 53 52 51,"[[59, 12.0, 1.0], [58, 10.0, 1.0], [57, 9.0, 1.0], [56, 0.0, 0.6], [55, 0.0, 0.6], [54, 9.0, 0.6], [53, 8.0, 0.3], [52, 7.0, 0.3], [51, 8.0, 0.3]]",30,20-11,Round of 32,0,-2
Opal Tillman|girls,Granite,girls,Group 1,29,41.8,2.5,10.0,60,0,59,59 58 57 56 55 54 53 52 51,"[[59, 10.0, 1.0], [58, 2.0, 1.0], [57, 4.0, 1.0], [56, 9.0, 0.6], [55, 11.0, 0.6], [54, 10.0, 0.6], [53, 4.0, 0.3], [52, 5.0, 0.3], [51, 17.0, 0.3]]",34,18-12,Round of 32,0,-5
Cañada Grande|girls,Cañada Grande,girls,Group 1,30,41.49999999999999,-10.600000000000009,0.0,60,0,59,59 58 57 56 55 54 53 52 51,"[[59, 0.0, 1.0], [58, 1.0, 1.0], [57, 0.0, 1.0], [56, 16.0, 0.6], [55, 11.0, 0.6], [54, 9.0, 0.6], [53, 10.0, 0.3], [52, 27.0, 0.3], [51, 26.0, 0.3]]",75,0-30,Sectionals,0,-45
Romare Bearden|girls,Romare Bearden,girls,Group 1,31,39.0,8.399999999999999,10.0,60,0,59,59 58 57 56 55 54 53 52 51,"[[59, 10.0, 1.0], [58, 4.0, 1.0], [57, 10.0, 1.0], [56, 4.0, 0.6], [55, 11.0, 0.6], [54, 10.0, 0.6], [53, 0.0, 0.3], [52, 0.0, 0.3], [51, 0.0, 0.3]]",24,23-11,Round of 32,0,7
Esteban Téllez|girls,Sawtelle,girls,Group 1,32,35.9,0.1000000000000014,5.0,60,0,59,59 58 57 56 55 54 53 52 51,"[[59, 5.0, 1.0], [58, 12.0, 1.0], [57, 3.0, 1.0], [56, 10.0, 0.6], [55, 3.0, 0.6], [54, 10.0, 0.6], [53, 3.0, 0.3], [52, 0.0, 0.3], [51, 4.0, 0.3]]",27,17-15,Round of 32,0,5
Ainhoa Mendizabal|girls,Charles Harbor,girls,Group 1,33,34.9,6.5,10.0,60,0,59,59 58 57 56 55 54 53 52 51,"[[59, 10.0, 1.0], [58, 10.0, 1.0], [57, 8.0, 1.0], [56, 5.0, 0.6], [55, 1.0, 0.6], [54, 0.0, 0.6], [53, 0.0, 0.3], [52, 3.0, 0.3], [51, 8.0, 0.3]]",28,23-12,Round of 32,0,5
Galina Romanov|girls,Stagewater,girls,Group 1,34,31.8,0.5,2.0,60,0,59,59 58 57 56 55 54 53 52 51,"[[59, 2.0, 1.0], [58, 9.0, 1.0], [57, 4.0, 1.0], [56, 3.0, 0.6], [55, 10.0, 0.6], [54, 10.0, 0.6], [53, 1.0, 0.3], [52, 0.0, 0.3], [51, 9.0, 0.3]]",43,11-17,Parastate,0,-9
Marian Cross|girls,Quail Hollow,girls,Group 1,35,31.6,-2.1999999999999997,10.0,55,0,59,59 58 57 56 55 54 53 52 51,"[[59, 10.0, 1.0], [58, 6.0, 1.0], [57, 3.0, 1.0], [56, 8.0, 0.6], [55, 2.0, 0.6], [54, 0.0, 0.6], [53, 6.0, 0.3], [52, 8.0, 0.3], [51, 8.0, 0.3]]",16,20-10,Round of 32,0,19
Treasure Valley|girls,Caney,girls,Group 1,36,31.2,-0.1000000000000014,2.0,60,0,59,59 58 57 56 55 54 53 52 51,"[[59, 2.0, 1.0], [58, 10.0, 1.0], [57, 9.0, 1.0], [56, 0.0, 0.6], [55, 4.0, 0.6], [54, 5.0, 0.6], [53, 1.0, 0.3], [52, 8.0, 0.3], [51, 7.0, 0.3]]",32,17-16,Parastate,0,4
Idaho Valley|girls,Idaho Valley,girls,Group 1,37,30.300000000000004,-4.199999999999996,0.0,43,0,59,59 58 57 56 55 54 53 52 51,"[[59, 0.0, 1.0], [58, 12.0, 1.0], [57, 9.0, 1.0], [56, 6.0, 0.6], [55, 1.0, 0.6], [54, 3.0, 0.6], [53, 6.0, 0.3], [52, 5.0, 0.3], [51, 0.0, 0.3]]",56,7-16,Parastate,0,-19
Rostova Junction Technical Arts Academy|girls,Rostova Tech,girls,Group 1,38,29.8,9.5,11.0,55,0,59,59 58 57 56 55 54 53 52 51,"[[59, 11.0, 1.0], [58, 5.0, 1.0], [57, 6.0, 1.0], [56, 0.0, 0.6], [55, 0.0, 0.6], [54, 6.0, 0.6], [53, 5.0, 0.3], [52, 4.0, 0.3], [51, 5.0, 0.3]]",26,18-12,Round of 32,0,12
Aurelia Classical Academy|girls,Goodman,girls,Group 1,39,29.200000000000003,7.600000000000001,8.0,60,0,59,59 58 57 56 55 54 53 52 51,"[[59, 8.0, 1.0], [58, 10.0, 1.0], [57, 10.0, 1.0], [56, 1.0, 0.6], [55, 0.0, 0.6], [54, 1.0, 0.6], [53, 0.0, 0.3], [52, 0.0, 0.3], [51, 0.0, 0.3]]",13,24-8,Round of 32,0,26
Greaves|girls,Greaves,girls,Group 1,40,28.2,-14.499999999999996,0.0,60,0,59,59 58 57 56 55 54 53 52 51,"[[59, 0.0, 1.0], [58, 0.0, 1.0], [57, 0.0, 1.0], [56, 7.0, 0.6], [55, 0.0, 0.6], [54, 1.0, 0.6], [53, 0.0, 0.3], [52, 39.0, 0.3], [51, 39.0, 0.3]]",74,0-26,Sectionals,0,-34
Green River High|girls,Green River,girls,Group 1,41,25.2,-1.0,3.0,38,0,59,59 58 57 56 55 54 53 52 51,"[[59, 3.0, 1.0], [58, 0.0, 1.0], [57, 9.0, 1.0], [56, 10.0, 0.6], [55, 12.0, 0.6], [54, 0.0, 0.6], [53, 0.0, 0.3], [52, 0.0, 0.3], [51, 0.0, 0.3]]",41,14-16,Parastate,0,0
St. Michael Academy North|girls,Green Valley,girls,Group 1,42,23.200000000000003,11.400000000000002,12.0,60,0,59,59 58 57 56 55 54 53 52 51,"[[59, 12.0, 1.0], [58, 9.0, 1.0], [57, 1.0, 1.0], [56, 0.0, 0.6], [55, 1.0, 0.6], [54, 0.0, 0.6], [53, 1.0, 0.3], [52, 1.0, 0.3], [51, 0.0, 0.3]]",23,21-11,Round of 32,0,19
Carden City|girls,Carden City,girls,Group 1,43,21.0,-11.800000000000004,0.0,60,0,59,59 58 57 56 55 54 53 52 51,"[[59, 0.0, 1.0], [58, 0.0, 1.0], [57, 0.0, 1.0], [56, 1.0, 0.6], [55, 3.0, 0.6], [54, 0.0, 0.6], [53, 38.0, 0.3], [52, 12.0, 0.3], [51, 12.0, 0.3]]",65,6-23,Sectionals,0,-22
Lev Voronin|girls,Cole Valley,girls,Group 1,44,20.9,4.600000000000001,5.0,60,0,59,59 58 57 56 55 54 53 52 51,"[[59, 5.0, 1.0], [58, 8.0, 1.0], [57, 7.0, 1.0], [56, 1.0, 0.6], [55, 0.0, 0.6], [54, 0.0, 0.6], [53, 0.0, 0.3], [52, 0.0, 0.3], [51, 1.0, 0.3]]",19,18-14,Parastate,0,25
Harriman Maritime Academy|girls,Kennedy,girls,Group 1,45,20.2,-5.400000000000006,3.0,60,0,59,59 58 57 56 55 54 53 52 51,"[[59, 3.0, 1.0], [58, 1.0, 1.0], [57, 0.0, 1.0], [56, 9.0, 0.6], [55, 11.0, 0.6], [54, 1.0, 0.6], [53, 0.0, 0.3], [52, 1.0, 0.3], [51, 11.0, 0.3]]",36,14-15,Parastate,0,9
Homecroft|girls,Homecroft,girls,Group 1,46,19.4,-2.099999999999998,1.0,60,0,59,59 58 57 56 55 54 53 52 51,"[[59, 1.0, 1.0], [58, 0.0, 1.0], [57, 1.0, 1.0], [56, 1.0, 0.6], [55, 14.0, 0.6], [54, 6.0, 0.6], [53, 0.0, 0.3], [52, 4.0, 0.3], [51, 12.0, 0.3]]",45,11-17,Parastate,0,1
Ander Aramburu|girls,Western Sky,girls,Group 1,47,18.3,-8.100000000000001,0.0,60,0,59,59 58 57 56 55 54 53 52 51,"[[59, 0.0, 1.0], [58, 0.0, 1.0], [57, 0.0, 1.0], [56, 0.0, 0.6], [55, 8.0, 0.6], [54, 4.0, 0.6], [53, 27.0, 0.3], [52, 10.0, 0.3], [51, 0.0, 0.3]]",39,9-17,Parastate,0,8
Etchartville|girls,Etchartville,girls,Group 1,48,17.5,-0.6999999999999993,5.0,60,0,59,59 58 57 56 55 54 53 52 51,"[[59, 5.0, 1.0], [58, 1.0, 1.0], [57, 1.0, 1.0], [56, 0.0, 0.6], [55, 1.0, 0.6], [54, 0.0, 0.6], [53, 11.0, 0.3], [52, 12.0, 0.3], [51, 10.0, 0.3]]",37,15-18,Parastate,0,11
Itziar Lertxundi|girls,Noe Valley,girls,Group 1,49,17.4,-3.1000000000000014,3.0,60,0,59,59 58 57 56 55 54 53 52 51,"[[59, 3.0, 1.0], [58, 8.0, 1.0], [57, 1.0, 1.0], [56, 1.0, 0.6], [55, 0.0, 0.6], [54, 0.0, 0.6], [53, 7.0, 0.3], [52, 0.0, 0.3], [51, 9.0, 0.3]]",38,16-19,Parastate,0,11
Fort Valois School of Public Service|girls,Sagebrush,girls,Group 1,50,17.099999999999998,-12.8,0.0,60,0,59,59 58 57 56 55 54 53 52 51,"[[59, 0.0, 1.0], [58, 0.0, 1.0], [57, 0.0, 1.0], [56, 8.0, 0.6], [55, 0.0, 0.6], [54, 0.0, 0.6], [53, 8.0, 0.3], [52, 9.0, 0.3], [51, 24.0, 0.3]]",68,2-20,Sectionals,0,-18
Belmonte River Plain|girls,Chillicothe,girls,Group 1,51,17.0,-3.0,1.0,60,0,59,59 58 57 56 55 54 53 52 51,"[[59, 1.0, 1.0], [58, 7.0, 1.0], [57, 3.0, 1.0], [56, 10.0, 0.6], [55, 0.0, 0.6], [54, 0.0, 0.6], [53, 0.0, 0.3], [52, 0.0, 0.3], [51, 0.0, 0.3]]",44,12-17,Parastate,0,7
Amaia Echevarria|girls,Redwood,girls,Group 1,52,16.1,-6.5,0.0,60,0,59,59 58 57 56 55 54 53 52 51,"[[59, 0.0, 1.0], [58, 0.0, 1.0], [57, 8.0, 1.0], [56, 8.0, 0.6], [55, 3.0, 0.6], [54, 0.0, 0.6], [53, 0.0, 0.3], [52, 5.0, 0.3], [51, 0.0, 0.3]]",53,7-19,Sectionals,0,-1
Beatriz Salcedo|girls,Spring Branch,girls,Group 1,53,15.0,-5.400000000000002,0.0,60,0,59,59 58 57 56 55 54 53 52 51,"[[59, 0.0, 1.0], [58, 0.0, 1.0], [57, 0.0, 1.0], [56, 0.0, 0.6], [55, 12.0, 0.6], [54, 1.0, 0.6], [53, 7.0, 0.3], [52, 16.0, 0.3], [51, 1.0, 0.3]]",61,7-21,Sectionals,0,-8
Homestead|girls,Homestead,girls,Group 1,54,13.599999999999998,1.6999999999999993,6.0,60,0,59,59 58 57 56 55 54 53 52 51,"[[59, 6.0, 1.0], [58, 0.0, 1.0], [57, 4.0, 1.0], [56, 1.0, 0.6], [55, 1.0, 0.6], [54, 1.0, 0.6], [53, 0.0, 0.3], [52, 0.0, 0.3], [51, 6.0, 0.3]]",21,17-11,Parastate,0,33
Cincinnati|girls,Cincinnati,girls,Group 1,55,13.0,-7.100000000000001,1.0,43,0,59,59 58 57 56 55 54 53 52 51,"[[59, 1.0, 1.0], [58, 0.0, 1.0], [57, 0.0, 1.0], [56, 0.0, 0.6], [55, 0.0, 0.6], [54, 0.0, 0.6], [53, 21.0, 0.3], [52, 8.0, 0.3], [51, 11.0, 0.3]]",52,9-16,Wards,0,3
Homestead North|girls,Garden Plain,girls,Group 1,56,13.0,-6.699999999999999,0.0,60,0,59,59 58 57 56 55 54 53 52 51,"[[59, 0.0, 1.0], [58, 0.0, 1.0], [57, 1.0, 1.0], [56, 10.0, 0.6], [55, 0.0, 0.6], [54, 5.0, 0.6], [53, 7.0, 0.3], [52, 0.0, 0.3], [51, 3.0, 0.3]]",59,5-20,Sectionals,0,-3
West Oberlin|girls,West Oberlin,girls,Group 1,57,12.6,-4.1999999999999975,0.0,43,0,59,59 58 57 56 55 54 53 52 51,"[[59, 0.0, 1.0], [58, 0.0, 1.0], [57, 0.0, 1.0], [56, 0.0, 0.6], [55, 4.0, 0.6], [54, 9.0, 0.6], [53, 8.0, 0.3], [52, 8.0, 0.3], [51, 0.0, 0.3]]",48,7-16,Sectionals,0,9
South Wheeler|girls,South Wheeler,girls,Group 1,58,12.0,-6.299999999999997,0.0,43,0,59,59 58 57 56 55 54 53 52 51,"[[59, 0.0, 1.0], [58, 0.0, 1.0], [57, 0.0, 1.0], [56, 0.0, 0.6], [55, 0.0, 0.6], [54, 5.0, 0.6], [53, 3.0, 0.3], [52, 17.0, 0.3], [51, 10.0, 0.3]]",49,8-15,Parastate,0,9
Harriman|girls,Harriman,girls,Group 1,59,11.2,-4.800000000000001,0.0,60,0,59,59 58 57 56 55 54 53 52 51,"[[59, 0.0, 1.0], [58, 1.0, 1.0], [57, 0.0, 1.0], [56, 0.0, 0.6], [55, 4.0, 0.6], [54, 0.0, 0.6], [53, 8.0, 0.3], [52, 8.0, 0.3], [51, 10.0, 0.3]]",47,8-14,Sectionals,0,12
Utah|girls,Utah,girls,Group 1,60,10.6,0.5999999999999996,1.0,43,0,59,59 58 57 56 55 54 53 52 51,"[[59, 1.0, 1.0], [58, 8.0, 1.0], [57, 1.0, 1.0], [56, 1.0, 0.6], [55, 0.0, 0.6], [54, 0.0, 0.6], [53, 0.0, 0.3], [52, 0.0, 0.3], [51, 0.0, 0.3]]",50,11-18,Semi-Conference,0,10
Fort Valois School of Design and Engineering|girls,Valois Bluffs,girls,Group 1,61,9.0,8.0,8.0,55,0,59,59 58 57 56 55 54 53 52 51,"[[59, 8.0, 1.0], [58, 1.0, 1.0], [57, 0.0, 1.0], [56, 0.0, 0.6], [55, 0.0, 0.6], [54, 0.0, 0.6], [53, 0.0, 0.3], [52, 0.0, 0.3], [51, 0.0, 0.3]]",42,16-18,Round of 32,0,19
Aldecoa Academy of Arts and Letters|girls,Coyote Springs,girls,Group 1,62,8.1,-4.5,0.0,55,0,59,59 58 57 56 55 54 53 52 51,"[[59, 0.0, 1.0], [58, 0.0, 1.0], [57, 0.0, 1.0], [56, 0.0, 0.6], [55, 3.0, 0.6], [54, 0.0, 0.6], [53, 5.0, 0.3], [52, 0.0, 0.3], [51, 16.0, 0.3]]",64,6-21,Sectionals,0,-2
St. Brigid Preparatory|girls,Kingston,girls,Group 1,63,8.1,-2.700000000000001,0.0,60,0,59,59 58 57 56 55 54 53 52 51,"[[59, 0.0, 1.0], [58, 0.0, 1.0], [57, 0.0, 1.0], [56, 0.0, 0.6], [55, 0.0, 0.6], [54, 7.0, 0.6], [53, 8.0, 0.3], [52, 0.0, 0.3], [51, 5.0, 0.3]]",70,2-25,Sectionals,0,-7
Harriman South|girls,Hidden Draw,girls,Group 1,64,7.5,0.0,0.0,60,0,59,59 58 57 56 55 54 53 52 51,"[[59, 0.0, 1.0], [58, 3.0, 1.0], [57, 0.0, 1.0], [56, 0.0, 0.6], [55, 2.0, 0.6], [54, 3.0, 0.6], [53, 0.0, 0.3], [52, 5.0, 0.3], [51, 0.0, 0.3]]",58,6-22,Sectionals,0,6
Echevarria I-50 Technical|girls,Red Bluff,girls,Group 1,65,6.6000000000000005,-6.299999999999998,0.0,55,0,59,59 58 57 56 55 54 53 52 51,"[[59, 0.0, 1.0], [58, 0.0, 1.0], [57, 0.0, 1.0], [56, 0.0, 0.6], [55, 0.0, 0.6], [54, 0.0, 0.6], [53, 10.0, 0.3], [52, 8.0, 0.3], [51, 4.0, 0.3]]",57,8-16,Sectionals,0,8
Elena Mendoza North|girls,Cahaba,girls,Group 1,66,6.6,-3.6,0.0,60,0,59,59 58 57 56 55 54 53 52 51,"[[59, 0.0, 1.0], [58, 0.0, 1.0], [57, 0.0, 1.0], [56, 0.0, 0.6], [55, 0.0, 0.6], [54, 3.0, 0.6], [53, 11.0, 0.3], [52, 4.0, 0.3], [51, 1.0, 0.3]]",60,8-19,Sectionals,0,6
Mae Jemison|girls,Jemison,girls,Group 1,67,6.0,-2.4000000000000004,0.0,60,0,59,59 58 57 56 55 54 53 52 51,"[[59, 0.0, 1.0], [58, 0.0, 1.0], [57, 0.0, 1.0], [56, 0.0, 0.6], [55, 0.0, 0.6], [54, 4.0, 0.6], [53, 0.0, 0.3], [52, 12.0, 0.3], [51, 0.0, 0.3]]",62,6-19,Sectionals,0,5
Gravel Narrows|girls,Gravel Narrows,girls,Group 1,68,5.2,0.7000000000000002,1.0,60,0,59,59 58 57 56 55 54 53 52 51,"[[59, 1.0, 1.0], [58, 0.0, 1.0], [57, 0.0, 1.0], [56, 0.0, 0.6], [55, 0.0, 0.6], [54, 0.0, 0.6], [53, 1.0, 0.3], [52, 13.0, 0.3], [51, 0.0, 0.3]]",46,11-16,Semi-Conference,0,22
Viktor Gromov|girls,Armour Fields,girls,Group 1,69,3.9,2.6999999999999997,3.0,60,0,59,59 58 57 56 55 54 53 52 51,"[[59, 3.0, 1.0], [58, 0.0, 1.0], [57, 0.0, 1.0], [56, 0.0, 0.6], [55, 0.0, 0.6], [54, 0.0, 0.6], [53, 1.0, 0.3], [52, 1.0, 0.3], [51, 1.0, 0.3]]",51,12-18,Parastate,0,18
Mikel Echevarria|girls,Fir Valley,girls,Group 1,70,3.3,-3.6,0.0,60,0,59,59 58 57 56 55 54 53 52 51,"[[59, 0.0, 1.0], [58, 0.0, 1.0], [57, 0.0, 1.0], [56, 0.0, 0.6], [55, 0.0, 0.6], [54, 0.0, 0.6], [53, 0.0, 0.3], [52, 8.0, 0.3], [51, 3.0, 0.3]]",73,1-20,Sectionals,0,-3
Pavel Kovalenko|girls,Coles Creek,girls,Group 1,71,2.7,-2.1,0.0,60,0,59,59 58 57 56 55 54 53 52 51,"[[59, 0.0, 1.0], [58, 0.0, 1.0], [57, 0.0, 1.0], [56, 0.0, 0.6], [55, 0.0, 0.6], [54, 0.0, 0.6], [53, 6.0, 0.3], [52, 3.0, 0.3], [51, 0.0, 0.3]]",71,1-22,Sectionals,0,0
Stone Springs|girls,Simmons,girls,Group 1,72,2.3999999999999995,-2.7,0.0,60,0,59,59 58 57 56 55 54 53 52 51,"[[59, 0.0, 1.0], [58, 0.0, 1.0], [57, 0.0, 1.0], [56, 0.0, 0.6], [55, 0.0, 0.6], [54, 0.0, 0.6], [53, 1.0, 0.3], [52, 6.0, 0.3], [51, 1.0, 0.3]]",67,3-21,Sectionals,0,5
Depot High North|girls,Natchez,girls,Group 1,73,1.0,0.0,0.0,60,0,59,59 58 57 56 55 54 53 52 51,"[[59, 0.0, 1.0], [58, 1.0, 1.0], [57, 0.0, 1.0], [56, 0.0, 0.6], [55, 0.0, 0.6], [54, 0.0, 0.6], [53, 0.0, 0.3], [52, 0.0, 0.3], [51, 0.0, 0.3]]",55,6-19,Sectionals,0,18
Atlanta|girls,Atlanta,girls,Group 1,74,0.3,-0.8999999999999999,0.0,43,0,59,59 58 57 56 55 54 53 52 51,"[[59, 0.0, 1.0], [58, 0.0, 1.0], [57, 0.0, 1.0], [56, 0.0, 0.6], [55, 0.0, 0.6], [54, 0.0, 0.6], [53, 1.0, 0.3], [52, 0.0, 0.3], [51, 0.0, 0.3]]",66,4-20,Sectionals,0,8
Aurelia|girls,Aurelia,girls,Group 1,75,0.0,0.0,0.0,60,0,59,59 58 57 56 55 54 53 52 51,"[[59, 0.0, 1.0], [58, 0.0, 1.0], [57, 0.0, 1.0], [56, 0.0, 0.6], [55, 0.0, 0.6], [54, 0.0, 0.6], [53, 0.0, 0.3], [52, 0.0, 0.3], [51, 0.0, 0.3]]",72,3-24,Sectionals,0,3
Ashbury Central North|girls,Kishwaukee,girls,Group 2,1,155.8,-4.699999999999989,16.0,60,0,59,59 58 57 56 55 54 53 52 51,"[[59, 16.0, 1.0], [58, 39.0, 1.0], [57, 39.0, 1.0], [56, 39.0, 0.6], [55, 39.0, 0.6], [54, 10.0, 0.6], [53, 8.0, 0.3], [52, 10.0, 0.3], [51, 12.0, 0.3]]",5,24-5,Quarterfinalist,0,-4
Pacific Friends School|girls,Pacific Friends,girls,Group 2,2,119.1,-2.799999999999997,27.0,60,0,59,59 58 57 56 55 54 53 52 51,"[[59, 27.0, 1.0], [58, 25.0, 1.0], [57, 11.0, 1.0], [56, 16.0, 0.6], [55, 10.0, 0.6], [54, 9.0, 0.6], [53, 39.0, 0.3], [52, 39.0, 0.3], [51, 39.0, 0.3]]",3,31-4,Finalist,0,-1
Ella Baker|girls,E. Baker,girls,Group 2,3,111.6,9.200000000000005,24.0,60,0,59,59 58 57 56 55 54 53 52 51,"[[59, 24.0, 1.0], [58, 24.0, 1.0], [57, 24.0, 1.0], [56, 10.0, 0.6], [55, 24.0, 0.6], [54, 9.0, 0.6], [53, 26.0, 0.3], [52, 10.0, 0.3], [51, 10.0, 0.3]]",7,25-4,Semifinalist,0,-4
Northside Christian North|girls,Toussaint,girls,Group 2,4,100.09999999999998,30.5,39.0,60,0,59,59 58 57 56 55 54 53 52 51,"[[59, 39.0, 1.0], [58, 27.0, 1.0], [57, 11.0, 1.0], [56, 16.0, 0.6], [55, 8.0, 0.6], [54, 8.0, 0.6], [53, 6.0, 0.3], [52, 6.0, 0.3], [51, 1.0, 0.3]]",2,31-1,Champion,1,2
Star Valley Regional|girls,Star Valley Regional,girls,Group 2,5,99.4,1.5999999999999943,17.0,43,0,59,59 58 57 56 55 54 53 52 51,"[[59, 17.0, 1.0], [58, 17.0, 1.0], [57, 27.0, 1.0], [56, 25.0, 0.6], [55, 25.0, 0.6], [54, 10.0, 0.6], [53, 7.0, 0.3], [52, 1.0, 0.3], [51, 0.0, 0.3]]",1,30-1,Quarterfinalist,0,4
Eden County Christian|girls,Eden,girls,Group 2,6,89.4,-3.899999999999992,10.0,43,0,59,59 58 57 56 55 54 53 52 51,"[[59, 10.0, 1.0], [58, 10.0, 1.0], [57, 16.0, 1.0], [56, 16.0, 0.6], [55, 16.0, 0.6], [54, 25.0, 0.6], [53, 24.0, 0.3], [52, 26.0, 0.3], [51, 14.0, 0.3]]",19,23-8,Octofinalist,0,-13
Jon Etxeberria North|girls,Chickasaw,girls,Group 2,7,80.99999999999999,-6.000000000000014,11.0,60,0,59,59 58 57 56 55 54 53 52 51,"[[59, 11.0, 1.0], [58, 11.0, 1.0], [57, 8.0, 1.0], [56, 11.0, 0.6], [55, 17.0, 0.6], [54, 27.0, 0.6], [53, 17.0, 0.3], [52, 17.0, 0.3], [51, 26.0, 0.3]]",22,21-11,Round of 32,0,-15
Providence Academy North|girls,Minidoka,girls,Group 2,8,80.1,-5.900000000000006,10.0,19,0,59,59 58 57 56 55 54 53 52 51,"[[59, 10.0, 1.0], [58, 10.0, 1.0], [57, 16.0, 1.0], [56, 27.0, 0.6], [55, 27.0, 0.6], [54, 10.0, 0.6], [53, 17.0, 0.3], [52, 1.0, 0.3], [51, 1.0, 0.3]]",6,21-6,Octofinalist,0,2
Dawkins|girls,Dawkins,girls,Group 2,9,70.6,8.399999999999999,16.0,43,0,59,59 58 57 56 55 54 53 52 51,"[[59, 16.0, 1.0], [58, 11.0, 1.0], [57, 10.0, 1.0], [56, 10.0, 0.6], [55, 16.0, 0.6], [54, 17.0, 0.6], [53, 11.0, 0.3], [52, 6.0, 0.3], [51, 9.0, 0.3]]",9,23-5,Quarterfinalist,0,0
St. Dominic Academy|girls,Wildrye,girls,Group 2,10,64.1,-2.799999999999997,9.0,60,0,59,59 58 57 56 55 54 53 52 51,"[[59, 9.0, 1.0], [58, 10.0, 1.0], [57, 16.0, 1.0], [56, 25.0, 0.6], [55, 10.0, 0.6], [54, 11.0, 0.6], [53, 5.0, 0.3], [52, 0.0, 0.3], [51, 0.0, 0.3]]",11,20-9,Round of 32,0,-1
Burdensome|girls,Burdensome,girls,Group 2,11,62.99999999999999,1.7999999999999972,7.0,43,0,59,59 58 57 56 55 54 53 52 51,"[[59, 7.0, 1.0], [58, 10.0, 1.0], [57, 10.0, 1.0], [56, 10.0, 0.6], [55, 9.0, 0.6], [54, 39.0, 0.6], [53, 1.0, 0.3], [52, 0.0, 0.3], [51, 3.0, 0.3]]",39,11-18,Round of 32,0,-28
Harold Tillman|girls,Copper Belt,girls,Group 2,12,62.7,4.799999999999997,16.0,60,0,59,59 58 57 56 55 54 53 52 51,"[[59, 16.0, 1.0], [58, 7.0, 1.0], [57, 10.0, 1.0], [56, 10.0, 0.6], [55, 8.0, 0.6], [54, 25.0, 0.6], [53, 12.0, 0.3], [52, 1.0, 0.3], [51, 0.0, 0.3]]",23,24-7,Quarterfinalist,0,-11
Lodestone County High|girls,Lodestone County,girls,Group 2,13,62.5,2.299999999999997,9.0,43,0,59,59 58 57 56 55 54 53 52 51,"[[59, 9.0, 1.0], [58, 7.0, 1.0], [57, 24.0, 1.0], [56, 10.0, 0.6], [55, 11.0, 0.6], [54, 11.0, 0.6], [53, 1.0, 0.3], [52, 1.0, 0.3], [51, 9.0, 0.3]]",12,19-13,Round of 32,0,1
Mikel Garmendia|girls,Homeland,girls,Group 2,14,58.99999999999999,1.8999999999999984,11.0,37,0,59,59 58 57 56 55 54 53 52 51,"[[59, 11.0, 1.0], [58, 16.0, 1.0], [57, 8.0, 1.0], [56, 10.0, 0.6], [55, 8.0, 0.6], [54, 9.0, 0.6], [53, 0.0, 0.3], [52, 1.0, 0.3], [51, 25.0, 0.3]]",4,32-1,Octofinalist,0,10
Star Valley Catholic|girls,Star Valley Catholic,girls,Group 2,15,57.6,-1.7999999999999972,7.0,43,0,59,59 58 57 56 55 54 53 52 51,"[[59, 7.0, 1.0], [58, 11.0, 1.0], [57, 9.0, 1.0], [56, 7.0, 0.6], [55, 8.0, 0.6], [54, 11.0, 0.6], [53, 10.0, 0.3], [52, 16.0, 0.3], [51, 24.0, 0.3]]",29,18-13,Round of 32,0,-14
Wyoming Valley|girls,Wyoming Valley,girls,Group 2,16,56.9,1.2000000000000028,10.0,43,0,59,59 58 57 56 55 54 53 52 51,"[[59, 10.0, 1.0], [58, 10.0, 1.0], [57, 9.0, 1.0], [56, 16.0, 0.6], [55, 10.0, 0.6], [54, 16.0, 0.6], [53, 8.0, 0.3], [52, 1.0, 0.3], [51, 0.0, 0.3]]",17,23-12,Octofinalist,0,-1
Garazi Mendizabal|girls,Cedar,girls,Group 2,17,55.7,2.799999999999997,10.0,60,0,59,59 58 57 56 55 54 53 52 51,"[[59, 10.0, 1.0], [58, 9.0, 1.0], [57, 10.0, 1.0], [56, 9.0, 0.6], [55, 11.0, 0.6], [54, 10.0, 0.6], [53, 10.0, 0.3], [52, 8.0, 0.3], [51, 11.0, 0.3]]",8,27-6,Octofinalist,0,9
Pierre|girls,Pierre,girls,Group 2,18,55.2,23.0,25.0,43,0,59,59 58 57 56 55 54 53 52 51,"[[59, 25.0, 1.0], [58, 16.0, 1.0], [57, 10.0, 1.0], [56, 5.0, 0.6], [55, 1.0, 0.6], [54, 1.0, 0.6], [53, 0.0, 0.3], [52, 0.0, 0.3], [51, 0.0, 0.3]]",18,21-9,Semifinalist,0,0
Rostova Junction|girls,Rostova Junction,girls,Group 2,19,54.6,0.8000000000000043,9.0,60,0,59,59 58 57 56 55 54 53 52 51,"[[59, 9.0, 1.0], [58, 8.0, 1.0], [57, 10.0, 1.0], [56, 10.0, 0.6], [55, 9.0, 0.6], [54, 16.0, 0.6], [53, 9.0, 0.3], [52, 0.0, 0.3], [51, 13.0, 0.3]]",21,18-8,Round of 32,0,-2
Timberline North|girls,Allegheny,girls,Group 2,20,50.6,-4.0,3.0,60,0,59,59 58 57 56 55 54 53 52 51,"[[59, 3.0, 1.0], [58, 6.0, 1.0], [57, 11.0, 1.0], [56, 10.0, 0.6], [55, 12.0, 0.6], [54, 16.0, 0.6], [53, 10.0, 0.3], [52, 16.0, 0.3], [51, 0.0, 0.3]]",34,15-15,Parastate,0,-14
Spring Harvest|girls,Spring Harvest,girls,Group 2,21,50.1,0.6000000000000014,8.0,38,0,59,59 58 57 56 55 54 53 52 51,"[[59, 8.0, 1.0], [58, 10.0, 1.0], [57, 9.0, 1.0], [56, 5.0, 0.6], [55, 8.0, 0.6], [54, 10.0, 0.6], [53, 9.0, 0.3], [52, 13.0, 0.3], [51, 9.0, 0.3]]",13,19-11,Round of 32,0,8
Boley Union|girls,Boley,girls,Group 2,22,50.1,-7.599999999999994,8.0,40,0,59,59 58 57 56 55 54 53 52 51,"[[59, 8.0, 1.0], [58, 3.0, 1.0], [57, 7.0, 1.0], [56, 9.0, 0.6], [55, 14.0, 0.6], [54, 8.0, 0.6], [53, 24.0, 0.3], [52, 11.0, 0.3], [51, 10.0, 0.3]]",27,21-11,Round of 32,0,-5
Ruby County Catholic|girls,Carlin,girls,Group 2,23,48.7,7.700000000000003,12.0,43,0,59,59 58 57 56 55 54 53 52 51,"[[59, 12.0, 1.0], [58, 17.0, 1.0], [57, 5.0, 1.0], [56, 4.0, 0.6], [55, 9.0, 0.6], [54, 0.0, 0.6], [53, 9.0, 0.3], [52, 9.0, 0.3], [51, 5.0, 0.3]]",30,19-14,Octofinalist,0,-7
Petersburg High|girls,Brown,girls,Group 2,24,48.1,4.200000000000003,9.0,30,0,59,59 58 57 56 55 54 53 52 51,"[[59, 9.0, 1.0], [58, 9.0, 1.0], [57, 16.0, 1.0], [56, 12.0, 0.6], [55, 8.0, 0.6], [54, 3.0, 0.6], [53, 0.0, 0.3], [52, 0.0, 0.3], [51, 1.0, 0.3]]",16,20-10,Round of 32,0,8
Chicago Island|girls,Chicago Island,girls,Group 2,25,47.900000000000006,8.300000000000011,10.0,43,0,59,59 58 57 56 55 54 53 52 51,"[[59, 10.0, 1.0], [58, 13.0, 1.0], [57, 9.0, 1.0], [56, 2.0, 0.6], [55, 5.0, 0.6], [54, 1.0, 0.6], [53, 2.0, 0.3], [52, 24.0, 0.3], [51, 11.0, 0.3]]",28,18-17,Round of 32,0,-3
St. Brigid School|girls,Kuopio,girls,Group 2,26,46.4,2.0,10.0,60,0,59,59 58 57 56 55 54 53 52 51,"[[59, 10.0, 1.0], [58, 5.0, 1.0], [57, 11.0, 1.0], [56, 8.0, 0.6], [55, 16.0, 0.6], [54, 7.0, 0.6], [53, 0.0, 0.3], [52, 1.0, 0.3], [51, 5.0, 0.3]]",25,18-11,Round of 32,0,1
Greaves Aviation and Engineering Academy|girls,Skypark,girls,Group 2,27,43.7,5.100000000000001,10.0,55,0,59,59 58 57 56 55 54 53 52 51,"[[59, 10.0, 1.0], [58, 10.0, 1.0], [57, 9.0, 1.0], [56, 7.0, 0.6], [55, 4.0, 0.6], [54, 8.0, 0.6], [53, 7.0, 0.3], [52, 3.0, 0.3], [51, 1.0, 0.3]]",10,20-7,Octofinalist,0,17
St. Michael Academy|girls,Harriman East,girls,Group 2,28,41.7,-7.5,4.0,60,0,59,59 58 57 56 55 54 53 52 51,"[[59, 4.0, 1.0], [58, 11.0, 1.0], [57, 12.0, 1.0], [56, 10.0, 0.6], [55, 0.0, 0.6], [54, 1.0, 0.6], [53, 0.0, 0.3], [52, 10.0, 0.3], [51, 17.0, 0.3]]",35,17-16,Parastate,0,-7
Garfield Park|girls,Reservoir Park,girls,Group 2,29,41.1,10.2,11.0,60,0,59,59 58 57 56 55 54 53 52 51,"[[59, 11.0, 1.0], [58, 12.0, 1.0], [57, 10.0, 1.0], [56, 2.0, 0.6], [55, 0.0, 0.6], [54, 11.0, 0.6], [53, 0.0, 0.3], [52, 0.0, 0.3], [51, 1.0, 0.3]]",15,21-12,Octofinalist,0,14
Millport|girls,Vonjo City,girls,Group 2,30,38.9,5.199999999999996,10.0,60,0,59,59 58 57 56 55 54 53 52 51,"[[59, 10.0, 1.0], [58, 10.0, 1.0], [57, 6.0, 1.0], [56, 12.0, 0.6], [55, 3.0, 0.6], [54, 1.0, 0.6], [53, 0.0, 0.3], [52, 11.0, 0.3], [51, 0.0, 0.3]]",24,17-11,Round of 32,0,6
Hampton Technical|girls,Hampton,girls,Group 2,31,38.4,1.6999999999999955,6.0,40,0,59,59 58 57 56 55 54 53 52 51,"[[59, 6.0, 1.0], [58, 8.0, 1.0], [57, 7.0, 1.0], [56, 10.0, 0.6], [55, 11.0, 0.6], [54, 7.0, 0.6], [53, 1.0, 0.3], [52, 1.0, 0.3], [51, 0.0, 0.3]]",32,17-12,Parastate,0,-1
Oksana Petrov|girls,Oak Forest,girls,Group 2,32,33.60000000000001,7.100000000000005,9.0,60,0,59,59 58 57 56 55 54 53 52 51,"[[59, 9.0, 1.0], [58, 9.0, 1.0], [57, 9.0, 1.0], [56, 1.0, 0.6], [55, 0.0, 0.6], [54, 1.0, 0.6], [53, 1.0, 0.3], [52, 7.0, 0.3], [51, 10.0, 0.3]]",14,22-13,Round of 32,0,18
Sluice Valley|girls,Sluice Valley,girls,Group 2,33,31.9,-1.5,3.0,43,0,59,59 58 57 56 55 54 53 52 51,"[[59, 3.0, 1.0], [58, 1.0, 1.0], [57, 6.0, 1.0], [56, 3.0, 0.6], [55, 11.0, 0.6], [54, 8.0, 0.6], [53, 10.0, 0.3], [52, 10.0, 0.3], [51, 9.0, 0.3]]",37,13-14,Parastate,0,-4
Harrow School of Design and Engineering|girls,New Boston,girls,Group 2,34,31.1,-8.0,1.0,55,0,59,59 58 57 56 55 54 53 52 51,"[[59, 1.0, 1.0], [58, 0.0, 1.0], [57, 1.0, 1.0], [56, 3.0, 0.6], [55, 3.0, 0.6], [54, 13.0, 0.6], [53, 17.0, 0.3], [52, 25.0, 0.3], [51, 17.0, 0.3]]",46,7-17,Semi-Conference,0,-12
Copper Bar|girls,Copper Bar,girls,Group 2,35,29.8,-9.300000000000004,3.0,43,0,59,59 58 57 56 55 54 53 52 51,"[[59, 3.0, 1.0], [58, 2.0, 1.0], [57, 2.0, 1.0], [56, 12.0, 0.6], [55, 3.0, 0.6], [54, 14.0, 0.6], [53, 9.0, 0.3], [52, 0.0, 0.3], [51, 9.0, 0.3]]",38,13-15,Parastate,0,-3
Stagewater County High|girls,Wong,girls,Group 2,36,29.3,10.0,10.0,43,0,59,59 58 57 56 55 54 53 52 51,"[[59, 10.0, 1.0], [58, 11.0, 1.0], [57, 8.0, 1.0], [56, 0.0, 0.6], [55, 0.0, 0.6], [54, 0.0, 0.6], [53, 0.0, 0.3], [52, 0.0, 0.3], [51, 1.0, 0.3]]",33,19-12,Round of 32,0,3
Drayfield Foundry High|girls,Empire,girls,Group 2,37,29.0,4.200000000000003,9.0,55,0,59,59 58 57 56 55 54 53 52 51,"[[59, 9.0, 1.0], [58, 9.0, 1.0], [57, 5.0, 1.0], [56, 0.0, 0.6], [55, 1.0, 0.6], [54, 0.0, 0.6], [53, 8.0, 0.3], [52, 1.0, 0.3], [51, 9.0, 0.3]]",20,19-10,Round of 32,0,17
Edith Tillman|girls,Norwood Park,girls,Group 2,38,28.6,4.799999999999997,10.0,60,0,59,59 58 57 56 55 54 53 52 51,"[[59, 10.0, 1.0], [58, 6.0, 1.0], [57, 9.0, 1.0], [56, 4.0, 0.6], [55, 1.0, 0.6], [54, 0.0, 0.6], [53, 1.0, 0.3], [52, 0.0, 0.3], [51, 1.0, 0.3]]",26,19-14,Round of 32,0,12
Galena|girls,Galena,girls,Group 2,39,28.0,-7.799999999999997,1.0,60,0,59,59 58 57 56 55 54 53 52 51,"[[59, 1.0, 1.0], [58, 0.0, 1.0], [57, 0.0, 1.0], [56, 10.0, 0.6], [55, 12.0, 0.6], [54, 9.0, 0.6], [53, 5.0, 0.3], [52, 11.0, 0.3], [51, 12.0, 0.3]]",54,7-18,Wards,0,-15
Drayfield|girls,Drayfield,girls,Group 2,40,24.6,-7.699999999999999,1.0,60,0,59,59 58 57 56 55 54 53 52 51,"[[59, 1.0, 1.0], [58, 1.0, 1.0], [57, 1.0, 1.0], [56, 6.0, 0.6], [55, 13.0, 0.6], [54, 7.0, 0.6], [53, 9.0, 0.3], [52, 11.0, 0.3], [51, 0.0, 0.3]]",40,8-18,Parastate,0,0
St. Casimir High School|girls,Harriman Lyceum,girls,Group 2,41,19.0,-6.599999999999998,1.0,60,0,59,59 58 57 56 55 54 53 52 51,"[[59, 1.0, 1.0], [58, 0.0, 1.0], [57, 0.0, 1.0], [56, 4.0, 0.6], [55, 12.0, 0.6], [54, 0.0, 0.6], [53, 16.0, 0.3], [52, 10.0, 0.3], [51, 2.0, 0.3]]",50,9-17,Semi-Conference,0,-9
Cub River Catholic|girls,Coldwater,girls,Group 2,42,18.1,-3.899999999999999,1.0,43,0,59,59 58 57 56 55 54 53 52 51,"[[59, 1.0, 1.0], [58, 6.0, 1.0], [57, 0.0, 1.0], [56, 1.0, 0.6], [55, 6.0, 0.6], [54, 4.0, 0.6], [53, 5.0, 0.3], [52, 0.0, 0.3], [51, 10.0, 0.3]]",44,9-17,Semi-Conference,0,-2
St. Francis Xavier Preparatory|girls,Clarendon,girls,Group 2,43,18.1,-11.799999999999995,0.0,60,0,59,59 58 57 56 55 54 53 52 51,"[[59, 0.0, 1.0], [58, 3.0, 1.0], [57, 1.0, 1.0], [56, 1.0, 0.6], [55, 2.0, 0.6], [54, 11.0, 0.6], [53, 11.0, 0.3], [52, 7.0, 0.3], [51, 1.0, 0.3]]",59,3-20,Sectionals,0,-16
Miren Garmendia|girls,Ibarra,girls,Group 2,44,16.9,-4.0,3.0,60,0,59,59 58 57 56 55 54 53 52 51,"[[59, 3.0, 1.0], [58, 1.0, 1.0], [57, 3.0, 1.0], [56, 10.0, 0.6], [55, 1.0, 0.6], [54, 0.0, 0.6], [53, 0.0, 0.3], [52, 1.0, 0.3], [51, 10.0, 0.3]]",43,11-17,Specials,0,1
San Vito Regional|girls,San Vito Regional,girls,Group 2,45,16.2,-3.099999999999998,1.0,43,0,59,59 58 57 56 55 54 53 52 51,"[[59, 1.0, 1.0], [58, 1.0, 1.0], [57, 1.0, 1.0], [56, 8.0, 0.6], [55, 8.0, 0.6], [54, 3.0, 0.6], [53, 0.0, 0.3], [52, 3.0, 0.3], [51, 3.0, 0.3]]",41,12-17,Challengers,0,4
Harold Tillman North|girls,Echevarria,girls,Group 2,46,16.1,-6.399999999999999,1.0,60,0,59,59 58 57 56 55 54 53 52 51,"[[59, 1.0, 1.0], [58, 1.0, 1.0], [57, 0.0, 1.0], [56, 5.0, 0.6], [55, 5.0, 0.6], [54, 4.0, 0.6], [53, 8.0, 0.3], [52, 10.0, 0.3], [51, 1.0, 0.3]]",55,5-22,Wards,0,-9
Bonds|girls,Bonds,girls,Group 2,47,13.5,-7.5,0.0,43,0,59,59 58 57 56 55 54 53 52 51,"[[59, 0.0, 1.0], [58, 0.0, 1.0], [57, 0.0, 1.0], [56, 3.0, 0.6], [55, 1.0, 0.6], [54, 7.0, 0.6], [53, 13.0, 0.3], [52, 10.0, 0.3], [51, 0.0, 0.3]]",64,3-23,Sectionals,0,-17
Scheelite County|girls,Scheelite County,girls,Group 2,48,12.6,-2.700000000000001,0.0,60,0,59,59 58 57 56 55 54 53 52 51,"[[59, 0.0, 1.0], [58, 0.0, 1.0], [57, 3.0, 1.0], [56, 0.0, 0.6], [55, 0.0, 0.6], [54, 3.0, 0.6], [53, 8.0, 0.3], [52, 10.0, 0.3], [51, 8.0, 0.3]]",52,5-17,Sectionals,0,-4
Money|girls,Money,girls,Group 2,49,12.2,-6.400000000000002,0.0,38,0,59,59 58 57 56 55 54 53 52 51,"[[59, 0.0, 1.0], [58, 1.0, 1.0], [57, 1.0, 1.0], [56, 7.0, 0.6], [55, 0.0, 0.6], [54, 3.0, 0.6], [53, 2.0, 0.3], [52, 2.0, 0.3], [51, 10.0, 0.3]]",60,4-25,Sectionals,0,-11
St. Elias College Prep|girls,Aranaz,girls,Group 2,50,12.0,-3.6999999999999993,0.0,60,0,59,59 58 57 56 55 54 53 52 51,"[[59, 0.0, 1.0], [58, 0.0, 1.0], [57, 0.0, 1.0], [56, 1.0, 0.6], [55, 0.0, 0.6], [54, 1.0, 0.6], [53, 11.0, 0.3], [52, 9.0, 0.3], [51, 16.0, 0.3]]",66,1-25,Sectionals,0,-16
St. Martin Preparatory|girls,Greaves West,girls,Group 2,51,12.0,6.0,6.0,60,0,59,59 58 57 56 55 54 53 52 51,"[[59, 6.0, 1.0], [58, 1.0, 1.0], [57, 5.0, 1.0], [56, 0.0, 0.6], [55, 0.0, 0.6], [54, 0.0, 0.6], [53, 0.0, 0.3], [52, 0.0, 0.3], [51, 0.0, 0.3]]",36,17-17,Parastate,0,15
Carmina|girls,Carmina,girls,Group 2,52,11.599999999999998,-2.700000000000003,0.0,60,0,59,59 58 57 56 55 54 53 52 51,"[[59, 0.0, 1.0], [58, 1.0, 1.0], [57, 1.0, 1.0], [56, 0.0, 0.6], [55, 6.0, 0.6], [54, 0.0, 0.6], [53, 9.0, 0.3], [52, 0.0, 0.3], [51, 11.0, 0.3]]",48,6-17,Sectionals,0,4
Cutbank|girls,Cutbank,girls,Group 2,53,11.3,1.4000000000000004,2.0,43,0,59,59 58 57 56 55 54 53 52 51,"[[59, 2.0, 1.0], [58, 3.0, 1.0], [57, 3.0, 1.0], [56, 0.0, 0.6], [55, 1.0, 0.6], [54, 3.0, 0.6], [53, 2.0, 0.3], [52, 1.0, 0.3], [51, 0.0, 0.3]]",31,17-16,Parastate,0,22
Jean Baptiste|girls,Baptiste,girls,Group 2,54,10.2,-5.1,0.0,43,0,59,59 58 57 56 55 54 53 52 51,"[[59, 0.0, 1.0], [58, 0.0, 1.0], [57, 0.0, 1.0], [56, 0.0, 0.6], [55, 8.0, 0.6], [54, 2.0, 0.6], [53, 5.0, 0.3], [52, 0.0, 0.3], [51, 9.0, 0.3]]",57,6-23,Sectionals,0,-3
Alina Belov|girls,Clear Lake,girls,Group 2,55,9.3,0.0,0.0,60,0,59,59 58 57 56 55 54 53 52 51,"[[59, 0.0, 1.0], [58, 0.0, 1.0], [57, 0.0, 1.0], [56, 0.0, 0.6], [55, 1.0, 0.6], [54, 4.0, 0.6], [53, 0.0, 0.3], [52, 17.0, 0.3], [51, 4.0, 0.3]]",51,6-17,Sectionals,0,4
Laketown Regional|girls,Laketown Regional,girls,Group 2,56,9.0,-2.3999999999999986,0.0,43,0,59,59 58 57 56 55 54 53 52 51,"[[59, 0.0, 1.0], [58, 0.0, 1.0], [57, 0.0, 1.0], [56, 0.0, 0.6], [55, 0.0, 0.6], [54, 1.0, 0.6], [53, 6.0, 0.3], [52, 10.0, 0.3], [51, 12.0, 0.3]]",56,7-20,Sectionals,0,0
Richmond Technical|girls,Richmond,girls,Group 2,57,8.7,-7.300000000000001,0.0,40,0,59,59 58 57 56 55 54 53 52 51,"[[59, 0.0, 1.0], [58, 0.0, 1.0], [57, 0.0, 1.0], [56, 1.0, 0.6], [55, 0.0, 0.6], [54, 0.0, 0.6], [53, 10.0, 0.3], [52, 9.0, 0.3], [51, 8.0, 0.3]]",65,2-21,Sectionals,0,-8
Norfolk Central|girls,Norfolk,girls,Group 2,58,8.5,0.3000000000000007,3.0,40,0,59,59 58 57 56 55 54 53 52 51,"[[59, 3.0, 1.0], [58, 0.0, 1.0], [57, 1.0, 1.0], [56, 0.0, 0.6], [55, 0.0, 0.6], [54, 0.0, 0.6], [53, 0.0, 0.3], [52, 5.0, 0.3], [51, 10.0, 0.3]]",42,13-20,Challengers,0,16
Naomi Price|girls,Crown Paper,girls,Group 2,59,7.799999999999999,-2.1000000000000014,0.0,60,0,59,59 58 57 56 55 54 53 52 51,"[[59, 0.0, 1.0], [58, 0.0, 1.0], [57, 3.0, 1.0], [56, 0.0, 0.6], [55, 0.0, 0.6], [54, 0.0, 0.6], [53, 7.0, 0.3], [52, 9.0, 0.3], [51, 0.0, 0.3]]",61,3-21,Sectionals,0,-2
Muskogee|girls,Muskogee,girls,Group 2,60,7.2,3.0,3.0,40,0,59,59 58 57 56 55 54 53 52 51,"[[59, 3.0, 1.0], [58, 0.0, 1.0], [57, 0.0, 1.0], [56, 0.0, 0.6], [55, 0.0, 0.6], [54, 7.0, 0.6], [53, 0.0, 0.3], [52, 0.0, 0.3], [51, 0.0, 0.3]]",45,11-20,Specials,0,15
New Baltimore|girls,New Baltimore,girls,Group 2,61,4.6,-0.9000000000000004,0.0,43,0,59,59 58 57 56 55 54 53 52 51,"[[59, 0.0, 1.0], [58, 1.0, 1.0], [57, 0.0, 1.0], [56, 0.0, 0.6], [55, 0.0, 0.6], [54, 0.0, 0.6], [53, 1.0, 0.3], [52, 8.0, 0.3], [51, 3.0, 0.3]]",62,5-25,Sectionals,0,-1
Wellsville County Catholic|girls,Hyrum,girls,Group 2,62,4.5,-1.2000000000000002,0.0,43,0,59,59 58 57 56 55 54 53 52 51,"[[59, 0.0, 1.0], [58, 3.0, 1.0], [57, 0.0, 1.0], [56, 0.0, 0.6], [55, 0.0, 0.6], [54, 0.0, 0.6], [53, 4.0, 0.3], [52, 0.0, 0.3], [51, 1.0, 0.3]]",67,0-27,Sectionals,0,-5
Treasure Valley North|girls,Petoskey,girls,Group 2,63,3.9,-3.0000000000000004,0.0,60,0,59,59 58 57 56 55 54 53 52 51,"[[59, 0.0, 1.0], [58, 0.0, 1.0], [57, 0.0, 1.0], [56, 0.0, 0.6], [55, 0.0, 0.6], [54, 0.0, 0.6], [53, 0.0, 0.3], [52, 13.0, 0.3], [51, 0.0, 0.3]]",58,5-21,Sectionals,0,5
Timberline|girls,Timberline,girls,Group 2,64,3.3,-3.0,0.0,55,0,59,59 58 57 56 55 54 53 52 51,"[[59, 0.0, 1.0], [58, 0.0, 1.0], [57, 0.0, 1.0], [56, 0.0, 0.6], [55, 1.0, 0.6], [54, 0.0, 0.6], [53, 0.0, 0.3], [52, 0.0, 0.3], [51, 9.0, 0.3]]",63,2-20,Sectionals,0,1
St. Catherine College Prep|girls,Lizarra,girls,Group 2,65,2.7,-2.4,0.0,60,0,59,59 58 57 56 55 54 53 52 51,"[[59, 0.0, 1.0], [58, 0.0, 1.0], [57, 0.0, 1.0], [56, 0.0, 0.6], [55, 0.0, 0.6], [54, 0.0, 0.6], [53, 0.0, 0.3], [52, 9.0, 0.3], [51, 0.0, 0.3]]",49,7-21,Sectionals,0,16
Emigrant Trail|girls,Trailhead,girls,Group 2,66,2.2,-2.3,1.0,60,0,59,59 58 57 56 55 54 53 52 51,"[[59, 1.0, 1.0], [58, 0.0, 1.0], [57, 0.0, 1.0], [56, 0.0, 0.6], [55, 0.0, 0.6], [54, 1.0, 0.6], [53, 2.0, 0.3], [52, 0.0, 0.3], [51, 0.0, 0.3]]",47,8-17,Semi-Conference,0,19
Bridger Regional|girls,Bridger Regional,girls,Group 2,67,0.6,-0.2999999999999999,0.0,43,0,59,59 58 57 56 55 54 53 52 51,"[[59, 0.0, 1.0], [58, 0.0, 1.0], [57, 0.0, 1.0], [56, 0.0, 0.6], [55, 0.0, 0.6], [54, 0.0, 0.6], [53, 0.0, 0.3], [52, 2.0, 0.3], [51, 0.0, 0.3]]",53,8-19,Sectionals,0,14
Mirage Crossing|girls,Mirage Crossing,girls,Group 3,1,153.7,-2.300000000000012,25.0,60,0,59,59 58 57 56 55 54 53 52 51,"[[59, 25.0, 1.0], [58, 39.0, 1.0], [57, 39.0, 1.0], [56, 39.0, 0.6], [55, 11.0, 0.6], [54, 11.0, 0.6], [53, 39.0, 0.3], [52, 8.0, 0.3], [51, 0.0, 0.3]]",5,26-4,Semifinalist,0,-4
Keldale|girls,Espoo,girls,Group 3,2,98.09999999999998,16.099999999999994,39.0,60,0,59,59 58 57 56 55 54 53 52 51,"[[59, 39.0, 1.0], [58, 4.0, 1.0], [57, 2.0, 1.0], [56, 25.0, 0.6], [55, 25.0, 0.6], [54, 16.0, 0.6], [53, 16.0, 0.3], [52, 12.0, 0.3], [51, 17.0, 0.3]]",1,33-1,Champion,1,1
Guthrie Catholic|girls,Guthrie,girls,Group 3,3,88.8,-4.700000000000003,11.0,40,0,59,59 58 57 56 55 54 53 52 51,"[[59, 11.0, 1.0], [58, 8.0, 1.0], [57, 8.0, 1.0], [56, 25.0, 0.6], [55, 16.0, 0.6], [54, 25.0, 0.6], [53, 11.0, 0.3], [52, 39.0, 0.3], [51, 24.0, 0.3]]",24,18-12,Octofinalist,0,-21
Saltbush Reach|girls,Saltbush,girls,Group 3,4,88.3,23.90000000000001,27.0,60,0,59,59 58 57 56 55 54 53 52 51,"[[59, 27.0, 1.0], [58, 25.0, 1.0], [57, 27.0, 1.0], [56, 7.0, 0.6], [55, 8.0, 0.6], [54, 0.0, 0.6], [53, 0.0, 0.3], [52, 1.0, 0.3], [51, 0.0, 0.3]]",2,35-3,Finalist,0,2
Millview|girls,Kuusamo,girls,Group 3,5,83.3,7.299999999999997,17.0,60,0,59,59 58 57 56 55 54 53 52 51,"[[59, 17.0, 1.0], [58, 11.0, 1.0], [57, 16.0, 1.0], [56, 16.0, 0.6], [55, 27.0, 0.6], [54, 16.0, 0.6], [53, 10.0, 0.3], [52, 3.0, 0.3], [51, 0.0, 0.3]]",18,22-11,Quarterfinalist,0,-13
Marian Browne|girls,Riverview,girls,Group 3,6,80.1,-5.799999999999997,10.0,60,0,59,59 58 57 56 55 54 53 52 51,"[[59, 10.0, 1.0], [58, 16.0, 1.0], [57, 10.0, 1.0], [56, 17.0, 0.6], [55, 38.0, 0.6], [54, 10.0, 0.6], [53, 16.0, 0.3], [52, 0.0, 0.3], [51, 1.0, 0.3]]",10,22-6,Octofinalist,0,-4
Garazi Aramburu|girls,Ocean Park,girls,Group 3,7,73.99999999999999,11.699999999999989,16.0,60,0,59,59 58 57 56 55 54 53 52 51,"[[59, 16.0, 1.0], [58, 27.0, 1.0], [57, 10.0, 1.0], [56, 10.0, 0.6], [55, 21.0, 0.6], [54, 1.0, 0.6], [53, 0.0, 0.3], [52, 0.0, 0.3], [51, 6.0, 0.3]]",4,25-9,Quarterfinalist,0,3
Malad County Christian|girls,Sixmile,girls,Group 3,8,68.7,5.400000000000006,11.0,43,0,59,59 58 57 56 55 54 53 52 51,"[[59, 11.0, 1.0], [58, 24.0, 1.0], [57, 4.0, 1.0], [56, 8.0, 0.6], [55, 10.0, 0.6], [54, 17.0, 0.6], [53, 8.0, 0.3], [52, 8.0, 0.3], [51, 13.0, 0.3]]",19,22-9,Octofinalist,0,-11
Rimrock|girls,Rimrock,girls,Group 3,9,66.79999999999998,9.899999999999984,16.0,60,0,59,59 58 57 56 55 54 53 52 51,"[[59, 16.0, 1.0], [58, 9.0, 1.0], [57, 25.0, 1.0], [56, 13.0, 0.6], [55, 3.0, 0.6], [54, 10.0, 0.6], [53, 2.0, 0.3], [52, 2.0, 0.3], [51, 0.0, 0.3]]",8,26-4,Quarterfinalist,0,1
Raft County Catholic|girls,Raft County Catholic,girls,Group 3,10,62.7,5.699999999999996,10.0,43,0,59,59 58 57 56 55 54 53 52 51,"[[59, 10.0, 1.0], [58, 10.0, 1.0], [57, 25.0, 1.0], [56, 10.0, 0.6], [55, 9.0, 0.6], [54, 10.0, 0.6], [53, 1.0, 0.3], [52, 0.0, 0.3], [51, 0.0, 0.3]]",9,25-8,Octofinalist,0,1
Ninemile|girls,Ninemile,girls,Group 3,11,59.6,-8.899999999999999,0.0,60,0,59,59 58 57 56 55 54 53 52 51,"[[59, 0.0, 1.0], [58, 16.0, 1.0], [57, 16.0, 1.0], [56, 11.0, 0.6], [55, 16.0, 0.6], [54, 8.0, 0.6], [53, 4.0, 0.3], [52, 10.0, 0.3], [51, 8.0, 0.3]]",70,1-27,Sectionals,0,-59
Standale|girls,Lieksa,girls,Group 3,12,57.4,-2.200000000000003,8.0,60,0,59,59 58 57 56 55 54 53 52 51,"[[59, 8.0, 1.0], [58, 8.0, 1.0], [57, 3.0, 1.0], [56, 12.0, 0.6], [55, 11.0, 0.6], [54, 26.0, 0.6], [53, 10.0, 0.3], [52, 10.0, 0.3], [51, 10.0, 0.3]]",16,23-8,Round of 24,0,-4
Naylors Landing|girls,Naylors Landing,girls,Group 3,13,56.8,14.6,17.0,43,0,59,59 58 57 56 55 54 53 52 51,"[[59, 17.0, 1.0], [58, 11.0, 1.0], [57, 9.0, 1.0], [56, 6.0, 0.6], [55, 24.0, 0.6], [54, 1.0, 0.6], [53, 0.0, 0.3], [52, 3.0, 0.3], [51, 1.0, 0.3]]",17,26-12,Quarterfinalist,0,-4
Mabryville|girls,Virginia City,girls,Group 3,14,56.4,3.5999999999999943,10.0,60,0,59,59 58 57 56 55 54 53 52 51,"[[59, 10.0, 1.0], [58, 10.0, 1.0], [57, 10.0, 1.0], [56, 16.0, 0.6], [55, 17.0, 0.6], [54, 10.0, 0.6], [53, 0.0, 0.3], [52, 0.0, 0.3], [51, 2.0, 0.3]]",15,25-8,Octofinalist,0,-1
Kearney|girls,Kearney,girls,Group 3,15,53.6,5.099999999999994,10.0,40,0,59,59 58 57 56 55 54 53 52 51,"[[59, 10.0, 1.0], [58, 8.0, 1.0], [57, 14.0, 1.0], [56, 10.0, 0.6], [55, 10.0, 0.6], [54, 10.0, 0.6], [53, 1.0, 0.3], [52, 11.0, 0.3], [51, 0.0, 0.3]]",6,31-3,Octofinalist,0,9
Mabry Township|girls,Mabry Township,girls,Group 3,16,53.49999999999999,1.2999999999999972,8.0,43,0,59,59 58 57 56 55 54 53 52 51,"[[59, 8.0, 1.0], [58, 10.0, 1.0], [57, 16.0, 1.0], [56, 16.0, 0.6], [55, 8.0, 0.6], [54, 8.0, 0.6], [53, 1.0, 0.3], [52, 0.0, 0.3], [51, 0.0, 0.3]]",12,22-7,Round of 24,0,4
Topeka West|girls,Topeka,girls,Group 3,17,52.4,5.700000000000003,10.0,40,0,59,59 58 57 56 55 54 53 52 51,"[[59, 10.0, 1.0], [58, 9.0, 1.0], [57, 10.0, 1.0], [56, 10.0, 0.6], [55, 10.0, 0.6], [54, 10.0, 0.6], [53, 0.0, 0.3], [52, 10.0, 0.3], [51, 8.0, 0.3]]",23,21-15,Round of 24,0,-6
Southern Jefferson Christian|girls,Uplands,girls,Group 3,18,49.3,0.3000000000000042,4.0,60,0,59,59 58 57 56 55 54 53 52 51,"[[59, 4.0, 1.0], [58, 1.0, 1.0], [57, 2.0, 1.0], [56, 1.0, 0.6], [55, 10.0, 0.6], [54, 38.0, 0.6], [53, 10.0, 0.3], [52, 17.0, 0.3], [51, 16.0, 0.3]]",33,16-16,Parastate,0,-15
Doyleville Union|girls,Doyleville Union,girls,Group 3,19,49.0,1.0,8.0,43,0,59,59 58 57 56 55 54 53 52 51,"[[59, 8.0, 1.0], [58, 16.0, 1.0], [57, 10.0, 1.0], [56, 10.0, 0.6], [55, 8.0, 0.6], [54, 6.0, 0.6], [53, 0.0, 0.3], [52, 0.0, 0.3], [51, 2.0, 0.3]]",11,23-8,Round of 24,0,8
Elmfield|girls,Nurmes,girls,Group 3,20,48.49999999999999,7.699999999999996,10.0,60,0,59,59 58 57 56 55 54 53 52 51,"[[59, 10.0, 1.0], [58, 11.0, 1.0], [57, 11.0, 1.0], [56, 5.0, 0.6], [55, 14.0, 0.6], [54, 8.0, 0.6], [53, 1.0, 0.3], [52, 0.0, 0.3], [51, 0.0, 0.3]]",7,23-4,Octofinalist,0,13
Sage Meadows|girls,Galactica Plains,girls,Group 3,21,48.3,19.399999999999995,25.0,60,0,59,59 58 57 56 55 54 53 52 51,"[[59, 25.0, 1.0], [58, 10.0, 1.0], [57, 1.0, 1.0], [56, 14.0, 0.6], [55, 2.0, 0.6], [54, 1.0, 0.6], [53, 0.0, 0.3], [52, 6.0, 0.3], [51, 1.0, 0.3]]",3,29-3,Semifinalist,0,18
Ashbrook|girls,Ashbrook,girls,Group 3,22,47.0,4.0,8.0,43,0,59,59 58 57 56 55 54 53 52 51,"[[59, 8.0, 1.0], [58, 11.0, 1.0], [57, 10.0, 1.0], [56, 10.0, 0.6], [55, 10.0, 0.6], [54, 10.0, 0.6], [53, 0.0, 0.3], [52, 0.0, 0.3], [51, 0.0, 0.3]]",13,24-11,Round of 24,0,9
Latgaway|girls,Latgaway,girls,Group 3,23,43.8,9.6,10.0,60,0,59,59 58 57 56 55 54 53 52 51,"[[59, 10.0, 1.0], [58, 11.0, 1.0], [57, 9.0, 1.0], [56, 1.0, 0.6], [55, 7.0, 0.6], [54, 12.0, 0.6], [53, 0.0, 0.3], [52, 6.0, 0.3], [51, 0.0, 0.3]]",14,22-5,Octofinalist,0,9
Graymont|girls,Georgia Mills,girls,Group 3,24,43.60000000000001,2.6000000000000014,9.0,60,0,59,59 58 57 56 55 54 53 52 51,"[[59, 9.0, 1.0], [58, 5.0, 1.0], [57, 11.0, 1.0], [56, 10.0, 0.6], [55, 1.0, 0.6], [54, 11.0, 0.6], [53, 7.0, 0.3], [52, 2.0, 0.3], [51, 9.0, 0.3]]",20,21-13,Round of 24,0,4
Quincy Union|girls,Quincy,girls,Group 3,25,41.9,1.8000000000000045,10.0,40,0,59,59 58 57 56 55 54 53 52 51,"[[59, 10.0, 1.0], [58, 5.0, 1.0], [57, 14.0, 1.0], [56, 1.0, 0.6], [55, 4.0, 0.6], [54, 1.0, 0.6], [53, 10.0, 0.3], [52, 11.0, 0.3], [51, 10.0, 0.3]]",22,21-11,Parastate,0,3
Aspen Harbor|girls,East Simmons,girls,Group 3,26,39.3,-11.499999999999991,2.0,60,0,59,59 58 57 56 55 54 53 52 51,"[[59, 2.0, 1.0], [58, 6.0, 1.0], [57, 4.0, 1.0], [56, 3.0, 0.6], [55, 10.0, 0.6], [54, 8.0, 0.6], [53, 25.0, 0.3], [52, 8.0, 0.3], [51, 16.0, 0.3]]",28,17-15,Parastate,0,-2
St. Raphael College Prep|girls,Elk Bluff West,girls,Group 3,27,36.2,-6.799999999999997,0.0,60,0,59,59 58 57 56 55 54 53 52 51,"[[59, 0.0, 1.0], [58, 10.0, 1.0], [57, 16.0, 1.0], [56, 11.0, 0.6], [55, 1.0, 0.6], [54, 3.0, 0.6], [53, 0.0, 0.3], [52, 1.0, 0.3], [51, 3.0, 0.3]]",57,5-19,Sectionals,0,-30
Silver Lake|girls,Silver Lake,girls,Group 3,28,33.3,-5.700000000000003,1.0,60,0,59,59 58 57 56 55 54 53 52 51,"[[59, 1.0, 1.0], [58, 1.0, 1.0], [57, 1.0, 1.0], [56, 4.0, 0.6], [55, 5.0, 0.6], [54, 24.0, 0.6], [53, 16.0, 0.3], [52, 17.0, 0.3], [51, 2.0, 0.3]]",45,8-16,Wards,0,-17
Beargrass Christian|girls,Beargrass,girls,Group 3,29,32.4,4.9999999999999964,5.0,43,0,59,59 58 57 56 55 54 53 52 51,"[[59, 5.0, 1.0], [58, 16.0, 1.0], [57, 6.0, 1.0], [56, 0.0, 0.6], [55, 8.0, 0.6], [54, 1.0, 0.6], [53, 0.0, 0.3], [52, 0.0, 0.3], [51, 0.0, 0.3]]",25,21-13,Parastate,0,4
Rilland|girls,Rilland,girls,Group 3,30,28.8,8.7,9.0,60,0,59,59 58 57 56 55 54 53 52 51,"[[59, 9.0, 1.0], [58, 10.0, 1.0], [57, 8.0, 1.0], [56, 0.0, 0.6], [55, 1.0, 0.6], [54, 2.0, 0.6], [53, 0.0, 0.3], [52, 0.0, 0.3], [51, 0.0, 0.3]]",26,17-17,Round of 24,0,4
Assay|girls,Assay,girls,Group 3,31,27.200000000000003,-2.6999999999999997,1.0,60,0,59,59 58 57 56 55 54 53 52 51,"[[59, 1.0, 1.0], [58, 5.0, 1.0], [57, 8.0, 1.0], [56, 1.0, 0.6], [55, 4.0, 0.6], [54, 1.0, 0.6], [53, 1.0, 0.3], [52, 21.0, 0.3], [51, 10.0, 0.3]]",34,14-17,Wards,0,-3
Milldale Union|girls,Sotkamo Union,girls,Group 3,32,26.000000000000004,-18.5,0.0,60,0,59,59 58 57 56 55 54 53 52 51,"[[59, 0.0, 1.0], [58, 1.0, 1.0], [57, 1.0, 1.0], [56, 26.0, 0.6], [55, 0.0, 0.6], [54, 0.0, 0.6], [53, 2.0, 0.3], [52, 1.0, 0.3], [51, 25.0, 0.3]]",69,2-24,Sectionals,0,-37
Stone Meadows|girls,Raahe,girls,Group 3,33,24.9,-6.5,2.0,60,0,59,59 58 57 56 55 54 53 52 51,"[[59, 2.0, 1.0], [58, 1.0, 1.0], [57, 0.0, 1.0], [56, 1.0, 0.6], [55, 1.0, 0.6], [54, 17.0, 0.6], [53, 27.0, 0.3], [52, 8.0, 0.3], [51, 0.0, 0.3]]",36,14-17,Semi-Conference,0,-3
Elk Bluff|girls,Elk Bluff,girls,Group 3,34,24.5,-0.6000000000000014,7.0,60,0,59,59 58 57 56 55 54 53 52 51,"[[59, 7.0, 1.0], [58, 1.0, 1.0], [57, 6.0, 1.0], [56, 1.0, 0.6], [55, 1.0, 0.6], [54, 0.0, 0.6], [53, 10.0, 0.3], [52, 8.0, 0.3], [51, 13.0, 0.3]]",30,17-15,Parastate,0,4
Nicodemus|girls,Nicodemus,girls,Group 3,35,22.600000000000005,3.800000000000008,14.0,40,0,59,59 58 57 56 55 54 53 52 51,"[[59, 14.0, 1.0], [58, 2.0, 1.0], [57, 0.0, 1.0], [56, 3.0, 0.6], [55, 1.0, 0.6], [54, 0.0, 0.6], [53, 6.0, 0.3], [52, 1.0, 0.3], [51, 7.0, 0.3]]",21,24-11,Round of 24,0,14
Kendricks Landing|girls,Kendricks Landing,girls,Group 3,36,21.8,-5.400000000000002,1.0,60,0,59,59 58 57 56 55 54 53 52 51,"[[59, 1.0, 1.0], [58, 3.0, 1.0], [57, 4.0, 1.0], [56, 7.0, 0.6], [55, 10.0, 0.6], [54, 0.0, 0.6], [53, 11.0, 0.3], [52, 0.0, 0.3], [51, 1.0, 0.3]]",35,14-14,Wards,0,1
Sage Lake|girls,Sage Village,girls,Group 3,37,20.0,-4.599999999999998,1.0,60,0,59,59 58 57 56 55 54 53 52 51,"[[59, 1.0, 1.0], [58, 0.0, 1.0], [57, 1.0, 1.0], [56, 8.0, 0.6], [55, 1.0, 0.6], [54, 1.0, 0.6], [53, 0.0, 0.3], [52, 1.0, 0.3], [51, 39.0, 0.3]]",32,12-13,Parastate,0,5
Northrup I-50 Technical|girls,Northrup Tech,girls,Group 3,38,19.3,0.3000000000000007,1.0,20,0,59,59 58 57 56 55 54 53 52 51,"[[59, 1.0, 1.0], [58, 5.0, 1.0], [57, 1.0, 1.0], [56, 1.0, 0.6], [55, 1.0, 0.6], [54, 12.0, 0.6], [53, 1.0, 0.3], [52, 10.0, 0.3], [51, 2.0, 0.3]]",46,9-18,Wards,0,-8
Diamante|girls,Diamante,girls,Group 3,39,18.2,0.6999999999999993,1.0,60,0,59,59 58 57 56 55 54 53 52 51,"[[59, 1.0, 1.0], [58, 1.0, 1.0], [57, 6.0, 1.0], [56, 0.0, 0.6], [55, 9.0, 0.6], [54, 7.0, 0.6], [53, 1.0, 0.3], [52, 1.0, 0.3], [51, 0.0, 0.3]]",39,9-17,Wards,0,0
Twin Rivers|girls,Twin Rivers,girls,Group 3,40,16.3,-0.2999999999999971,2.0,60,0,59,59 58 57 56 55 54 53 52 51,"[[59, 2.0, 1.0], [58, 1.0, 1.0], [57, 1.0, 1.0], [56, 2.0, 0.6], [55, 2.0, 0.6], [54, 0.0, 0.6], [53, 5.0, 0.3], [52, 24.0, 0.3], [51, 4.0, 0.3]]",29,15-17,Parastate,0,11
Agate|girls,Agate,girls,Group 3,41,15.3,-9.999999999999998,0.0,60,0,59,59 58 57 56 55 54 53 52 51,"[[59, 0.0, 1.0], [58, 0.0, 1.0], [57, 0.0, 1.0], [56, 1.0, 0.6], [55, 1.0, 0.6], [54, 6.0, 0.6], [53, 16.0, 0.3], [52, 11.0, 0.3], [51, 8.0, 0.3]]",66,4-23,Sectionals,0,-25
Homecroft Manufacturing and Technology Academy|girls,West Burlington,girls,Group 3,42,13.9,-16.599999999999994,0.0,55,0,59,59 58 57 56 55 54 53 52 51,"[[59, 0.0, 1.0], [58, 1.0, 1.0], [57, 0.0, 1.0], [56, 1.0, 0.6], [55, 0.0, 0.6], [54, 1.0, 0.6], [53, 15.0, 0.3], [52, 12.0, 0.3], [51, 12.0, 0.3]]",49,9-19,Sectionals,0,-7
Basalt Prairie Union|girls,Prairie,girls,Group 3,43,12.6,-4.999999999999998,0.0,60,0,59,59 58 57 56 55 54 53 52 51,"[[59, 0.0, 1.0], [58, 0.0, 1.0], [57, 0.0, 1.0], [56, 2.0, 0.6], [55, 4.0, 0.6], [54, 10.0, 0.6], [53, 10.0, 0.3], [52, 0.0, 0.3], [51, 0.0, 0.3]]",52,6-19,Sectionals,0,-9
Trout Point|girls,North Simmons,girls,Group 3,44,12.2,-3.0,1.0,60,0,59,59 58 57 56 55 54 53 52 51,"[[59, 1.0, 1.0], [58, 0.0, 1.0], [57, 1.0, 1.0], [56, 1.0, 0.6], [55, 0.0, 0.6], [54, 1.0, 0.6], [53, 1.0, 0.3], [52, 2.0, 0.3], [51, 27.0, 0.3]]",47,10-15,Wards,0,-3
Huckle Butte|girls,Huckle Butte,girls,Group 3,45,11.8,-5.399999999999999,0.0,60,0,59,59 58 57 56 55 54 53 52 51,"[[59, 0.0, 1.0], [58, 0.0, 1.0], [57, 1.0, 1.0], [56, 0.0, 0.6], [55, 0.0, 0.6], [54, 0.0, 0.6], [53, 4.0, 0.3], [52, 16.0, 0.3], [51, 16.0, 0.3]]",56,7-19,Sectionals,0,-11
Meridia|girls,Meridia,girls,Group 3,46,11.8,-2.3000000000000007,1.0,60,0,59,59 58 57 56 55 54 53 52 51,"[[59, 1.0, 1.0], [58, 0.0, 1.0], [57, 0.0, 1.0], [56, 0.0, 0.6], [55, 0.0, 0.6], [54, 1.0, 0.6], [53, 10.0, 0.3], [52, 16.0, 0.3], [51, 8.0, 0.3]]",37,11-14,Wards,0,9
Sixes|girls,Sixes,girls,Group 3,47,11.6,0.4000000000000003,1.0,60,0,59,59 58 57 56 55 54 53 52 51,"[[59, 1.0, 1.0], [58, 1.0, 1.0], [57, 0.0, 1.0], [56, 0.0, 0.6], [55, 0.0, 0.6], [54, 1.0, 0.6], [53, 1.0, 0.3], [52, 12.0, 0.3], [51, 17.0, 0.3]]",44,10-18,Wards,0,3
Starlake Canal View|girls,North Starlake,girls,Group 3,48,11.0,-2.4000000000000004,0.0,60,0,59,59 58 57 56 55 54 53 52 51,"[[59, 0.0, 1.0], [58, 1.0, 1.0], [57, 1.0, 1.0], [56, 0.0, 0.6], [55, 1.0, 0.6], [54, 6.0, 0.6], [53, 7.0, 0.3], [52, 8.0, 0.3], [51, 1.0, 0.3]]",27,17-11,Challengers,0,21
Eatonville Central|girls,Eatonville,girls,Group 3,49,10.8,-2.6999999999999997,0.0,40,0,59,59 58 57 56 55 54 53 52 51,"[[59, 0.0, 1.0], [58, 0.0, 1.0], [57, 0.0, 1.0], [56, 0.0, 0.6], [55, 0.0, 0.6], [54, 0.0, 0.6], [53, 1.0, 0.3], [52, 27.0, 0.3], [51, 8.0, 0.3]]",58,6-24,Sectionals,0,-9
Ferris Union|girls,Union Prairie,girls,Group 3,50,10.5,-7.800000000000001,0.0,60,0,59,59 58 57 56 55 54 53 52 51,"[[59, 0.0, 1.0], [58, 0.0, 1.0], [57, 0.0, 1.0], [56, 0.0, 0.6], [55, 0.0, 0.6], [54, 4.0, 0.6], [53, 25.0, 0.3], [52, 2.0, 0.3], [51, 0.0, 0.3]]",67,2-22,Sectionals,0,-17
Tungsten Reach|girls,Tungsten,girls,Group 3,51,9.7,-5.0,0.0,60,0,59,59 58 57 56 55 54 53 52 51,"[[59, 0.0, 1.0], [58, 0.0, 1.0], [57, 1.0, 1.0], [56, 2.0, 0.6], [55, 0.0, 0.6], [54, 0.0, 0.6], [53, 12.0, 0.3], [52, 1.0, 0.3], [51, 12.0, 0.3]]",50,7-20,Sectionals,0,1
Weller Regional|girls,Yandell,girls,Group 3,52,8.399999999999999,1.5999999999999988,2.0,60,0,59,59 58 57 56 55 54 53 52 51,"[[59, 2.0, 1.0], [58, 2.0, 1.0], [57, 2.0, 1.0], [56, 1.0, 0.6], [55, 1.0, 0.6], [54, 0.0, 0.6], [53, 0.0, 0.3], [52, 0.0, 0.3], [51, 4.0, 0.3]]",38,11-18,Semi-Conference,0,14
Marshdale|girls,Fort Lassiter,girls,Group 3,53,7.8,-1.4999999999999991,2.0,60,0,59,59 58 57 56 55 54 53 52 51,"[[59, 2.0, 1.0], [58, 1.0, 1.0], [57, 3.0, 1.0], [56, 2.0, 0.6], [55, 0.0, 0.6], [54, 1.0, 0.6], [53, 0.0, 0.3], [52, 0.0, 0.3], [51, 0.0, 0.3]]",31,13-15,Parastate,0,22
Dovetail|girls,Dovetail,girls,Group 3,54,7.6,-1.1999999999999993,0.0,60,0,59,59 58 57 56 55 54 53 52 51,"[[59, 0.0, 1.0], [58, 1.0, 1.0], [57, 0.0, 1.0], [56, 0.0, 0.6], [55, 0.0, 0.6], [54, 0.0, 0.6], [53, 1.0, 0.3], [52, 12.0, 0.3], [51, 9.0, 0.3]]",65,5-23,Sectionals,0,-11
Nerea Urrutia|girls,Blue Valley,girls,Group 3,55,7.1000000000000005,-4.8,1.0,60,0,59,59 58 57 56 55 54 53 52 51,"[[59, 1.0, 1.0], [58, 0.0, 1.0], [57, 1.0, 1.0], [56, 1.0, 0.6], [55, 1.0, 0.6], [54, 2.0, 0.6], [53, 8.0, 0.3], [52, 0.0, 0.3], [51, 1.0, 0.3]]",41,11-16,Wards,0,14
Mercy Academy|girls,Natchez Mercy,girls,Group 3,56,4.7,-6.499999999999999,1.0,60,0,59,59 58 57 56 55 54 53 52 51,"[[59, 1.0, 1.0], [58, 1.0, 1.0], [57, 0.0, 1.0], [56, 0.0, 0.6], [55, 0.0, 0.6], [54, 0.0, 0.6], [53, 8.0, 0.3], [52, 0.0, 0.3], [51, 1.0, 0.3]]",48,9-22,Wards,0,8
Starlake|girls,Starlake,girls,Group 3,57,4.7,-0.5999999999999996,1.0,60,0,59,59 58 57 56 55 54 53 52 51,"[[59, 1.0, 1.0], [58, 1.0, 1.0], [57, 0.0, 1.0], [56, 4.0, 0.6], [55, 0.0, 0.6], [54, 0.0, 0.6], [53, 0.0, 0.3], [52, 0.0, 0.3], [51, 1.0, 0.3]]",42,10-14,Wards,0,15
Kelview Union|girls,Iisalmi Union,girls,Group 3,58,3.6,-3.3999999999999995,0.0,60,0,59,59 58 57 56 55 54 53 52 51,"[[59, 0.0, 1.0], [58, 0.0, 1.0], [57, 0.0, 1.0], [56, 1.0, 0.6], [55, 0.0, 0.6], [54, 0.0, 0.6], [53, 9.0, 0.3], [52, 0.0, 0.3], [51, 1.0, 0.3]]",60,5-22,Sectionals,0,-2
Norstead|girls,Norstead,girls,Group 3,59,2.9,-1.6999999999999995,1.0,60,0,59,59 58 57 56 55 54 53 52 51,"[[59, 1.0, 1.0], [58, 0.0, 1.0], [57, 1.0, 1.0], [56, 0.0, 0.6], [55, 1.0, 0.6], [54, 0.0, 0.6], [53, 0.0, 0.3], [52, 1.0, 0.3], [51, 0.0, 0.3]]",43,12-16,Wards,0,16
Hetfield|girls,Brynildson Hill,girls,Group 3,60,2.7,-1.4999999999999996,0.0,60,0,59,59 58 57 56 55 54 53 52 51,"[[59, 0.0, 1.0], [58, 0.0, 1.0], [57, 0.0, 1.0], [56, 0.0, 0.6], [55, 0.0, 0.6], [54, 0.0, 0.6], [53, 4.0, 0.3], [52, 4.0, 0.3], [51, 1.0, 0.3]]",64,4-24,Sectionals,0,-4
Etchart|girls,Etchart,girls,Group 3,61,2.3999999999999995,-0.7000000000000006,0.0,60,0,59,59 58 57 56 55 54 53 52 51,"[[59, 0.0, 1.0], [58, 0.0, 1.0], [57, 0.0, 1.0], [56, 1.0, 0.6], [55, 1.0, 0.6], [54, 1.0, 0.6], [53, 1.0, 0.3], [52, 1.0, 0.3], [51, 0.0, 0.3]]",53,8-21,Sectionals,0,8
Oscar Michaeux|girls,Michaeux,girls,Group 3,62,2.1,-1.5,0.0,60,0,59,59 58 57 56 55 54 53 52 51,"[[59, 0.0, 1.0], [58, 0.0, 1.0], [57, 0.0, 1.0], [56, 0.0, 0.6], [55, 2.0, 0.6], [54, 1.0, 0.6], [53, 0.0, 0.3], [52, 1.0, 0.3], [51, 0.0, 0.3]]",55,6-22,Sectionals,0,7
Silver Junction|girls,Silver Junction,girls,Group 3,63,2.1,-0.9000000000000004,0.0,43,0,59,59 58 57 56 55 54 53 52 51,"[[59, 0.0, 1.0], [58, 0.0, 1.0], [57, 0.0, 1.0], [56, 0.0, 0.6], [55, 0.0, 0.6], [54, 0.0, 0.6], [53, 1.0, 0.3], [52, 0.0, 0.3], [51, 6.0, 0.3]]",54,7-22,Sectionals,0,9
Emporia|girls,Emporia,girls,Group 3,64,1.9,-0.3,0.0,40,0,59,59 58 57 56 55 54 53 52 51,"[[59, 0.0, 1.0], [58, 0.0, 1.0], [57, 1.0, 1.0], [56, 0.0, 0.6], [55, 1.0, 0.6], [54, 0.0, 0.6], [53, 1.0, 0.3], [52, 0.0, 0.3], [51, 0.0, 0.3]]",68,3-23,Sectionals,0,-4
Covenant Christian|girls,Covenant Christian,girls,Group 3,65,1.2,0.0,0.0,60,0,59,59 58 57 56 55 54 53 52 51,"[[59, 0.0, 1.0], [58, 0.0, 1.0], [57, 0.0, 1.0], [56, 0.0, 0.6], [55, 0.0, 0.6], [54, 1.0, 0.6], [53, 0.0, 0.3], [52, 1.0, 0.3], [51, 1.0, 0.3]]",63,4-23,Sectionals,0,2
Eagleton|girls,Eagleton,girls,Group 3,66,1.0,0.0,0.0,60,0,59,59 58 57 56 55 54 53 52 51,"[[59, 0.0, 1.0], [58, 0.0, 1.0], [57, 1.0, 1.0], [56, 0.0, 0.6], [55, 0.0, 0.6], [54, 0.0, 0.6], [53, 0.0, 0.3], [52, 0.0, 0.3], [51, 0.0, 0.3]]",61,5-18,Sectionals,0,5
St. Casimir High School North|girls,Casimir Creek,girls,Group 3,67,1.0,-2.0,1.0,55,0,59,59 58 57 56 55 54 53 52 51,"[[59, 1.0, 1.0], [58, 0.0, 1.0], [57, 0.0, 1.0], [56, 0.0, 0.6], [55, 0.0, 0.6], [54, 0.0, 0.6], [53, 0.0, 0.3], [52, 0.0, 0.3], [51, 0.0, 0.3]]",40,11-18,Wards,0,27
Windrow|girls,Windrow,girls,Group 3,68,1.0,-0.8999999999999999,0.0,60,0,59,59 58 57 56 55 54 53 52 51,"[[59, 0.0, 1.0], [58, 1.0, 1.0], [57, 0.0, 1.0], [56, 0.0, 0.6], [55, 0.0, 0.6], [54, 0.0, 0.6], [53, 0.0, 0.3], [52, 0.0, 0.3], [51, 0.0, 0.3]]",59,6-22,Sectionals,0,9
Langston Central|girls,Singleton,girls,Group 3,69,0.8999999999999999,-0.3,0.0,30,0,59,59 58 57 56 55 54 53 52 51,"[[59, 0.0, 1.0], [58, 0.0, 1.0], [57, 0.0, 1.0], [56, 0.0, 0.6], [55, 0.0, 0.6], [54, 0.0, 0.6], [53, 1.0, 0.3], [52, 1.0, 0.3], [51, 1.0, 0.3]]",62,7-23,Sectionals,0,7
Lodestone|girls,Lodestone,girls,Group 3,70,0.8999999999999999,-2.7,0.0,60,0,59,59 58 57 56 55 54 53 52 51,"[[59, 0.0, 1.0], [58, 0.0, 1.0], [57, 0.0, 1.0], [56, 0.0, 0.6], [55, 0.0, 0.6], [54, 0.0, 0.6], [53, 0.0, 0.3], [52, 0.0, 0.3], [51, 3.0, 0.3]]",51,8-22,Sectionals,0,19
