gender,group,flight,player_id,player_name,school,seed,bracket_wins,bracket_losses,champion,runner_up,matches,wins,win_pct,wae,expected_wins,bracket_pct,elevation
boys,1A,D1,e7aae7f4b9eacb3f,Jayce Garcia,Linden,14.0,3,1,0,0,12.0,4.0,0.3333333333333333,-1.3319220013649111,5.331922001364911,0.75,0.4166666666666667
girls,2A,D1,214cb041c95a8017,Klaudia Sokołowski,Fogline,2.0,6,0,1,0,23.0,14.0,0.6086956521739131,-2.4464650919641793,16.44646509196418,1.0,0.3913043478260869
girls,6A,S1,96413b730599b830,Estefania Erazo,Starfield,10.0,4,1,0,0,24.0,11.0,0.4583333333333333,-3.7673121331181942,14.767312133118194,0.8,0.34166666666666673
girls,Group 3,S1,62de2d68da049be0,Leila Rock,Rilland,13.0,3,1,0,0,24.0,10.0,0.4166666666666667,-4.517861495008048,14.517861495008047,0.75,0.3333333333333333
girls,8A,D1,f50d73b66483d866,Annabelle Lutz,Marshfield Prep,1.0,6,0,1,0,19.0,13.0,0.6842105263157895,-2.8262392029095693,15.82623920290957,1.0,0.3157894736842105
boys,6A,D1,dbde06b84cf2f45f,Trevor Cooley,Emerson,3.0,6,0,1,0,10.0,7.0,0.7,-0.34887518572581533,7.348875185725816,1.0,0.30000000000000004
boys,6A,S2,6dbf4337ab6ceff8,Asher Rhee,Pelican Town,3.0,4,1,0,0,19.0,10.0,0.5263157894736842,-3.549657698445132,13.549657698445133,0.8,0.27368421052631586
boys,Group 2,S3,7ed3f02c5736b2be,Jase Wang,Spring Harvest,12.0,4,1,0,0,17.0,9.0,0.5294117647058824,-2.309655990967059,11.309655990967059,0.8,0.2705882352941177
girls,1A,D1,fb0ebca4925a876f,Jessica Morose,Trout Lake,9.0,4,1,0,0,30.0,16.0,0.5333333333333333,-2.1091434314612387,18.109143431461238,0.8,0.2666666666666667
boys,6A,S3,4d987a95895990e4,Dashawn Cunningham,Chaminade,2.0,6,0,1,0,23.0,17.0,0.7391304347826086,-3.1860287824869826,20.186028782486982,1.0,0.26086956521739135
girls,Group 3,D1,d72e89bd96b4de60,Nevaeh Koch,Galactica Plains,3.0,6,0,1,0,28.0,21.0,0.75,-3.426524364974357,24.426524364974355,1.0,0.25
boys,Group 2,S3,2c4112e1c2f4cb49,Tristan Bonds,Brown,7.0,3,1,0,0,14.0,7.0,0.5,-2.8284190844727086,9.828419084472708,0.75,0.25
girls,1A,S3,13d61a9c1c663a2f,Jaidah Ituka,Tailingford Union,,3,1,0,0,22.0,11.0,0.5,-0.125801987306855,11.125801987306854,0.75,0.25
girls,4A,S1,c8a2a3c20142356b,Madeleine Kim,Fellows Mill,15.0,3,1,0,0,22.0,11.0,0.5,0.5581601876130226,10.441839812386977,0.75,0.25
boys,6A,D1,5a0074fd4b225050,Marcus Todd-Williams,Emerson,3.0,6,0,1,0,25.0,19.0,0.76,2.0516704843366993,16.9483295156633,1.0,0.24
boys,6A,S2,ee3d0207c74c1faf,Greyson Cardwell,C. Coolidge,9.0,4,1,0,0,25.0,14.0,0.56,-2.3755169146635557,16.375516914663557,0.8,0.24
boys,2A,S1,cd966f69284f7ec3,James Le,Porterfield,3.0,6,0,1,0,26.0,20.0,0.7692307692307693,-0.22593106332912172,20.22593106332912,1.0,0.23076923076923073
boys,5A,S1,c7a6cff646624664,Prince Spain,Sandhill Marsh,22.0,3,1,0,0,23.0,12.0,0.5217391304347826,-2.07450268938309,14.07450268938309,0.75,0.2282608695652174
boys,8A,S2,a1447987156ab93a,Alexis Hunt,Natchitoches,4.0,6,0,1,0,31.0,24.0,0.7741935483870968,-1.2830151854125282,25.283015185412527,1.0,0.22580645161290325
girls,1A,S3,fbbf58707c2b9fb0,Tavia Gordon,Manzanita Junction,15.0,4,1,0,0,33.0,19.0,0.5757575757575758,1.4113676037990972,17.588632396200904,0.8,0.22424242424242424
boys,4A,S2,db2590eb67264e14,Xavier Tian,Averill,4.0,3,1,0,0,30.0,16.0,0.5333333333333333,-2.648145598977448,18.648145598977447,0.75,0.21666666666666667
girls,2A,D1,21614704b10a6685,Willow Adams,Fogline,2.0,6,0,1,0,19.0,15.0,0.7894736842105263,2.3130610292366036,12.686938970763396,1.0,0.21052631578947367
girls,4A,S2,fbded2c5c961263d,Meshkatolzahra Sadeghi,Gagarin,2.0,6,0,1,0,24.0,19.0,0.7916666666666666,-3.023744526901724,22.023744526901723,1.0,0.20833333333333337
girls,6A,D1,001729915afe4ddd,Chloe Nelson,Severn,6.0,3,1,0,0,24.0,13.0,0.5416666666666666,-1.0643080273532055,14.064308027353206,0.75,0.20833333333333337
boys,8A,S2,1827a882fb6d3e74,Nolan Gallegos,Bell,15.0,3,1,0,0,33.0,18.0,0.5454545454545454,-2.1926150608785107,20.19261506087851,0.75,0.20454545454545459
girls,1A,D1,65d306743cd72e15,Kennedy Busch,Manzanita Junction,10.0,3,1,0,0,11.0,6.0,0.5454545454545454,-0.23958761068037515,6.239587610680375,0.75,0.20454545454545459
boys,Group 1,S2,734f1e1e08d4f8ff,Tyler Merritt,Pope Leo XIV,9.0,4,1,0,0,25.0,15.0,0.6,-0.47823183626699306,15.478231836266993,0.8,0.20000000000000007
girls,Group 1,D2,665ce1ef5c7a9713,Nina Sandoval,Boyle Heights,7.0,4,1,0,0,10.0,6.0,0.6,1.222983283817768,4.7770167161822314,0.8,0.20000000000000007
boys,Group 1,S3,5efbd5fe606d83a8,Brady Marquis,Tallulah Central,11.0,3,1,0,0,29.0,16.0,0.5517241379310345,-4.572797697427329,20.57279769742733,0.75,0.19827586206896552
boys,8A,S3,7afd163c6b811b66,Elijah Major,Tidegate,1.0,6,0,1,0,36.0,29.0,0.8055555555555556,-0.586134708076443,29.586134708076443,1.0,0.19444444444444442
boys,4A,S1,654e8e3e7c0b72a4,Noah Suarez,Indigo Bend,23.0,3,1,0,0,27.0,15.0,0.5555555555555556,0.11543377916783626,14.884566220832165,0.75,0.19444444444444442
girls,1A,S2,f31e5aeb223f652e,Mia Miller,Trout Lake,14.0,3,1,0,0,25.0,14.0,0.56,1.9574589150325639,12.042541084967436,0.75,0.18999999999999995
boys,8A,D2,495db34946e65492,Peter Allen,Ukiah,14.0,3,1,0,0,16.0,9.0,0.5625,0.29869663587105144,8.701303364128949,0.75,0.1875
girls,9A,S3,14f19dc4f9cdb8d0,Boo Murakami,De La Salle,5.0,6,0,1,0,27.0,22.0,0.8148148148148148,-1.5749711311312353,23.574971131131235,1.0,0.18518518518518523
girls,9A,D1,276f957886ec5e4b,Emma Green,Rockridge,2.0,6,0,1,0,11.0,9.0,0.8181818181818182,-0.7411394906191947,9.741139490619195,1.0,0.18181818181818177
boys,7A,D2,da230e5849358263,Denzel McCall,Baptist,1.0,5,0,1,0,11.0,9.0,0.8181818181818182,-0.2503131078038683,9.25031310780387,1.0,0.18181818181818177
boys,1A,S1,1a41c0d7daf6bc0d,Salvador Yépez,Portola-Caverly,5.0,4,1,0,0,21.0,13.0,0.6190476190476191,-3.3921046350751136,16.392104635075114,0.8,0.18095238095238098
boys,Group 2,S2,ce8a5e3f35e1e340,Miles Craven,Dawkins,1.0,6,0,1,0,23.0,19.0,0.8260869565217391,1.5205644947874868,17.479435505212514,1.0,0.17391304347826086
boys,6A,S2,70f5c3001ea0e8be,Ray Henry,Bolinas,16.0,3,1,0,0,26.0,15.0,0.5769230769230769,-2.326906227879667,17.326906227879668,0.75,0.17307692307692313
boys,Group 2,S1,9c77a8f24d633d57,William Leon,Spring Harvest,8.0,3,1,0,0,26.0,15.0,0.5769230769230769,-3.1479044801442413,18.14790448014424,0.75,0.17307692307692313
girls,5A,S1,c19a1ca5f6381128,Maya Anwar,Cheney,25.0,3,1,0,0,19.0,11.0,0.5789473684210527,-2.0501196566832984,13.050119656683298,0.75,0.17105263157894735
boys,1A,S1,ffdd92e57f013ae1,Carson Otero,Coastal Christian,8.0,4,1,0,0,19.0,12.0,0.631578947368421,-2.0644542233028034,14.064454223302803,0.8,0.16842105263157903
boys,8A,S1,1e10aefbba28f091,Kyle Taylor,Plainfield,2.0,6,0,1,0,24.0,20.0,0.8333333333333334,-0.03237786651604402,20.032377866516043,1.0,0.16666666666666663
boys,Group 3,S1,638ebecf1d4d5b55,Jordan Walsh,Saltbush,5.0,6,0,1,0,30.0,25.0,0.8333333333333334,0.7203223267654593,24.27967767323454,1.0,0.16666666666666663
girls,2A,S1,0898e8ad9ccb05a6,Sophia Steen,Sutter Basin,3.0,6,0,1,0,24.0,20.0,0.8333333333333334,-0.38087690927120266,20.3808769092712,1.0,0.16666666666666663
girls,5A,S1,2fd3cc4cef5d9b45,Grace Sullivan,Star City,1.0,6,0,1,0,24.0,20.0,0.8333333333333334,-0.5109700817935428,20.51097008179354,1.0,0.16666666666666663
boys,4A,S1,226525f30467f1d0,Ethan Vandergriff,Tallulah Canyon,8.0,3,1,0,0,24.0,14.0,0.5833333333333334,-2.452672089721502,16.452672089721503,0.75,0.16666666666666663
boys,7A,S1,823870da9a7c3447,Terrell Gauthier,Lone Pine,9.0,3,1,0,0,24.0,14.0,0.5833333333333334,-2.3834977259594576,16.383497725959458,0.75,0.16666666666666663
boys,7A,S1,9d132e295c8f14fa,Jagger Cummings,Sacred Heart,15.0,3,1,0,0,24.0,14.0,0.5833333333333334,-1.6000023663178766,15.600002366317877,0.75,0.16666666666666663
boys,Group 2,D1,aa77ab799c08da41,Gabriel Schwenk,Chicago Island,5.0,3,1,0,0,12.0,7.0,0.5833333333333334,-0.9686413184127842,7.968641318412784,0.75,0.16666666666666663
girls,8A,D2,adcdb61f25b5dbb1,Chia-ling Hsiao,Lower Lake,2.0,3,1,0,0,12.0,7.0,0.5833333333333334,-1.2839389951097013,8.2839389951097,0.75,0.16666666666666663
girls,2A,S3,f18559125e2b9eb6,Aubree Montemayor,Villard,9.0,3,1,0,0,29.0,17.0,0.5862068965517241,0.46494289290288615,16.535057107097114,0.75,0.1637931034482759
boys,4A,D1,cf62005a1737f769,Brice Josephs,Borondón Mesa,8.0,3,1,0,0,17.0,10.0,0.5882352941176471,-1.0586176484630052,11.058617648463006,0.75,0.16176470588235292
girls,1A,D2,57a83c0d53b6df5a,Eden Lee,Silton Ridge,5.0,3,1,0,0,17.0,10.0,0.5882352941176471,-1.2523984692073964,11.252398469207396,0.75,0.16176470588235292
boys,Group 1,S1,3c8a8c27da58baef,Nathaniel Lauer,Grant,4.0,6,0,1,0,31.0,26.0,0.8387096774193549,-0.14973353598234207,26.149733535982342,1.0,0.16129032258064513
boys,Group 1,S3,2b7593b68d9fea9c,Benjamin McClure,River Plain,4.0,6,0,1,0,25.0,21.0,0.84,-1.1455184621461982,22.1455184621462,1.0,0.16000000000000003
girls,1A,D1,90fcca7b8a5eb45a,River McClain,Banfield Day,1.0,6,0,1,0,25.0,21.0,0.84,-1.7532650085585724,22.75326500855857,1.0,0.16000000000000003
girls,Group 2,S1,cd94e460d0b204b7,Corazon Cifuentes,Toussaint,3.0,6,0,1,0,25.0,21.0,0.84,-0.20225980653351894,21.20225980653352,1.0,0.16000000000000003
boys,5A,S3,b67d3d514f27abbc,Aiden Lee,Casco,10.0,3,1,0,0,22.0,13.0,0.5909090909090909,-1.636643497156144,14.636643497156143,0.75,0.15909090909090906
boys,7A,D2,618b701630ce9b83,Dylan Fichter,Brookmont,7.0,3,1,0,0,22.0,13.0,0.5909090909090909,0.9237813797117495,12.07621862028825,0.75,0.15909090909090906
girls,Group 2,S1,e7ff7fc903f78f1a,Ayla James,Brown,15.0,3,1,0,0,22.0,13.0,0.5909090909090909,-1.1578424884072167,14.157842488407217,0.75,0.15909090909090906
girls,Group 3,S3,d37bd7b83575f797,Lillian Newbill,Ashbrook,6.0,3,1,0,0,22.0,13.0,0.5909090909090909,-1.9573668320821795,14.95736683208218,0.75,0.15909090909090906
girls,2A,S3,68995fbb7ee334f9,Elena Gandy,Pine Eagle,1.0,6,0,1,0,19.0,16.0,0.8421052631578947,-1.828958437437195,17.828958437437194,1.0,0.1578947368421053
boys,Group 1,D1,25a48e8c34380bcf,Luis Waymire,Boyle Heights,5.0,4,1,0,0,14.0,9.0,0.6428571428571429,-1.2688608188928057,10.268860818892806,0.8,0.15714285714285714
boys,9A,D1,4b4b5b3e51409bec,Alzarri Drakes,Port Meridian Central,1.0,6,0,1,0,13.0,11.0,0.8461538461538461,-0.8885468537093582,11.888546853709357,1.0,0.15384615384615385
boys,4A,S1,410a9d483aa0e9a5,Obadiah Temple,Basalt,16.0,4,1,0,0,17.0,11.0,0.6470588235294118,0.49711413407498084,10.50288586592502,0.8,0.15294117647058825
boys,3A,S2,b0ff51b3e6bc125d,Kenneth Hickey,San Lorenzo,2.0,6,0,1,0,20.0,17.0,0.85,-1.7128541158805204,18.71285411588052,1.0,0.15000000000000002
boys,9A,D2,070c0f1b1dd79378,Colton Palacios,Jesuit,8.0,3,1,0,0,10.0,6.0,0.6,-0.9017200164798302,6.90172001647983,0.75,0.15000000000000002
boys,Group 1,S2,1eed8ff44faf4ed6,Levi Boyett,Terrace Park,1.0,6,0,1,0,27.0,23.0,0.8518518518518519,-1.9289887195865498,24.92898871958655,1.0,0.14814814814814814
girls,4A,D2,03b5e195b7b9eb74,Sariah Pearce,Gagarin,1.0,6,0,1,0,27.0,23.0,0.8518518518518519,-0.19609912030372878,23.196099120303728,1.0,0.14814814814814814
girls,5A,S2,bf465bbc2ee793bf,Jade Cervantes,Pine Barrens,5.0,4,1,0,0,26.0,17.0,0.6538461538461539,-2.3036960018114523,19.303696001811453,0.8,0.1461538461538462
girls,2A,S2,ccc46dc909119ab1,Patricia Gardner,Windward,2.0,6,0,1,0,21.0,18.0,0.8571428571428571,-0.5008701391176982,18.500870139117698,1.0,0.1428571428571429
girls,3A,S1,57d08c6aa3f3c01a,Alyssa Ambrosi,Quarmont,2.0,6,0,1,0,21.0,18.0,0.8571428571428571,-0.5915603408292491,18.59156034082925,1.0,0.1428571428571429
girls,7A,S1,c4487a38201dcd18,Halimatu Akinyemi,Veles Harbor,5.0,6,0,1,0,21.0,18.0,0.8571428571428571,-0.7221673725568226,18.72216737255682,1.0,0.1428571428571429
girls,8A,S1,339dcaa24854e75e,Raelynn Cardenas,Asteroid City,1.0,6,0,1,0,21.0,18.0,0.8571428571428571,-1.7250703454076848,19.725070345407683,1.0,0.1428571428571429
girls,8A,S3,df5b440d1bed0edd,Sophia Gideon,Minnesota City,1.0,6,0,1,0,28.0,24.0,0.8571428571428571,-0.8631895702229623,24.86318957022296,1.0,0.1428571428571429
boys,5A,S1,8660fbabe4f6a9cb,Declan Brewster,Providence Academy,8.0,3,1,0,0,23.0,14.0,0.6086956521739131,-3.0831988223431908,17.083198822343192,0.75,0.14130434782608692
boys,1A,D1,20274442a0a0d59d,Bradley Nussbaum,St. Josephine Bakhita,16.0,3,1,0,0,31.0,19.0,0.6129032258064516,2.145268179172774,16.854731820827226,0.75,0.13709677419354838
girls,6A,S3,21fc221d6217be16,Ella Corson,Golden State,8.0,3,1,0,0,31.0,19.0,0.6129032258064516,-0.06965980560581753,19.069659805605816,0.75,0.13709677419354838
girls,8A,D1,4f70fff7c79ff27d,Alena Carpio,Breakwater,12.0,3,1,0,0,13.0,8.0,0.6153846153846154,-1.8380390579774315,9.838039057977431,0.75,0.13461538461538458
girls,8A,D2,cc5adb7b437f172f,Brianna Charles,Marshfield Prep,3.0,5,1,0,1,10.0,7.0,0.7,-1.028448517799172,8.028448517799172,0.8333333333333334,0.13333333333333341
boys,6A,S3,aa5f96b992dae9dd,Kase McLaughlin,Hayes,4.0,4,1,0,0,27.0,18.0,0.6666666666666666,-0.8864565986307988,18.886456598630797,0.8,0.13333333333333341
girls,Group 2,S3,3e4f005d4d84126b,Allison Batty,Pierre,7.0,4,1,0,0,27.0,18.0,0.6666666666666666,-1.4018126327136278,19.40181263271363,0.8,0.13333333333333341
girls,Group 3,S1,4d92a4b96d45e9bc,Alayna Pesce,Ocean Park,2.0,4,1,0,0,27.0,18.0,0.6666666666666666,-3.4121574738230946,21.412157473823093,0.8,0.13333333333333341
boys,Group 1,D1,5e3d023b21681847,Duncan Graham,Terrace Park,2.0,6,0,1,0,15.0,13.0,0.8666666666666667,-0.5519381211366398,13.55193812113664,1.0,0.1333333333333333
boys,1A,S2,49ec94502143d886,Tyson McNamara,Portola-Caverly,8.0,3,1,0,0,21.0,13.0,0.6190476190476191,-2.1322546982038415,15.132254698203841,0.75,0.13095238095238093
boys,4A,S3,618d303c68fd0dd6,Nash Patel,Fellows Mill,7.0,3,1,0,0,21.0,13.0,0.6190476190476191,-0.3044618537818021,13.304461853781802,0.75,0.13095238095238093
boys,7A,S3,6130bf579c9ee998,William Worley,Henson Prep,8.0,3,1,0,0,21.0,13.0,0.6190476190476191,-2.129815858066335,15.129815858066335,0.75,0.13095238095238093
boys,Group 1,S2,fed54598a67931e6,Pablo Armani,Noe Valley,15.0,3,1,0,0,21.0,13.0,0.6190476190476191,-1.255387283532508,14.255387283532508,0.75,0.13095238095238093
boys,3A,S1,b6852c6c35903db5,Jayden Shoemaker,San Lorenzo,4.0,6,0,1,0,23.0,20.0,0.8695652173913043,-0.07905502884802218,20.07905502884802,1.0,0.13043478260869568
boys,Group 3,S1,440f8703ad1f9eb1,Drake Walker,Kuusamo,14.0,3,1,0,0,29.0,18.0,0.6206896551724138,-0.30706154807203057,18.30706154807203,0.75,0.1293103448275862
girls,7A,D2,2399789d716d6375,Aneesah Dash,Evans Larsen Day,2.0,6,0,1,0,16.0,14.0,0.875,0.8431254429327074,13.156874557067292,1.0,0.125
girls,Group 1,S2,ea820cc420c0363a,Madison Gonzales,Tallulah Central,2.0,6,0,1,0,24.0,21.0,0.875,-0.062158912942343214,21.062158912942344,1.0,0.125
boys,5A,S2,361da4f02ffe1aef,Brett Albert,Foxtail Meadows,13.0,3,1,0,0,27.0,17.0,0.6296296296296297,-0.7265754132228709,17.72657541322287,0.75,0.12037037037037035
girls,7A,S3,d0211efc7791427c,Alyssa Hernandez,Topanga,6.0,3,1,0,0,27.0,17.0,0.6296296296296297,0.6225951255750323,16.37740487442497,0.75,0.12037037037037035
girls,Group 2,S2,b03ef9a90d861820,Manuela Muñoz,Lodestone County,10.0,3,1,0,0,27.0,17.0,0.6296296296296297,0.776505871192606,16.223494128807395,0.75,0.12037037037037035
girls,8A,S2,18d0bb291412b498,Mya Rozier,Minnesota City,3.0,6,0,1,0,25.0,22.0,0.88,0.09945695180847502,21.900543048191526,1.0,0.12
boys,Group 1,S3,14456682b575541d,Eliot Collarini,Jackson Hole,7.0,4,1,0,0,25.0,17.0,0.68,-1.2397254444896628,18.239725444489665,0.8,0.12
boys,9A,S3,fa1caa3e10ae141d,Andres Cabrera,Canal View,4.0,5,1,0,1,28.0,20.0,0.7142857142857143,-1.1154826645048401,21.11548266450484,0.8333333333333334,0.11904761904761907
boys,Group 2,S1,894c737a88fae21f,Keshav Bolton,Star Valley Regional,4.0,6,0,1,0,17.0,15.0,0.8823529411764706,0.503384649629235,14.496615350370766,1.0,0.11764705882352944
girls,Group 3,S3,d1bb73ba23cd68c3,Kayla Davis,Ocean Park,5.0,4,1,0,0,19.0,13.0,0.6842105263157895,-2.1671979672468,15.1671979672468,0.8,0.11578947368421055
boys,5A,S1,d64444180563554c,Michael Boles,Westfield Friends,1.0,6,0,1,0,26.0,23.0,0.8846153846153846,0.7541227736365165,22.245877226363483,1.0,0.11538461538461542
boys,2A,S3,2abea953789147a0,Leon Allen,Fountain Park,12.0,3,1,0,0,22.0,14.0,0.6363636363636364,-3.2590027761995324,17.259002776199534,0.75,0.11363636363636365
boys,Group 1,S3,fb1a47a7791213e5,Neo Mofokeng,Point Loma,8.0,3,1,0,0,11.0,7.0,0.6363636363636364,-0.6882153995500648,7.688215399550065,0.75,0.11363636363636365
girls,8A,D1,804a7e04fc09794c,Raegan Zapata,Natchitoches,2.0,4,1,0,0,16.0,11.0,0.6875,-2.3727178505886006,13.3727178505886,0.8,0.11250000000000004
girls,1A,S2,5886a8efcc2035f8,Brenna Moore,Banfield Day,1.0,6,0,1,0,27.0,24.0,0.8888888888888888,-0.9446453590945245,24.944645359094526,1.0,0.11111111111111116
boys,3A,S1,d76546b5d7008c79,Abel Concepcion,Corey Canyon,10.0,3,1,0,0,25.0,16.0,0.64,-1.4814787874276258,17.481478787427626,0.75,0.10999999999999999
girls,7A,S2,092f8e878fdc33df,Kate Jackson,Cherry Hill East,7.0,3,1,0,0,25.0,16.0,0.64,-2.291161991792822,18.291161991792823,0.75,0.10999999999999999
boys,Group 1,D2,bf31b01482743e62,Benedict Williams,Rock Springs,11.0,4,1,0,0,26.0,18.0,0.6923076923076923,0.7360122784335928,17.26398772156641,0.8,0.10769230769230775
boys,6A,S3,c83914e9011018fd,Jackson Hollingsworth,Starfield,9.0,3,1,0,0,28.0,18.0,0.6428571428571429,-0.3750965001978199,18.37509650019782,0.75,0.1071428571428571
boys,7A,D1,43517bac68926b83,Fabian Boggs,Henson Prep,6.0,3,1,0,0,14.0,9.0,0.6428571428571429,-3.1684525266597063,12.168452526659706,0.75,0.1071428571428571
boys,7A,S3,66e4e8dfa91cb243,Jackson Fink,Starlight,14.0,3,1,0,0,28.0,18.0,0.6428571428571429,-1.2464498653125955,19.246449865312595,0.75,0.1071428571428571
boys,Group 2,S2,14a1395ade623a44,Bryant Bose,Reservoir Park,8.0,3,1,0,0,28.0,18.0,0.6428571428571429,-0.6597636015877754,18.659763601587777,0.75,0.1071428571428571
girls,8A,D2,d1912c6f91be6725,Delilah Miller,Natchitoches,4.0,3,1,0,0,14.0,9.0,0.6428571428571429,-1.078121380482582,10.078121380482582,0.75,0.1071428571428571
girls,8A,S3,25bc0758ebb4dce4,Hallie Mills,Lower Lake,9.0,3,1,0,0,28.0,18.0,0.6428571428571429,0.9609243546658773,17.039075645334123,0.75,0.1071428571428571
girls,1A,D1,0f0eafb0c4ae4b77,Hannah Marin,Los Remolinos,2.0,3,1,0,0,31.0,20.0,0.6451612903225806,-1.3020325943156252,21.302032594315627,0.75,0.10483870967741937
boys,4A,D1,dbf4f957c8d7c5f0,Olorunleke Musa,Sulphur Springs,19.0,3,1,0,0,17.0,11.0,0.6470588235294118,-0.2875455327862234,11.287545532786224,0.75,0.1029411764705882
girls,4A,D1,753c3f996d8de1e1,Ansley Ghea,Biloxi Heights,3.0,5,1,0,1,15.0,11.0,0.7333333333333333,-1.6750376944841285,12.675037694484129,0.8333333333333334,0.10000000000000009
girls,6A,S1,a8942d9999594fb5,Magüi Medina,Chaminade,7.0,5,1,0,1,30.0,22.0,0.7333333333333333,-1.9451117057305596,23.94511170573056,0.8333333333333334,0.10000000000000009
boys,6A,S1,e6f668f40800c53d,Mathenge Wachira,Golden State,8.0,4,1,0,0,20.0,14.0,0.7,0.49135815316370024,13.5086418468363,0.8,0.10000000000000009
boys,Group 1,S2,06a786c4accfe618,Julius Pinto,Rio San Juan,10.0,4,1,0,0,20.0,14.0,0.7,-3.0730321125228457,17.073032112522846,0.8,0.10000000000000009
boys,Group 1,S3,f9c5ea01030659b6,Brooks Jones,Rio San Juan,6.0,4,1,0,0,20.0,14.0,0.7,-2.054994686655567,16.05499468665557,0.8,0.10000000000000009
girls,3A,S2,2719ba5cc5267390,Margaret Keene,Barclay,4.0,4,1,0,0,20.0,14.0,0.7,-1.5879760315131948,15.587976031513195,0.8,0.10000000000000009
boys,9A,S2,1844cbad04b0b10d,Christopher Craven,Mickey Mantle,2.0,6,0,1,0,30.0,27.0,0.9,-1.4649111992199666,28.464911199219966,1.0,0.09999999999999998
girls,3A,D1,015151e3e8920699,Trish Bowen,California Canyons,1.0,6,0,1,0,10.0,9.0,0.9,-0.34913635580771574,9.349136355807715,1.0,0.09999999999999998
girls,Group 3,S2,4fc8e392b34d0e90,Eleanor Bright,Kuusamo,2.0,6,0,1,0,30.0,27.0,0.9,1.7213885358761365,25.278611464123863,1.0,0.09999999999999998
boys,6A,S1,12ab3c0d1af07cbf,Trent King,Benedetti,12.0,3,1,0,0,23.0,15.0,0.6521739130434783,-1.2373366019775194,16.237336601977518,0.75,0.09782608695652173
boys,8A,D2,6e1989efc3750c92,Quintin Morton,Crater View,5.0,3,1,0,0,23.0,15.0,0.6521739130434783,-1.9794858034296343,16.979485803429633,0.75,0.09782608695652173
girls,Group 1,S1,f22abfba7036d4e7,Eleanor Williams,Rio San Juan,10.0,3,1,0,0,23.0,15.0,0.6521739130434783,-0.14818769362409978,15.1481876936241,0.75,0.09782608695652173
girls,5A,S1,f3aa25ab5b6f8d81,Caroline Conklin,Hazel Country Day,2.0,5,1,0,1,19.0,14.0,0.7368421052631579,-0.513548801378831,14.513548801378832,0.8333333333333334,0.09649122807017552
boys,3A,S1,f4eab37271546294,Sawyer Mann,Mountain Gate,16.0,3,1,0,0,26.0,17.0,0.6538461538461539,-1.3660793386076537,18.366079338607655,0.75,0.09615384615384615
boys,8A,S2,e9961afd29f86f37,Ethan London,East Moscow,11.0,3,1,0,0,26.0,17.0,0.6538461538461539,-1.2295967261737046,18.229596726173703,0.75,0.09615384615384615
girls,Group 2,S2,fb3d0293f68f427f,Alaina Collier,Eden,14.0,3,1,0,0,26.0,17.0,0.6538461538461539,0.14990451932814308,16.850095480671857,0.75,0.09615384615384615
boys,2A,S3,07af89041e443a8f,Brandon Scholl,Netherwood,4.0,6,0,1,0,21.0,19.0,0.9047619047619048,-0.2935662487929439,19.293566248792946,1.0,0.09523809523809523
boys,Group 2,S3,fdd8eaebbf00b1ed,Marcell Bonga,Wyoming Valley,5.0,3,1,0,0,29.0,19.0,0.6551724137931034,-2.9176082288032457,21.917608228803246,0.75,0.09482758620689657
boys,Group 2,S3,36f2423a6e1f7cd7,Andre Knigga,Toussaint,6.0,3,1,0,0,29.0,19.0,0.6551724137931034,-3.438350818365028,22.438350818365027,0.75,0.09482758620689657
girls,8A,S3,67969f6825ce02c9,Brenna Naughton,Breakwater,3.0,3,1,0,0,29.0,19.0,0.6551724137931034,-2.5836390008367647,21.583639000836765,0.75,0.09482758620689657
girls,Group 2,S3,b0dd15c6bbce2ef6,Charlotte Smith,Boley,17.0,3,1,0,0,32.0,21.0,0.65625,0.2546038607771284,20.745396139222873,0.75,0.09375
boys,9A,S1,abc8d7ea83b22929,Charles McNutt,Rockridge,2.0,6,0,1,0,22.0,20.0,0.9090909090909091,0.4712616037066589,19.528738396293342,1.0,0.09090909090909094
girls,3A,S2,f7afd1409a6618b1,Isabella Trumbo,California Canyons,1.0,6,0,1,0,34.0,31.0,0.9117647058823529,-0.14933912536273986,31.14933912536274,1.0,0.08823529411764708
girls,6A,S1,8f8493183619e4cd,Mia Sparks,Emerson,2.0,6,0,1,0,23.0,21.0,0.9130434782608695,1.2690947503508498,19.73090524964915,1.0,0.08695652173913049
boys,2A,S2,5cfae29af3bb5d22,Hezekiah Nieves,Union,15.0,4,1,0,0,14.0,10.0,0.7142857142857143,0.4608748302089769,9.539125169791022,0.8,0.08571428571428574
boys,8A,S1,5f5792c5de79c373,Dalton Raines,Natchitoches,4.0,4,1,0,0,28.0,20.0,0.7142857142857143,-0.9299506852200584,20.92995068522006,0.8,0.08571428571428574
girls,3A,S3,75fcc9d9defe2220,Savy Mcpherson,Calderwood,8.0,4,1,0,0,21.0,15.0,0.7142857142857143,0.9526185350508882,14.047381464949112,0.8,0.08571428571428574
boys,Group 1,D2,29b3a98cd0b77579,James Gates,Cole Valley,2.0,6,0,1,0,12.0,11.0,0.9166666666666666,2.228945738935766,8.771054261064235,1.0,0.08333333333333337
girls,4A,S1,2d69a93382b7b159,Sandra Vonk,Sotomayor,4.0,6,0,1,0,24.0,22.0,0.9166666666666666,1.184033238851992,20.815966761148008,1.0,0.08333333333333337
boys,Group 2,S1,de6ffe195cf76844,Hayden Chen,Minidoka,3.0,5,1,0,1,24.0,18.0,0.75,-2.884051605339361,20.884051605339362,0.8333333333333334,0.08333333333333337
girls,8A,S2,7209bca4313f34a5,Madelynn Chavez,Plainfield,1.0,5,1,0,1,24.0,18.0,0.75,0.03622336250818786,17.96377663749181,0.8333333333333334,0.08333333333333337
girls,Group 1,D1,15a808f590836244,Wendy Peterson,Rio San Juan,2.0,5,1,0,1,12.0,9.0,0.75,-0.24006091644458916,9.24006091644459,0.8333333333333334,0.08333333333333337
boys,6A,S2,b9fe6ebc9250fc02,Rich Foiles,Golden State,4.0,3,1,0,0,24.0,16.0,0.6666666666666666,-0.7954186535361787,16.795418653536178,0.75,0.08333333333333337
boys,Group 1,S1,dbb70e2e7241b0f8,Mykah Eaddy,Furnace Creek,13.0,3,1,0,0,24.0,16.0,0.6666666666666666,-0.57990066323232,16.57990066323232,0.75,0.08333333333333337
boys,Group 1,S2,6c21c85700034dff,Seamus Mahony,Furnace Creek,11.0,3,1,0,0,24.0,16.0,0.6666666666666666,-1.6571535965968898,17.65715359659689,0.75,0.08333333333333337
boys,Group 1,S2,76553e2e7bf8f0b1,Timothy Grantham,Boyle Heights,14.0,3,1,0,0,30.0,20.0,0.6666666666666666,-3.0209869307234127,23.020986930723414,0.75,0.08333333333333337
boys,Group 2,D1,ff34019e7bb65b9d,Leo Ross,Spring Harvest,7.0,3,1,0,0,24.0,16.0,0.6666666666666666,1.5565421711376755,14.443457828862325,0.75,0.08333333333333337
girls,8A,S3,a13478094dd8e7c9,Emerson Hughes,Crater View,7.0,3,1,0,0,24.0,16.0,0.6666666666666666,-1.8006259498479957,17.800625949847994,0.75,0.08333333333333337
girls,Group 1,D1,961a76f1beee0a1a,Sophia McCue,Boyle Heights,4.0,3,1,0,0,18.0,12.0,0.6666666666666666,1.3019750800315875,10.698024919968413,0.75,0.08333333333333337
girls,Group 2,D1,6e335b0749d8083a,Abigail Escobar,Eden,11.0,3,1,0,0,27.0,18.0,0.6666666666666666,-0.3091930294987707,18.309193029498772,0.75,0.08333333333333337
girls,Group 2,S1,c9517b33a5d4121a,Leah Nunes,Wyoming Valley,7.0,3,1,0,0,30.0,20.0,0.6666666666666666,-2.090449545378479,22.09044954537848,0.75,0.08333333333333337
girls,1A,S2,3e4d95857187d56e,Victoria Gillespie,Cassius,4.0,4,1,0,0,32.0,23.0,0.71875,-2.4402152672462405,25.44021526724624,0.8,0.08125000000000004
girls,7A,S2,a557134b28675385,Caroline Mohan,Deaconsburg,8.0,4,1,0,0,25.0,18.0,0.72,-2.0477719305116344,20.047771930511633,0.8,0.08000000000000007
boys,Group 2,S3,c40eebe9c3e4021e,Adam Artis,Minidoka,1.0,6,0,1,0,25.0,23.0,0.92,1.3735806549888359,21.626419345011165,1.0,0.07999999999999996
girls,Group 2,S2,30d7c6822b94d6a8,Zoe Zollinger,Star Valley Regional,1.0,6,0,1,0,25.0,23.0,0.92,-1.127135857974808,24.127135857974807,1.0,0.07999999999999996
boys,1A,S3,0212051cc38e7361,Alexander Smith,Banfield Day,1.0,6,0,1,0,26.0,24.0,0.9230769230769231,0.1696600816244771,23.830339918375522,1.0,0.07692307692307687
boys,7A,S1,778a3984d7fa1725,Chase Hendricks,Evans Larsen Day,4.0,6,0,1,0,26.0,24.0,0.9230769230769231,1.0519967696779944,22.948003230322005,1.0,0.07692307692307687
boys,9A,D1,8d7b5a009671f434,Cameron Okamoto,Port Meridian Central,1.0,6,0,1,0,13.0,12.0,0.9230769230769231,0.19085750629013898,11.80914249370986,1.0,0.07692307692307687
girls,1A,S3,a99b031748f657a6,Victoria Iglesias,Coastal Christian,1.0,6,0,1,0,26.0,24.0,0.9230769230769231,0.144702668390016,23.855297331609982,1.0,0.07692307692307687
boys,2A,S2,eb9ceca9180d168b,Parker McClure,Gottschalk-Herman,7.0,4,1,0,0,29.0,21.0,0.7241379310344828,-1.9339172871681263,22.933917287168125,0.8,0.07586206896551728
boys,Group 2,S2,bd335a7894f73b25,Ricardo Bond,Star Valley Regional,3.0,4,1,0,0,29.0,21.0,0.7241379310344828,-2.191008234257934,23.191008234257932,0.8,0.07586206896551728
girls,6A,S2,08f3c48e2e25c00f,Summer Munoz,C. Coolidge,8.0,5,1,0,1,29.0,22.0,0.7586206896551724,1.5027035353237759,20.497296464676225,0.8333333333333334,0.074712643678161
girls,9A,D1,192d4307fb7028ea,Penelope Yao,Rockridge,2.0,6,0,1,0,27.0,25.0,0.9259259259259259,2.7372350598417925,22.262764940158206,1.0,0.07407407407407407
girls,Group 3,S1,48521e51a6e799b6,Beverly Womble,Espoo,1.0,6,0,1,0,27.0,25.0,0.9259259259259259,0.5376115624565807,24.46238843754342,1.0,0.07407407407407407
girls,Group 1,S3,c850599ae5fe77ea,Sienna McCracken,Kingsway,4.0,5,1,0,1,25.0,19.0,0.76,0.7663895822536638,18.233610417746338,0.8333333333333334,0.07333333333333336
boys,4A,S2,299abd60cab38a33,Grayson Fox,Sotomayor,6.0,4,1,0,0,22.0,16.0,0.7272727272727273,0.7179773686988351,15.282022631301166,0.8,0.07272727272727275
boys,4A,S3,6fedf66c90e44471,Mack Martinez,Orlova,14.0,4,1,0,0,22.0,16.0,0.7272727272727273,1.2131264523985643,14.786873547601436,0.8,0.07272727272727275
girls,4A,S1,688cb3e77c78d3b6,Rosemary Moran,Biloxi Heights,6.0,4,1,0,0,11.0,8.0,0.7272727272727273,-0.048631396084597545,8.048631396084598,0.8,0.07272727272727275
girls,9A,S1,b2758112ddd9bae5,Rachel Smith,Mater Dei,2.0,5,1,0,1,21.0,16.0,0.7619047619047619,-0.9813512554938684,16.98135125549387,0.8333333333333334,0.07142857142857151
girls,Group 2,D1,26d95a1853a94a36,Khloe Martin,Homeland,7.0,5,1,0,1,21.0,16.0,0.7619047619047619,-0.553720919053424,16.553720919053426,0.8333333333333334,0.07142857142857151
boys,6A,S3,5e7db29614aea0b4,Kaison Whitlow,Golden State,5.0,3,1,0,0,28.0,19.0,0.6785714285714286,-1.2978295353592544,20.297829535359256,0.75,0.0714285714285714
boys,8A,S3,b01604e53643140c,Juan Harold,Plainfield,6.0,3,1,0,0,25.0,17.0,0.68,-2.528420025686815,19.528420025686813,0.75,0.06999999999999995
girls,2A,S1,cfcf322787f52361,Layla Reyes,Windward,5.0,3,1,0,0,25.0,17.0,0.68,-3.5928101970318607,20.59281019703186,0.75,0.06999999999999995
boys,7A,S3,ef61ac90c6fd89d1,Damian Overholt,Evans Larsen Day,1.0,5,0,1,0,29.0,27.0,0.9310344827586207,-1.0218310259876686,28.02183102598767,1.0,0.06896551724137934
boys,Group 3,S2,9a28c76671e57eb5,Jayceon Lapp,Lieksa,6.0,3,1,0,0,22.0,15.0,0.6818181818181818,0.5761568052351359,14.423843194764864,0.75,0.06818181818181823
girls,3A,S1,82b7897120c01e7b,Emilie Hernandez,All Saints Episcopal,11.0,3,1,0,0,22.0,15.0,0.6818181818181818,-1.233998552486356,16.233998552486355,0.75,0.06818181818181823
girls,9A,D1,e0b3d03c9b57d6e4,Amina Duffy,De La Salle,3.0,4,1,0,0,15.0,11.0,0.7333333333333333,-2.53504704074047,13.53504704074047,0.8,0.06666666666666676
boys,4A,S3,faaef0d70b9d450c,Taylor Charters,Gagarin,1.0,6,0,1,0,30.0,28.0,0.9333333333333333,0.4620590258922306,27.53794097410777,1.0,0.06666666666666665
boys,Group 3,S1,9581d976d34c0c89,Hayden Krebs,Galactica Plains,8.0,3,1,0,0,19.0,13.0,0.6842105263157895,-1.8575300021101189,14.857530002110119,0.75,0.06578947368421051
boys,9A,S3,1f824cf4230d8c24,Sawyer Ganesan,Mater Dei,7.0,4,1,0,0,34.0,25.0,0.7352941176470589,-1.9306831457773523,26.93068314577735,0.8,0.06470588235294117
girls,7A,S3,d3ffe1e0c2a1b1f5,Angie Miyazaki,Evans Larsen Day,2.0,6,0,1,0,31.0,29.0,0.9354838709677419,0.9042115901856775,28.095788409814322,1.0,0.06451612903225812
boys,Group 1,S1,78d36c67cb71ddde,Noah Chance,River Plain,7.0,5,1,0,1,26.0,20.0,0.7692307692307693,-1.339553529533421,21.339553529533422,0.8333333333333334,0.0641025641025641
girls,5A,S3,dc8f7af0d3d07a81,Viktória Tóth,Star City,1.0,6,0,1,0,16.0,15.0,0.9375,0.42272440887971063,14.577275591120289,1.0,0.0625
girls,Group 3,S3,b8dab4ef2b1e77ee,Shayla Jackson,Espoo,2.0,6,0,1,0,16.0,15.0,0.9375,-0.21477043614267521,15.214770436142675,1.0,0.0625
boys,9A,S2,21a46be79879dec6,James Daley,Banneker,7.0,3,1,0,0,32.0,22.0,0.6875,-1.5010682016061556,23.501068201606156,0.75,0.0625
girls,9A,D1,e94c60fda73a181e,Christine Aura,Banneker,8.0,3,1,0,0,16.0,11.0,0.6875,-1.629944059761508,12.629944059761508,0.75,0.0625
girls,Group 2,S3,5ccf324dbc113782,Kaylee Cruz,Reservoir Park,11.0,3,1,0,0,16.0,11.0,0.6875,-0.6447685345372487,11.64476853453725,0.75,0.0625
boys,3A,S2,28a0b09628830363,Jaxon Yang,Ciderhaven,3.0,4,1,0,0,23.0,17.0,0.7391304347826086,0.2793085927106539,16.720691407289348,0.8,0.0608695652173914
boys,7A,S3,7adfc168df9641d6,Yankuba Trawally,Lone Pine,15.0,4,1,0,0,23.0,17.0,0.7391304347826086,-0.22671846748175883,17.22671846748176,0.8,0.0608695652173914
girls,7A,S3,b75d2d0c645be1fe,Ebony Snyder,Bellarmine Prep,4.0,4,1,0,0,23.0,17.0,0.7391304347826086,-1.8409700037570083,18.840970003757008,0.8,0.0608695652173914
girls,Group 1,S3,c717ccc412bf729e,Elizabeth Sanchez,Vermillion,2.0,6,0,1,0,33.0,31.0,0.9393939393939394,1.284969850970527,29.715030149029474,1.0,0.06060606060606055
boys,7A,S2,5c01fa7070f925df,Leonel Murray,Lone Pine,7.0,3,1,0,0,29.0,20.0,0.6896551724137931,-2.2939080559015057,22.293908055901507,0.75,0.06034482758620685
girls,4A,S2,4db39ac530309f73,Delilah Douglas,Biloxi Heights,4.0,4,1,0,0,27.0,20.0,0.7407407407407407,-0.704663410614848,20.70466341061485,0.8,0.059259259259259345
girls,6A,S2,c09bca7459c11836,Brooklyn Heston,Benedetti,3.0,4,1,0,0,27.0,20.0,0.7407407407407407,0.9067947327355779,19.093205267264423,0.8,0.059259259259259345
boys,Group 3,S1,496c0d52a05ab880,Ellis Eriksen,Ocean Park,3.0,5,1,0,1,31.0,24.0,0.7741935483870968,-2.5121676211999917,26.512167621199993,0.8333333333333334,0.05913978494623662
boys,Group 3,S2,ab7045f5064aeae5,Francisco Sisson,Mirage Crossing,1.0,6,0,1,0,17.0,16.0,0.9411764705882353,0.0052012447080289625,15.99479875529197,1.0,0.05882352941176472
girls,1A,S1,8e2815c22c91db88,Chana Tran,Banfield Day,1.0,6,0,1,0,17.0,16.0,0.9411764705882353,-0.07536008393138205,16.075360083931383,1.0,0.05882352941176472
girls,7A,S2,013e5d02567622a2,Hazel Wessels,Evans Larsen Day,2.0,6,0,1,0,34.0,32.0,0.9411764705882353,2.076427170622466,29.923572829377534,1.0,0.05882352941176472
girls,Group 2,S2,390d3897ae47cdbc,Edith Watkins,Pacific Friends,4.0,4,1,0,0,31.0,23.0,0.7419354838709677,-1.218539727395425,24.218539727395424,0.8,0.058064516129032295
girls,Group 1,D1,a28d7380283d02f9,Audrey Yamada,Irvington,1.0,6,0,1,0,18.0,17.0,0.9444444444444444,-0.13130028265806004,17.13130028265806,1.0,0.05555555555555558
boys,7A,S2,520bb68f68742620,Ryker Scheck,Romero-Finniski,1.0,5,0,1,0,18.0,17.0,0.9444444444444444,1.726472186260803,15.273527813739197,1.0,0.05555555555555558
boys,9A,D1,cd0e07c5dcf647b3,Leonardo Ammon,Morgan Park,4.0,5,1,0,1,18.0,14.0,0.7777777777777778,-0.26851477421202563,14.268514774212026,0.8333333333333334,0.05555555555555558
girls,1A,S2,8e2e58e39e2d5aaf,Joanna Hernandez,Portola-Caverly,7.0,3,1,0,0,23.0,16.0,0.6956521739130435,-2.0294816266112927,18.029481626611293,0.75,0.05434782608695654
boys,8A,S1,580af50c73e0ceb2,Jaden Hartzler,Pacific Gate,1.0,5,1,0,1,23.0,18.0,0.782608695652174,-1.6401807250808078,19.640180725080807,0.8333333333333334,0.050724637681159424
boys,1A,S2,c22e23dc815d9b95,Warren King,Banfield Day,2.0,6,0,1,0,20.0,19.0,0.95,0.8065538504302484,18.193446149569752,1.0,0.050000000000000044
boys,3A,S3,0aa740f82047cf18,Memphis Maksvytis,San Lorenzo,2.0,6,0,1,0,20.0,19.0,0.95,0.1538013411821968,18.846198658817805,1.0,0.050000000000000044
boys,1A,S2,f73dafb277e9b8fb,Max Tyndall,Coastal Christian,4.0,4,1,0,0,28.0,21.0,0.75,-2.1756460065012786,23.175646006501278,0.8,0.050000000000000044
boys,6A,D1,0a9332375677bb4e,Aiden Gregoire,Golden State,4.0,4,1,0,0,12.0,9.0,0.75,-0.9350617760314442,9.935061776031445,0.8,0.050000000000000044
boys,8A,S2,8ae231f40886971d,Russell Hallman,Seawall,2.0,4,1,0,0,24.0,18.0,0.75,1.8693037931383991,16.1306962068616,0.8,0.050000000000000044
girls,2A,S2,b2e789c53b72101b,Hazel Geib,Governor Woods,10.0,4,1,0,0,20.0,15.0,0.75,-1.3021508883585178,16.30215088835852,0.8,0.050000000000000044
girls,2A,S3,a67c1fb8748de0d5,Evelyn Wallace,Texas Beach,2.0,4,1,0,0,12.0,9.0,0.75,-1.8585282133651264,10.858528213365126,0.8,0.050000000000000044
girls,Group 2,S1,2fbc89fc21c88116,Shirley Makahununiu,E. Baker,5.0,4,1,0,0,20.0,15.0,0.75,0.20229664007370207,14.797703359926297,0.8,0.050000000000000044
boys,2A,S1,3dd920779259559b,Jameson Figueroa,Haddon,16.0,3,1,0,0,30.0,21.0,0.7,0.15034366081996475,20.849656339180036,0.75,0.050000000000000044
boys,3A,D1,d3e89079d5a1d430,Anthony Otero,All Saints Episcopal,20.0,3,1,0,0,10.0,7.0,0.7,0.7884258518901079,6.211574148109892,0.75,0.050000000000000044
boys,3A,S3,a1f0bf4f0c9526a7,Isaiah Green,Berrio,10.0,3,1,0,0,20.0,14.0,0.7,1.4472351725204393,12.55276482747956,0.75,0.050000000000000044
boys,6A,S2,49f436c3089bb72b,Michael Rivera,Valley Christian,6.0,3,1,0,0,20.0,14.0,0.7,-1.7695485019843984,15.7695485019844,0.75,0.050000000000000044
boys,7A,D1,b2e2ce5b72836156,Francis Hobbs,Sacred Heart,5.0,3,1,0,0,10.0,7.0,0.7,-0.7507705875565285,7.750770587556529,0.75,0.050000000000000044
boys,Group 2,D2,043fb553c86198d6,Beau Lemos,Cedar,6.0,3,1,0,0,10.0,7.0,0.7,-0.189202698562271,7.189202698562271,0.75,0.050000000000000044
boys,Group 3,D1,ac0d0e86daee0261,Dylan Drummond,Doyleville Union,6.0,3,1,0,0,10.0,7.0,0.7,-1.1545966172458515,8.15459661724585,0.75,0.050000000000000044
girls,4A,D1,358e0cfc19b70e31,Kyra Adair,Gagarin,1.0,6,0,1,0,21.0,20.0,0.9523809523809523,-0.06616277260644932,20.06616277260645,1.0,0.04761904761904767
boys,Group 1,S2,471c57c563b64c52,Dick Raymond,Grant,7.0,3,1,0,0,37.0,26.0,0.7027027027027027,-1.4408141375876369,27.440814137587637,0.75,0.04729729729729726
girls,Group 1,S1,949984f983adfc49,Aurora Miranda,Grant,15.0,3,1,0,0,27.0,19.0,0.7037037037037037,-1.203732859071773,20.203732859071774,0.75,0.04629629629629628
girls,Group 2,S2,5ce5d1698e20c914,Natalie Porter,Homeland,7.0,3,1,0,0,27.0,19.0,0.7037037037037037,-4.533829554894115,23.533829554894115,0.75,0.04629629629629628
boys,4A,S1,92e175daedfd62d3,Cooper Waxman,Walter-Kenny,1.0,6,0,1,0,22.0,21.0,0.9545454545454546,0.5248186424804473,20.475181357519553,1.0,0.045454545454545414
boys,5A,S2,ab0aabf00ad0acbc,Henry Keiser,Westfield Friends,2.0,6,0,1,0,22.0,21.0,0.9545454545454546,-0.33458489761109145,21.33458489761109,1.0,0.045454545454545414
boys,Group 3,S3,41da81ee979e8775,Grayson Yoon,Mirage Crossing,1.0,6,0,1,0,22.0,21.0,0.9545454545454546,-0.12397105376819118,21.12397105376819,1.0,0.045454545454545414
girls,3A,S3,4c431e4e00110b7b,Evelyn Kinney,California Canyons,1.0,6,0,1,0,22.0,21.0,0.9545454545454546,-0.21070788335418866,21.21070788335419,1.0,0.045454545454545414
girls,9A,S2,623208c55dcdea15,Gabrielle Abrams,Canal View,1.0,6,0,1,0,22.0,21.0,0.9545454545454546,1.3648914504485243,19.635108549551475,1.0,0.045454545454545414
girls,2A,S2,45cfdb8aa63b3947,Macall Toley,Texas Beach,1.0,5,1,0,1,19.0,15.0,0.7894736842105263,-1.9389852386681437,16.938985238668142,0.8333333333333334,0.04385964912280704
girls,9A,S2,b4696e6af91e0ec6,Kailey Vallejo,De La Salle,6.0,5,1,0,1,19.0,15.0,0.7894736842105263,-0.9929541818238752,15.992954181823876,0.8333333333333334,0.04385964912280704
girls,9A,S1,9d7e8b96bec4b9a8,Abigail Herman,Morgan Park,7.0,6,0,1,0,24.0,23.0,0.9583333333333334,2.959232422428964,20.040767577571035,1.0,0.04166666666666663
girls,1A,S1,8fe9bf027a320cfc,Alice Sultan,Manzanita Junction,9.0,3,1,0,0,24.0,17.0,0.7083333333333334,-1.758398215284235,18.758398215284235,0.75,0.04166666666666663
boys,3A,S1,31d075efb121222e,Aidan Peters,Quarmont,5.0,4,1,0,0,29.0,22.0,0.7586206896551724,-2.2358804743042437,24.235880474304246,0.8,0.04137931034482767
girls,8A,S2,0530d113d6749904,Ellen Smith,Tidegate,4.0,4,1,0,0,29.0,22.0,0.7586206896551724,-0.8147164933489859,22.814716493348985,0.8,0.04137931034482767
girls,4A,S3,9760e65f611fa2f9,Rebecca Bonilla,Walter-Kenny,1.0,6,0,1,0,25.0,24.0,0.96,-0.6479669589481817,24.64796695894818,1.0,0.040000000000000036
boys,1A,D1,fd09b2284fec885f,Anthony Hardin,Silton Ridge,3.0,4,1,0,0,25.0,19.0,0.76,-1.3632403490794205,20.36324034907942,0.8,0.040000000000000036
girls,5A,S1,aa2e659ae9443532,Penelope Fisher,Fruitvale,6.0,4,1,0,0,25.0,19.0,0.76,-0.34921227274244204,19.34921227274244,0.8,0.040000000000000036
boys,8A,S1,d875a397cb373dc0,Darren Hamano,East Moscow,3.0,4,1,0,0,21.0,16.0,0.7619047619047619,-0.4099355773668124,16.409935577366813,0.8,0.03809523809523818
boys,Group 3,S1,bbc0a2ca0ab969cb,Aiden Jones,Mirage Crossing,2.0,4,1,0,0,21.0,16.0,0.7619047619047619,-1.4952126703663158,17.495212670366318,0.8,0.03809523809523818
girls,5A,D1,11c0ce37339c4642,Josephine Parker,Belle Rive,10.0,4,1,0,0,21.0,16.0,0.7619047619047619,-0.16378355898907826,16.163783558989078,0.8,0.03809523809523818
boys,6A,S1,5d5f028130769710,Hudson Victor,Chaminade,2.0,6,0,1,0,27.0,26.0,0.9629629629629629,1.349675588741083,24.650324411258918,1.0,0.03703703703703709
boys,4A,S3,5105cda24d563423,Xavier Ortega,Driftwood,6.0,3,1,0,0,21.0,15.0,0.7142857142857143,-2.021734543217521,17.02173454321752,0.75,0.0357142857142857
boys,6A,S3,6b09b5592120d1d5,Michael Lopez,C. Coolidge,6.0,3,1,0,0,28.0,20.0,0.7142857142857143,-0.07991171399678787,20.079911713996786,0.75,0.0357142857142857
boys,7A,S3,e5708fa156646d8a,Christopher Brown,Sacred Heart,11.0,3,1,0,0,28.0,20.0,0.7142857142857143,0.6082266540679793,19.39177334593202,0.75,0.0357142857142857
boys,9A,S2,3491ef9e907609f7,Learner Connelly,Canal View,6.0,3,1,0,0,28.0,20.0,0.7142857142857143,-1.572540477015652,21.57254047701565,0.75,0.0357142857142857
girls,7A,D1,6c92ff9ea7ef8f6d,Fiona Brockington,Deaconsburg,10.0,3,1,0,0,14.0,10.0,0.7142857142857143,-1.3763406919016128,11.376340691901612,0.75,0.0357142857142857
girls,6A,S2,aa3f37b4e27160fb,Sadie Wallace,Oakhaven,2.0,6,0,1,0,29.0,28.0,0.9655172413793104,1.3581645401634719,26.64183545983653,1.0,0.03448275862068961
girls,7A,D1,fe8f98931cd8fb23,Reagan Riddle,Romero-Finniski,1.0,6,0,1,0,30.0,29.0,0.9666666666666667,1.3443113767147072,27.655688623285293,1.0,0.033333333333333326
girls,8A,D1,76e98b2a81a3319c,Zoey Freeman,Pacific Gate,6.0,5,1,0,1,15.0,12.0,0.8,0.24616665049604192,11.753833349503958,0.8333333333333334,0.033333333333333326
girls,Group 2,S3,cd91480ef4710173,Shikha Wotachek,Dawkins,2.0,5,1,0,1,15.0,12.0,0.8,-1.5085679358081205,13.50856793580812,0.8333333333333334,0.033333333333333326
boys,7A,S1,e28df64a27ec636f,Henry Gomez,Condotti Vanguard Academy,3.0,4,1,0,0,26.0,20.0,0.7692307692307693,-2.587625934650462,22.58762593465046,0.8,0.03076923076923077
girls,1A,S1,4d02341fee49d9bf,Audrey Seo,Dufur,10.0,4,1,0,0,13.0,10.0,0.7692307692307693,0.6213502878027327,9.378649712197268,0.8,0.03076923076923077
boys,8A,D1,3066e9a00d50aaca,Kai Santos,Bowerstock,1.0,6,0,1,0,33.0,32.0,0.9696969696969697,1.5858629039760799,30.41413709602392,1.0,0.030303030303030276
boys,8A,S1,c7f5b9b6f8a73426,Fernando Lawrence,Xavier College Prep,8.0,3,1,0,0,25.0,18.0,0.72,-1.782760744519631,19.78276074451963,0.75,0.030000000000000027
boys,4A,S2,be1ae134347554fa,Garth Herold,Tallulah Canyon,7.0,3,1,0,0,18.0,13.0,0.7222222222222222,1.0065191324261649,11.993480867573835,0.75,0.02777777777777779
boys,7A,S3,75b1a9f8a3302670,Marvell Nerhus,Parkside,12.0,4,1,0,0,22.0,17.0,0.7727272727272727,3.6636536867139364,13.336346313286064,0.8,0.027272727272727337
boys,4A,S2,597384735290d6e9,Liam Keeler,Buckeye Ridge,8.0,3,1,0,0,29.0,21.0,0.7241379310344828,0.6807926197587238,20.319207380241277,0.75,0.025862068965517238
girls,6A,S2,af044fe5200b5a27,Georgina Prothro,Chaminade,7.0,3,1,0,0,29.0,21.0,0.7241379310344828,-3.2828367749263316,24.28283677492633,0.75,0.025862068965517238
boys,2A,S1,68ed54cf6098027a,Benjamin De Leon,Cherry Hill North,4.0,5,1,0,1,21.0,17.0,0.8095238095238095,-1.8798140857121932,18.879814085712194,0.8333333333333334,0.023809523809523836
boys,5A,D1,f8e9d48c839153bb,Jacob Ruiz,Blackpine,6.0,3,1,0,0,11.0,8.0,0.7272727272727273,-0.38091246775371457,8.380912467753715,0.75,0.022727272727272707
boys,9A,S1,e6629bc8d2b6cedb,Vaughn Yang,Port Meridian Central,6.0,3,1,0,0,22.0,16.0,0.7272727272727273,-2.971491221015561,18.97149122101556,0.75,0.022727272727272707
boys,Group 2,D1,1f412283b945070b,Alexander Martelli,Wyoming Valley,13.0,3,1,0,0,11.0,8.0,0.7272727272727273,2.3346196028795596,5.66538039712044,0.75,0.022727272727272707
boys,Group 3,S3,e949087a6154dd04,Farai Marumani,Rilland,15.0,3,1,0,0,22.0,16.0,0.7272727272727273,1.1499758476020379,14.850024152397962,0.75,0.022727272727272707
girls,1A,D1,72817c7303d0d8cd,Anna Christian,Portola-Caverly,6.0,3,1,0,0,11.0,8.0,0.7272727272727273,-1.634225213624998,9.634225213624998,0.75,0.022727272727272707
girls,4A,D1,c0eb6bc9944fce9f,Katerina Adair,Driftwood,8.0,3,1,0,0,11.0,8.0,0.7272727272727273,-1.27193796105279,9.27193796105279,0.75,0.022727272727272707
boys,4A,S1,4488e591110943ea,Rodrigo Roche,Orlova,3.0,4,1,0,0,27.0,21.0,0.7777777777777778,-1.750748016717234,22.750748016717235,0.8,0.022222222222222254
boys,6A,D1,0f037ff13b540fad,Alessandro Corona,Oakhaven,1.0,5,1,0,1,16.0,13.0,0.8125,-0.4194593355469878,13.419459335546987,0.8333333333333334,0.02083333333333337
boys,Group 1,S3,121117ebbad66943,Cornelius Whiterabbit,Grant,3.0,3,1,0,0,37.0,27.0,0.7297297297297297,-2.313768522006245,29.313768522006246,0.75,0.020270270270270285
boys,Group 1,S1,e4d5e643b115d1aa,Landon Sikora,Cole Valley,6.0,3,1,0,0,26.0,19.0,0.7307692307692307,0.10337627735897592,18.896623722641024,0.75,0.019230769230769273
girls,Group 3,S1,7b4d9ba9feb74332,Amia Severino,Saltbush,4.0,4,1,0,0,23.0,18.0,0.782608695652174,-0.11383744214983371,18.113837442149833,0.8,0.017391304347826098
girls,6A,D3,52d22babba790c50,Eliza Hultman,Emerson,6.0,3,1,0,0,15.0,11.0,0.7333333333333333,2.2668243440788904,8.733175655921109,0.75,0.01666666666666672
boys,8A,S3,cae3558d5f1788a9,John Porta,Bowerstock,2.0,5,1,0,1,22.0,18.0,0.8181818181818182,-2.389138652485732,20.38913865248573,0.8333333333333334,0.015151515151515138
boys,9A,D1,555100bbdf63a0fe,Harley Reynolds,Morgan Park,4.0,5,1,0,1,22.0,18.0,0.8181818181818182,-0.3198213968778063,18.319821396877806,0.8333333333333334,0.015151515151515138
boys,5A,D1,728d129f9d43c240,Jaden Way,Pine Barrens,8.0,3,1,0,0,19.0,14.0,0.7368421052631579,-0.18841654380338457,14.188416543803385,0.75,0.013157894736842146
boys,5A,S1,ceae0aa0597c8bed,Caleb Hafer,Bush,4.0,3,1,0,0,19.0,14.0,0.7368421052631579,-1.086069766282454,15.086069766282455,0.75,0.013157894736842146
girls,3A,S3,75964c95a6193afa,Reagan Miller,Goldbank County,6.0,3,1,0,0,19.0,14.0,0.7368421052631579,-1.2130949773077913,15.213094977307792,0.75,0.013157894736842146
girls,7A,D1,ed4630b9d82ad1aa,Emma Gomez,Topanga,8.0,3,1,0,0,19.0,14.0,0.7368421052631579,-0.8208344127812824,14.820834412781283,0.75,0.013157894736842146
girls,8A,D1,1224528865a20210,Kaitlynn Ward,Asteroid City,15.0,3,1,0,0,19.0,14.0,0.7368421052631579,-0.15924210858262944,14.15924210858263,0.75,0.013157894736842146
boys,5A,S2,0943e9757fe6e3f3,Jacob Sheikh,Miles Davis,10.0,3,1,0,0,23.0,17.0,0.7391304347826086,-1.6168282612320397,18.61682826123204,0.75,0.010869565217391353
boys,5A,S3,2b7fa685081368ff,Hunter Bowler,Blackpine,8.0,3,1,0,0,23.0,17.0,0.7391304347826086,-0.4442861909663416,17.44428619096634,0.75,0.010869565217391353
girls,Group 3,D2,ca61bdf6afcf0662,Piper Singletary,Raft County Catholic,6.0,3,1,0,0,23.0,17.0,0.7391304347826086,1.0947406558873074,15.905259344112693,0.75,0.010869565217391353
girls,6A,D1,23ace06378f44ed2,Ruth Pendleton,Starfield,4.0,5,1,0,1,17.0,14.0,0.8235294117647058,0.12652028795148484,13.873479712048516,0.8333333333333334,0.009803921568627527
girls,6A,D1,53e1b7ef183cd2f7,Haley Western,Farview,5.0,3,1,0,0,27.0,20.0,0.7407407407407407,-1.4338508961859526,21.43385089618595,0.75,0.0092592592592593
girls,6A,S2,4c32dc40da1f5ae4,Ya-ting Chao,Marigny,5.0,3,1,0,0,27.0,20.0,0.7407407407407407,-2.6016620436277944,22.601662043627794,0.75,0.0092592592592593
boys,Group 3,D1,adb1409e6aa944df,Heath Woods,Ocean Park,3.0,5,1,0,1,23.0,19.0,0.8260869565217391,2.205622817428365,16.794377182571633,0.8333333333333334,0.007246376811594235
girls,Group 3,S1,93d56ae45c4149e2,Irina Șut,Mirage Crossing,3.0,5,1,0,1,23.0,19.0,0.8260869565217391,-1.6553191755923673,20.655319175592368,0.8333333333333334,0.007246376811594235
boys,1A,S2,b3177f2b80ebb887,Benjamin Ericksen,Silton Ridge,3.0,4,1,0,0,29.0,23.0,0.7931034482758621,-0.9562022376115857,23.956202237611585,0.8,0.006896551724137945
girls,8A,S3,31a1b224c562c0e5,Hannah Toro,Pacific Gate,5.0,4,1,0,0,29.0,23.0,0.7931034482758621,0.23275435905231445,22.767245640947685,0.8,0.006896551724137945
girls,8A,S3,1af715e160663060,Saoirse Farrell,Seawall,2.0,5,1,0,1,29.0,24.0,0.8275862068965517,-0.4818955098095279,24.48189550980953,0.8333333333333334,0.005747126436781658
boys,1A,S1,3826a84de54de7f0,Nolan Acuna,Banfield Day,1.0,6,0,1,0,21.0,21.0,1.0,1.0815998073935094,19.91840019260649,1.0,0.0
boys,2A,D1,1bc74df38c87c056,Donald Robertson,Porterfield,1.0,6,0,1,0,15.0,15.0,1.0,0.5840185173537832,14.415981482646217,1.0,0.0
boys,2A,S2,07d972fa4153653b,Leander Sadiq,Porterfield,1.0,6,0,1,0,21.0,21.0,1.0,1.4914809847208357,19.508519015279166,1.0,0.0
boys,3A,D1,a3b4cbeaee0dc976,Shinichi Morii,California Canyons,1.0,6,0,1,0,13.0,13.0,1.0,0.1442873223059581,12.855712677694042,1.0,0.0
boys,4A,S2,49b535ed7cf7a610,Jaxon Roth,Walter-Kenny,2.0,6,0,1,0,18.0,18.0,1.0,0.5553421459791328,17.444657854020868,1.0,0.0
boys,5A,D1,f6745a07a1e75c6b,Tyler Baumgartner,Westfield Friends,1.0,6,0,1,0,10.0,10.0,1.0,0.08157511312972254,9.918424886870277,1.0,0.0
boys,5A,S3,cbcc75c1400bcc11,Liam Meek,Westfield Friends,2.0,6,0,1,0,20.0,20.0,1.0,0.3334726488936597,19.66652735110634,1.0,0.0
boys,6A,S2,dbf11c2054c8845e,Garrett Birnbaum,Chaminade,1.0,6,0,1,0,25.0,25.0,1.0,1.0649340833178833,23.935065916682117,1.0,0.0
boys,9A,S3,a96556f82639a8e2,Jace Harvey,Rockridge,1.0,6,0,1,0,21.0,21.0,1.0,1.8691191390493218,19.13088086095068,1.0,0.0
girls,5A,D1,82b52ef2e2199053,Aaliyah Gentry,Star City,1.0,6,0,1,0,13.0,13.0,1.0,0.46043542482832955,12.53956457517167,1.0,0.0
girls,5A,S2,f36c837a48330e30,Kenley Perez,Star City,1.0,6,0,1,0,19.0,19.0,1.0,1.4841703690418773,17.515829630958123,1.0,0.0
girls,6A,D1,13a53b16d47de553,Genesis Williams,Hayes,1.0,6,0,1,0,15.0,15.0,1.0,0.5312213319505913,14.468778668049408,1.0,0.0
girls,6A,S3,71574f3f006a2500,Anna Wells,Oakhaven,1.0,6,0,1,0,32.0,32.0,1.0,1.4918274119618515,30.50817258803815,1.0,0.0
girls,Group 1,D1,cb64656d19888cd6,Jillian Etheredge,Irvington,1.0,6,0,1,0,35.0,35.0,1.0,1.7188348578180763,33.281165142181926,1.0,0.0
girls,Group 1,S1,984241fbf479f850,Khloe Knight,Tallulah Central,1.0,6,0,1,0,18.0,18.0,1.0,1.9673632399367482,16.03263676006325,1.0,0.0
girls,Group 2,S3,9031d22acb922a34,Denia Ballesteros,Star Valley Regional,1.0,6,0,1,0,30.0,30.0,1.0,0.8193203223857582,29.180679677614243,1.0,0.0
girls,Group 3,D2,038073bef9642a07,Zoey Ortiz,Espoo,1.0,6,0,1,0,18.0,18.0,1.0,0.715060549505138,17.28493945049486,1.0,0.0
boys,7A,D1,9af02794a1eec1d2,Ricky Papa,Evans Larsen Day,2.0,5,0,1,0,15.0,15.0,1.0,0.3731157991388846,14.626884200861115,1.0,0.0
boys,Group 1,S2,0e846e4f59277076,Martin Bernier,Jackson Hole,4.0,5,1,0,1,24.0,20.0,0.8333333333333334,1.7868847955289602,18.21311520447104,0.8333333333333334,0.0
girls,1A,D1,393de5c015743537,Sadie Lawhorn,Coastal Christian,4.0,5,1,0,1,12.0,10.0,0.8333333333333334,-0.14081961092260042,10.1408196109226,0.8333333333333334,0.0
boys,2A,S1,3591134509b7a097,Wallace Walters,Meridian Regional,1.0,4,1,0,0,20.0,16.0,0.8,-1.7870059547361516,17.787005954736152,0.8,0.0
girls,1A,S1,e4c1d3c58bccd8bf,Joyce Kaiser,Levee Bluff,4.0,4,1,0,0,25.0,20.0,0.8,0.7165840205669117,19.283415979433087,0.8,0.0
girls,8A,D1,7660e6f3c2e5191a,Kathryn Panico,Crater View,5.0,4,1,0,0,20.0,16.0,0.8,1.4484388478251884,14.551561152174811,0.8,0.0
girls,8A,S1,7c45ab19da3d72de,Alana Tamasese,Brooks,6.0,4,1,0,0,30.0,24.0,0.8,-0.9592389197408695,24.95923891974087,0.8,0.0
boys,1A,S3,090c4b65f6606a88,Marshall Sanchez,Portola-Caverly,6.0,3,1,0,0,16.0,12.0,0.75,-0.1733664173415574,12.173366417341557,0.75,0.0
boys,6A,D2,e94ab1a7db92d796,Terrance Kutcher,Pelican Town,6.0,3,1,0,0,16.0,12.0,0.75,0.6057931261388969,11.394206873861103,0.75,0.0
boys,7A,D1,ceeefbcb676bd520,Zack Kendrick,Henson Prep,6.0,3,1,0,0,16.0,12.0,0.75,0.01960401307358728,11.980395986926412,0.75,0.0
boys,7A,S2,1bf41cedabdc0fd5,Anakin Cowan,Orchard Union,5.0,3,1,0,0,20.0,15.0,0.75,-0.06972519412395517,15.069725194123954,0.75,0.0
boys,Group 1,S3,5ef78b3a632a074c,Cash Sandberg,Irvington,5.0,3,1,0,0,28.0,21.0,0.75,-0.04301982808348925,21.04301982808349,0.75,0.0
girls,1A,S1,3af1822dcf0e48db,Valeria Cyr,Linden,7.0,3,1,0,0,20.0,15.0,0.75,0.12548691958926916,14.87451308041073,0.75,0.0
girls,2A,D1,8b67866ae96dd036,Addison Conger,Puerto Alma,10.0,3,1,0,0,12.0,9.0,0.75,0.3440899658846073,8.655910034115392,0.75,0.0
girls,4A,S3,ecce4cd838c5fa3e,Lydia King,Eastmont,7.0,3,1,0,0,16.0,12.0,0.75,-0.8256841034810689,12.82568410348107,0.75,0.0
girls,6A,S1,97fc23c7120fff4d,Audrey Reaves,Oakhaven,4.0,3,1,0,0,24.0,18.0,0.75,-2.867827822412841,20.867827822412842,0.75,0.0
girls,7A,D1,85a167019295225e,Aubrey Prysock,Topanga,8.0,3,1,0,0,16.0,12.0,0.75,0.4935318379750836,11.506468162024916,0.75,0.0
girls,7A,S2,d2d708977f69bfd1,Brylee Garza,Bellarmine Prep,4.0,3,1,0,0,20.0,15.0,0.75,-1.2794159414941892,16.27941594149419,0.75,0.0
girls,Group 1,S2,481f4be2816742e9,Kimber Hesser,River Plain,14.0,3,1,0,0,28.0,21.0,0.75,-0.2383740488528714,21.238374048852872,0.75,0.0
boys,Group 2,S1,4b9f9632197d3e9e,Jayden Emery,Pierre,2.0,4,1,0,0,26.0,21.0,0.8076923076923077,-1.602040660882753,22.602040660882754,0.8,-0.007692307692307665
boys,6A,S1,997f938ee982fac3,Jonathan Johnson,Manzanita,6.0,3,1,0,0,29.0,22.0,0.7586206896551724,-1.286659462839255,23.286659462839253,0.75,-0.008620689655172376
boys,6A,S3,cb7984c72ece4bdc,Felix Matthews,Oakhaven,1.0,5,1,0,1,38.0,32.0,0.8421052631578947,-1.33557514591844,33.33557514591844,0.8333333333333334,-0.00877192982456132
boys,3A,S3,57c42d455ce67dbd,Emmett Greeley,Ciderhaven,3.0,4,1,0,0,21.0,17.0,0.8095238095238095,-0.9151972171395014,17.9151972171395,0.8,-0.00952380952380949
boys,2A,S2,232d4820cb2bcfa3,Frank Futch,Governor Woods,13.0,3,1,0,0,25.0,19.0,0.76,1.7150614992218973,17.284938500778104,0.75,-0.010000000000000009
boys,9A,D1,4c2022315100ee4c,Lawrence Adams,L.B. Johnson,7.0,3,1,0,0,25.0,19.0,0.76,-1.8560609499863319,20.856060949986333,0.75,-0.010000000000000009
boys,9A,S1,788aa65239fce14d,Krew Kagan,San Tomás,12.0,3,1,0,0,25.0,19.0,0.76,-1.265624506403907,20.265624506403906,0.75,-0.010000000000000009
girls,6A,S1,043c05402754bca7,Jada Silva,Hurston,9.0,3,1,0,0,25.0,19.0,0.76,0.394567186923206,18.605432813076796,0.75,-0.010000000000000009
boys,1A,S3,1a313e86acabd431,Isaac Coats,Ione,13.0,3,1,0,0,21.0,16.0,0.7619047619047619,1.35758512253244,14.64241487746756,0.75,-0.011904761904761862
boys,2A,S1,e7320a0a31cdbdee,Jacob Flores,Fountain Park,9.0,3,1,0,0,21.0,16.0,0.7619047619047619,0.8045664701424532,15.195433529857548,0.75,-0.011904761904761862
boys,Group 2,D1,7c7b1cb8775eef2a,Mayson Andersen,Chicago Island,5.0,3,1,0,0,21.0,16.0,0.7619047619047619,0.8794051656833786,15.120594834316622,0.75,-0.011904761904761862
boys,Group 3,S2,76052cbb3f462492,Keith Hattori,Ashbrook,4.0,3,1,0,0,21.0,16.0,0.7619047619047619,-2.296040285772958,18.296040285772957,0.75,-0.011904761904761862
boys,Group 3,S2,78b8374869f65c2c,Alexander Kunkle,Riverview,13.0,3,1,0,0,21.0,16.0,0.7619047619047619,1.6593357087562772,14.340664291243723,0.75,-0.011904761904761862
boys,Group 3,S3,6bd766c9c6707d06,Aiden Hall,Ashbrook,6.0,3,1,0,0,21.0,16.0,0.7619047619047619,-1.9867477397016442,17.986747739701645,0.75,-0.011904761904761862
girls,Group 2,D1,bc47c2f61ea6b0cd,Daisy Knight,Reservoir Park,5.0,3,1,0,0,21.0,16.0,0.7619047619047619,-1.577547597416745,17.577547597416746,0.75,-0.011904761904761862
girls,3A,D1,0f14aac927d1548d,Angel White,San Lorenzo,2.0,5,1,0,1,13.0,11.0,0.8461538461538461,-1.443256353134589,12.443256353134588,0.8333333333333334,-0.012820512820512775
girls,7A,D1,6441d2534add2d0e,Chloé Paquette,Baptist,2.0,5,1,0,1,13.0,11.0,0.8461538461538461,-1.0311835440534485,12.031183544053448,0.8333333333333334,-0.012820512820512775
girls,Group 2,S2,cfc9092064451426,Madison McHenry,Dawkins,3.0,5,1,0,1,26.0,22.0,0.8461538461538461,0.1763391164364011,21.823660883563598,0.8333333333333334,-0.012820512820512775
girls,4A,S2,439aa7d62e3083cf,Mien Sulaeman,Averill,5.0,3,1,0,0,30.0,23.0,0.7666666666666667,-0.9847442289680918,23.984744228968093,0.75,-0.01666666666666672
girls,Group 1,S2,0db4168014a16465,Julia Her,Rostova Tech,16.0,3,1,0,0,30.0,23.0,0.7666666666666667,2.113654767819573,20.886345232180428,0.75,-0.01666666666666672
girls,7A,S2,d2c0ef063f48ace8,Chaima Tazi,Condotti Vanguard Academy,5.0,4,1,0,0,33.0,27.0,0.8181818181818182,1.7890903496596569,25.210909650340344,0.8,-0.018181818181818188
boys,3A,S2,6c9b634796dbefed,Haiden Cullum,California Canyons,1.0,5,1,0,1,27.0,23.0,0.8518518518518519,-1.7834890366860365,24.783489036686035,0.8333333333333334,-0.01851851851851849
boys,8A,S2,b12ef627a4318084,Titus Brockermeyer,Marshfield Prep,5.0,5,1,0,1,27.0,23.0,0.8518518518518519,0.002776228949176729,22.997223771050823,0.8333333333333334,-0.01851851851851849
girls,4A,S1,77a76749a7382c6c,Elżbieta Zieliński,Montelago West,8.0,3,1,0,0,26.0,20.0,0.7692307692307693,1.5313238101846571,18.468676189815344,0.75,-0.019230769230769273
boys,7A,D1,8a89c527ac86444e,Noah Welch,Condotti Vanguard Academy,7.0,4,1,0,0,28.0,23.0,0.8214285714285714,3.7437540784045664,19.256245921595433,0.8,-0.021428571428571352
boys,9A,S2,21fa668212550256,Ethan Larson,Port Meridian Central,4.0,4,1,0,0,28.0,23.0,0.8214285714285714,-1.5383272001448307,24.53832720014483,0.8,-0.021428571428571352
boys,7A,D1,963f967bd781f91a,Jax Allan,Veles Harbor,4.0,3,1,0,0,22.0,17.0,0.7727272727272727,0.005981420590134956,16.994018579409865,0.75,-0.022727272727272707
boys,Group 1,S1,bef9acb8eb6bd222,Cheng-feng Chou,Vermillion,10.0,3,1,0,0,22.0,17.0,0.7727272727272727,0.15068669200168516,16.849313307998315,0.75,-0.022727272727272707
boys,Group 2,S2,ac46b16bb1c67127,Mason McCarn,Pacific Friends,5.0,3,1,0,0,22.0,17.0,0.7727272727272727,-2.2800564811752664,19.280056481175265,0.75,-0.022727272727272707
boys,Group 3,S1,efe71cbec0cb6a91,Jenson Clover,Ashbrook,6.0,3,1,0,0,22.0,17.0,0.7727272727272727,0.7248963121770102,16.27510368782299,0.75,-0.022727272727272707
girls,2A,S1,e0210f61d353b490,Serenity Nunn,Union,8.0,3,1,0,0,22.0,17.0,0.7727272727272727,-2.047005506439538,19.04700550643954,0.75,-0.022727272727272707
boys,2A,S3,d1b240abb8da28c9,Mikey Dotzler,Porterfield,1.0,5,1,0,1,14.0,12.0,0.8571428571428571,-1.1650838622415858,13.165083862241586,0.8333333333333334,-0.023809523809523725
boys,6A,S2,6b8e64b340ed0096,Brennan Hawthorne,Oakhaven,2.0,5,1,0,1,35.0,30.0,0.8571428571428571,0.043447003559978103,29.95655299644002,0.8333333333333334,-0.023809523809523725
boys,Group 1,D1,8d71851e76f7d0ce,Evan McKenzie,Cole Valley,4.0,5,1,0,1,28.0,24.0,0.8571428571428571,1.7167528277677666,22.283247172232233,0.8333333333333334,-0.023809523809523725
boys,Group 3,S2,d48173ed1a89fc51,Giancarlo Perez,Saltbush,7.0,5,1,0,1,21.0,18.0,0.8571428571428571,0.45033097794658583,17.549669022053415,0.8333333333333334,-0.023809523809523725
girls,Group 1,S1,8dec0aeb6a47c017,Mackenzie Maldonado,Irvington,3.0,4,1,0,0,40.0,33.0,0.825,-0.7424527982203123,33.74245279822031,0.8,-0.02499999999999991
boys,Group 2,S1,af2e525156df1021,Jaden Compton,Dawkins,6.0,4,1,0,0,23.0,19.0,0.8260869565217391,-0.8668277190290197,19.86682771902902,0.8,-0.02608695652173909
girls,2A,S3,d9fa88e8cd3a9013,Caroline Robertson,Windward,5.0,4,1,0,0,23.0,19.0,0.8260869565217391,0.42141158656251976,18.57858841343748,0.8,-0.02608695652173909
girls,9A,S3,c545496dd8b1308d,Beatriz Valdes,Notre Dame,3.0,4,1,0,0,23.0,19.0,0.8260869565217391,-1.0827022134954558,20.082702213495455,0.8,-0.02608695652173909
girls,Group 1,S2,9ada1f815d2513c3,Audrina Noffsinger,Grant,9.0,4,1,0,0,23.0,19.0,0.8260869565217391,0.504194610199871,18.49580538980013,0.8,-0.02608695652173909
boys,8A,S3,91deee48f85f0a6f,James Burt,Seawall,3.0,4,1,0,0,29.0,24.0,0.8275862068965517,4.042901021313168,19.957098978686833,0.8,-0.027586206896551668
girls,2A,S1,f3e040901f544ae2,Vivienne Spaulding,Seamus Town,9.0,4,1,0,0,29.0,24.0,0.8275862068965517,-1.138212667126079,25.13821266712608,0.8,-0.027586206896551668
girls,8A,S2,1ecac44ed9fe3408,Vanessa Kramer,Pacific Gate,2.0,4,1,0,0,29.0,24.0,0.8275862068965517,-0.6025409998610528,24.602540999861052,0.8,-0.027586206896551668
girls,8A,S3,4a2171595eee08e7,Caroline Atkinson,Plainfield,6.0,4,1,0,0,29.0,24.0,0.8275862068965517,0.14591200783787717,23.85408799216212,0.8,-0.027586206896551668
boys,2A,S2,f2491dae04b848ff,Josiah Cervantes,Netherwood,8.0,3,1,0,0,18.0,14.0,0.7777777777777778,-2.168997335112642,16.168997335112643,0.75,-0.02777777777777779
boys,5A,S1,e897135dfc0d023f,Ryker Jackson,Blackpine,3.0,5,1,0,1,22.0,19.0,0.8636363636363636,0.6973549146938228,18.302645085306178,0.8333333333333334,-0.030303030303030276
boys,5A,S2,11ba395f1f12144a,Everett Ramsey,Morne Caribou Polytechnic,5.0,3,1,0,0,32.0,25.0,0.78125,0.9216394297213345,24.078360570278665,0.75,-0.03125
boys,4A,S1,8ac85dc3275ec7c1,Keith Egan,Biloxi Heights,5.0,3,1,0,0,23.0,18.0,0.782608695652174,0.7821101480814642,17.217889851918535,0.75,-0.03260869565217395
boys,4A,S3,98b1bbaaccdbdbce,Christian Miller,J. Jackson,13.0,3,1,0,0,23.0,18.0,0.782608695652174,-0.5389960059293986,18.5389960059294,0.75,-0.03260869565217395
boys,9A,S1,54a5c8ba236e068d,Everett Moore,Morgan Park,8.0,3,1,0,0,23.0,18.0,0.782608695652174,-0.9692418479517196,18.969241847951718,0.75,-0.03260869565217395
boys,Group 3,S3,2e10267e99a168f8,Eli Wen,Naylors Landing,9.0,3,1,0,0,23.0,18.0,0.782608695652174,1.0587700613758209,16.94122993862418,0.75,-0.03260869565217395
girls,8A,S2,41868151a62ab338,Milena Hui,Asteroid City,8.0,3,1,0,0,23.0,18.0,0.782608695652174,-0.8984349094943092,18.89843490949431,0.75,-0.03260869565217395
boys,1A,D1,0107bfb500d00f62,Hezekiah Clapp,Coastal Christian,4.0,4,1,0,0,12.0,10.0,0.8333333333333334,-1.0643740356915212,11.064374035691522,0.8,-0.033333333333333326
boys,5A,S3,29fe886c1edd908d,Rodmond Falconi,Pendleton,4.0,4,1,0,0,18.0,15.0,0.8333333333333334,0.3749424563261964,14.625057543673803,0.8,-0.033333333333333326
girls,5A,S1,641a39547e98cc2b,Alexandra Pina,Riverside,4.0,4,1,0,0,24.0,20.0,0.8333333333333334,-0.5288315005073487,20.528831500507348,0.8,-0.033333333333333326
girls,6A,S2,9a09e8edd1530b84,Valentina Reedy,Bolinas,4.0,4,1,0,0,24.0,20.0,0.8333333333333334,-0.817809539878454,20.817809539878454,0.8,-0.033333333333333326
girls,8A,D1,1ee42b00ba9ef477,Gabriella Tran,Crater View,5.0,4,1,0,0,12.0,10.0,0.8333333333333334,0.1980358076930251,9.801964192306976,0.8,-0.033333333333333326
boys,8A,S3,3db40265817de2c9,Rasheed Moran,D. Eisenhower,8.0,3,1,0,0,28.0,22.0,0.7857142857142857,-1.8175131255860135,23.817513125586014,0.75,-0.0357142857142857
boys,Group 1,D1,2455cb817eb48eb5,Diego Gonzales,Rio San Juan,1.0,3,1,0,0,14.0,11.0,0.7857142857142857,-0.8760733580748198,11.87607335807482,0.75,-0.0357142857142857
girls,4A,D2,261474d3dfc6048a,Madison Alford,Fellows Mill,8.0,3,1,0,0,14.0,11.0,0.7857142857142857,1.1877274228458181,9.812272577154182,0.75,-0.0357142857142857
girls,6A,D1,cb1220fc82f4d6f4,Jayda Carmona,Severn,6.0,3,1,0,0,14.0,11.0,0.7857142857142857,0.7772146525563627,10.222785347443637,0.75,-0.0357142857142857
girls,Group 1,D1,7461c3f1654f5923,Ariana Rodriguez,Jackson Hole,8.0,3,1,0,0,28.0,22.0,0.7857142857142857,0.9332081922658388,21.066791807734162,0.75,-0.0357142857142857
boys,Group 2,S3,9680bdd15421fa7e,Turner McQueen,Star Valley Regional,2.0,4,1,0,0,31.0,26.0,0.8387096774193549,0.18754106441466933,25.81245893558533,0.8,-0.03870967741935483
boys,2A,S3,5c7d8c1b47894381,Koen Henry,Cherry Hill North,9.0,3,1,0,0,19.0,15.0,0.7894736842105263,-0.7966218455162825,15.796621845516283,0.75,-0.03947368421052633
girls,7A,S3,371bf1c839ada5a9,Ryleigh Sanchez,Condotti Vanguard Academy,5.0,3,1,0,0,38.0,30.0,0.7894736842105263,-0.22016416958323548,30.220164169583235,0.75,-0.03947368421052633
boys,Group 3,D1,bceab1873e57c7a6,Samson Williams,Galactica Plains,4.0,4,1,0,0,25.0,21.0,0.84,-0.16193959424680537,21.161939594246807,0.8,-0.039999999999999925
girls,5A,S3,bfa82da0493b5c89,Julia Lee,Metropolitan Country Day,2.0,5,1,0,1,32.0,28.0,0.875,2.7415942063345744,25.258405793665425,0.8333333333333334,-0.04166666666666663
girls,9A,D1,fe4be7dbea4609d4,Nicole Wren,Canal View,6.0,5,1,0,1,16.0,14.0,0.875,-0.9165943436454165,14.916594343645416,0.8333333333333334,-0.04166666666666663
boys,2A,S2,b6831978c5367a3b,Edgar Laberge,Sutter Basin,10.0,3,1,0,0,24.0,19.0,0.7916666666666666,1.49684279612835,17.503157203871652,0.75,-0.04166666666666663
girls,6A,S2,dafe56718a99004c,Francisca Alvarez,Starfield,6.0,3,1,0,0,24.0,19.0,0.7916666666666666,0.9451644097777547,18.054835590222247,0.75,-0.04166666666666663
girls,Group 1,S3,4b76b32300bfd9fa,Nora Coon,Tallulah Central,6.0,3,1,0,0,24.0,19.0,0.7916666666666666,-0.694577120652723,19.694577120652724,0.75,-0.04166666666666663
boys,Group 3,S2,1eb6702994c1191a,Otis Dowdy,Doyleville Union,8.0,4,1,0,0,19.0,16.0,0.8421052631578947,-0.27974954875108304,16.279749548751084,0.8,-0.042105263157894646
boys,Group 3,S3,ca500a773ed50453,Liam Goodwin,Latgaway,5.0,4,1,0,0,19.0,16.0,0.8421052631578947,-1.1582286262140515,17.15822862621405,0.8,-0.042105263157894646
girls,9A,S1,64f7f888a7144f01,Diana Grove,De La Salle,8.0,4,1,0,0,19.0,16.0,0.8421052631578947,0.3144550947727376,15.685544905227262,0.8,-0.042105263157894646
girls,5A,S1,4830e077d3b8e8db,Fatima Lahlou,Pendleton,8.0,3,1,0,0,29.0,23.0,0.7931034482758621,1.1552930954440568,21.84470690455594,0.75,-0.0431034482758621
girls,6A,S2,63c6884729d798ae,Violet Duong,Pawnee,9.0,3,1,0,0,29.0,23.0,0.7931034482758621,-0.12572387854896272,23.125723878548964,0.75,-0.0431034482758621
girls,Group 1,S1,6b874506801cfb9c,Genesis Davis,Terrace Park,9.0,3,1,0,0,29.0,23.0,0.7931034482758621,1.1507597049819016,21.8492402950181,0.75,-0.0431034482758621
boys,6A,S1,71a08a5876fd7d4d,Elliot Canter,Oakhaven,1.0,5,1,0,1,33.0,29.0,0.8787878787878788,-0.9508553685673687,29.950855368567368,0.8333333333333334,-0.045454545454545414
boys,Group 1,D1,814c63b100ab062d,Channing Shipley,Furnace Creek,7.0,4,1,0,0,26.0,22.0,0.8461538461538461,0.5319905319129031,21.468009468087097,0.8,-0.0461538461538461
boys,4A,S1,a9b9edc9b9064b06,Clyde Southwind,Gagarin,2.0,5,1,0,1,17.0,15.0,0.8823529411764706,-1.0615610786204548,16.061561078620453,0.8333333333333334,-0.04901960784313719
boys,9A,S1,a28a81405ec4cb59,Chih-wei Liao,Forest Park,7.0,5,1,0,1,17.0,15.0,0.8823529411764706,-0.39031229425033687,15.390312294250338,0.8333333333333334,-0.04901960784313719
boys,1A,S1,83e3f6f08a502908,Lucas Chou,Los Remolinos,6.0,3,1,0,0,25.0,20.0,0.8,-0.24698510855602906,20.24698510855603,0.75,-0.050000000000000044
boys,2A,S3,3e9a634ffed411b2,Paul Kaneko,Meridian Regional,5.0,3,1,0,0,20.0,16.0,0.8,-0.7717933618017613,16.771793361801763,0.75,-0.050000000000000044
boys,3A,D1,4905ae8b9b0401f7,Thomas Ajeti,Veles Park,4.0,3,1,0,0,30.0,24.0,0.8,-0.034234274290074085,24.034234274290075,0.75,-0.050000000000000044
boys,3A,D1,d01f636adcaab5f8,Alphonzo Boer,Ciderhaven,6.0,3,1,0,0,10.0,8.0,0.8,-0.4738851859650789,8.473885185965079,0.75,-0.050000000000000044
boys,3A,S3,cf4899245e4541e9,Paul Boozer,Tallgrass,8.0,3,1,0,0,20.0,16.0,0.8,1.614240280805974,14.385759719194025,0.75,-0.050000000000000044
boys,6A,D1,4aed8b0b5d863123,Ryker Villanueva,Marigny,6.0,3,1,0,0,10.0,8.0,0.8,-0.31301202307853804,8.313012023078539,0.75,-0.050000000000000044
boys,8A,S2,623a32230c7e968b,Reginald Breaux,Tidegate,6.0,3,1,0,0,30.0,24.0,0.8,-1.1171551352548796,25.11715513525488,0.75,-0.050000000000000044
boys,Group 1,D1,534e6c6b4ef52647,Daniel Boring,Rio San Juan,1.0,3,1,0,0,15.0,12.0,0.8,0.07195752531454785,11.928042474685451,0.75,-0.050000000000000044
boys,Group 1,S1,b5b22665d2e6ab3b,Nathan Brooks,Tuscarora,8.0,3,1,0,0,20.0,16.0,0.8,-0.4923343192414371,16.492334319241436,0.75,-0.050000000000000044
boys,Group 3,D1,53f33c6540bfd33a,Mason Alonso,Naylors Landing,10.0,3,1,0,0,10.0,8.0,0.8,-0.4288261049912203,8.42882610499122,0.75,-0.050000000000000044
girls,1A,S3,e0e4e74b9b3379a5,Brooklyn Donnelly,Cassius,5.0,3,1,0,0,25.0,20.0,0.8,0.7227263042823413,19.27727369571766,0.75,-0.050000000000000044
girls,4A,S3,84427192e28988b1,Naomi Diaz,Tallulah Canyon,6.0,3,1,0,0,25.0,20.0,0.8,0.24977437191083757,19.75022562808916,0.75,-0.050000000000000044
girls,7A,S3,ca39bac2cda8a31a,Kiana Smith,Veles Harbor,7.0,3,1,0,0,20.0,16.0,0.8,-0.34512848765670023,16.3451284876567,0.75,-0.050000000000000044
boys,9A,S2,33d54f7e8d8c7c75,Ruben Felts,Rockridge,1.0,5,1,0,1,26.0,23.0,0.8846153846153846,0.1435834222701835,22.856416577729817,0.8333333333333334,-0.05128205128205121
girls,6A,S3,4939a0d515443381,Tsubaki Ishihara,Marigny,3.0,5,1,0,1,26.0,23.0,0.8846153846153846,0.348581277045966,22.651418722954034,0.8333333333333334,-0.05128205128205121
boys,7A,S2,aa7f82436ca643bf,Gabriel Smith,Condotti Vanguard Academy,3.0,4,1,0,0,27.0,23.0,0.8518518518518519,-0.24741502697499063,23.24741502697499,0.8,-0.051851851851851816
girls,6A,S3,9e47687b7e4cc0cf,Anhelina Stepanenko,Benedetti,6.0,4,1,0,0,27.0,23.0,0.8518518518518519,-0.13636518587097002,23.13636518587097,0.8,-0.051851851851851816
girls,Group 2,S1,cb7684330c82b572,Claire Williams,Pacific Friends,2.0,4,1,0,0,27.0,23.0,0.8518518518518519,-0.5777752941511056,23.577775294151106,0.8,-0.051851851851851816
boys,8A,D1,569d81cd55933a07,Stephen Ofori,Seawall,2.0,5,1,0,1,27.0,24.0,0.8888888888888888,0.7417092580994405,23.25829074190056,0.8333333333333334,-0.05555555555555547
girls,8A,S1,afbce71bccfc7fe8,Graciela Llorente,Montclair,10.0,3,1,0,0,31.0,25.0,0.8064516129032258,2.53131012986338,22.468689870136622,0.75,-0.056451612903225756
girls,3A,S1,7df2e3d53c70d0fb,Karla Morris,Ciderhaven,7.0,4,1,0,0,14.0,12.0,0.8571428571428571,0.9090559062987638,11.090944093701236,0.8,-0.05714285714285705
girls,4A,S3,a4300bd3547084bd,Danielle Hancock,Averill,5.0,4,1,0,0,21.0,18.0,0.8571428571428571,-0.08386348427547641,18.083863484275476,0.8,-0.05714285714285705
girls,7A,D2,369efb553e5702f3,Elizabeth Sanchez,Lone Pine,10.0,4,1,0,0,14.0,12.0,0.8571428571428571,1.7041939020217416,10.295806097978259,0.8,-0.05714285714285705
boys,2A,S2,fae4a5e00843b3f3,Kellen Fuller,Featherton,12.0,3,1,0,0,26.0,21.0,0.8076923076923077,0.1855685395277311,20.814431460472267,0.75,-0.05769230769230771
boys,8A,D1,412cc6e453abda15,Lincoln Christensen,Asteroid City,6.0,3,1,0,0,26.0,21.0,0.8076923076923077,0.38664038234328646,20.613359617656712,0.75,-0.05769230769230771
girls,1A,S2,8904c81cae3ff8ee,Taylor Velasquez,Levee Bluff,6.0,3,1,0,0,26.0,21.0,0.8076923076923077,3.7145245232696347,17.285475476730365,0.75,-0.05769230769230771
girls,7A,S3,8a5b40641ba7bf0e,Abigail Pino,Brookmont,12.0,3,1,0,0,26.0,21.0,0.8076923076923077,1.3821290817703291,19.61787091822967,0.75,-0.05769230769230771
girls,Group 2,S2,8b3293f4b8b20e15,Sofia Grubbs,E. Baker,6.0,3,1,0,0,26.0,21.0,0.8076923076923077,2.776100098708641,18.22389990129136,0.75,-0.05769230769230771
boys,Group 1,S3,1a4f987f9bb5c5f8,Matthew Lanier,Terrace Park,1.0,5,1,0,1,28.0,25.0,0.8928571428571429,-0.4071467147445281,25.407146714744528,0.8333333333333334,-0.059523809523809534
boys,3A,S3,1c0028c435a3b1e7,Stiaan Erasmus,Novak,13.0,3,1,0,0,21.0,17.0,0.8095238095238095,1.3380463018535682,15.661953698146432,0.75,-0.059523809523809534
girls,Group 3,S1,876a2123edf004a1,Cassidy Pace-Wilson,Riverview,5.0,3,1,0,0,21.0,17.0,0.8095238095238095,-1.3454440740014213,18.34544407400142,0.75,-0.059523809523809534
boys,4A,S2,7464980458b0d85a,Quentin Witherell,Gagarin,1.0,5,1,0,1,19.0,17.0,0.8947368421052632,-0.7844346449801118,17.784434644980113,0.8333333333333334,-0.06140350877192979
girls,2A,S1,74e7641567827be0,Savannah Wong,Pine Eagle,4.0,5,1,0,1,19.0,17.0,0.8947368421052632,2.184488694833931,14.81551130516607,0.8333333333333334,-0.06140350877192979
boys,8A,S3,a5438b48e788ca64,Quinn Pierce,Pacific Gate,4.0,4,1,0,0,29.0,25.0,0.8620689655172413,0.42871438655519145,24.571285613444807,0.8,-0.06206896551724128
boys,Group 2,S2,86b1d48db7fb313c,Tim DiLouie,Oak Forest,7.0,4,1,0,0,29.0,25.0,0.8620689655172413,-0.006600508217432854,25.00660050821743,0.8,-0.06206896551724128
girls,3A,S2,5e0df65cea0ce3f4,Kamari McKee,Quarmont,7.0,3,1,0,0,16.0,13.0,0.8125,-0.5000685599527599,13.50006855995276,0.75,-0.0625
girls,4A,S1,03490dcb3e75c799,Harper Crabtree,Averill,5.0,3,1,0,0,16.0,13.0,0.8125,-0.08589517686928405,13.085895176869284,0.75,-0.0625
girls,1A,S2,ed508bbdc8760b4f,Monica Abad,Coastal Christian,2.0,5,1,0,1,29.0,26.0,0.896551724137931,0.7134772094750664,25.286522790524934,0.8333333333333334,-0.06321839080459768
girls,4A,D1,b5dd6aeae6716570,Meadow Gosling,Basalt,4.0,4,1,0,0,22.0,19.0,0.8636363636363636,-0.8441692394084958,19.844169239408497,0.8,-0.0636363636363636
boys,1A,S2,83baba4c3a3c8a63,Elijah Berger,Los Remolinos,6.0,3,1,0,0,27.0,22.0,0.8148148148148148,1.167743782372825,20.832256217627176,0.75,-0.06481481481481477
boys,7A,S3,d3b28c424b810b74,Josiah Barnette,Clinton,6.0,3,1,0,0,27.0,22.0,0.8148148148148148,0.16474360503388585,21.835256394966112,0.75,-0.06481481481481477
girls,6A,S1,5f950b1c3ac51fc7,Stella Gan,Farview,8.0,3,1,0,0,27.0,22.0,0.8148148148148148,0.6514280220671408,21.34857197793286,0.75,-0.06481481481481477
girls,9A,S1,df68280c454c1801,Anastasia Gauci,Rockridge,4.0,3,1,0,0,27.0,22.0,0.8148148148148148,1.8778789852921136,20.122121014707886,0.75,-0.06481481481481477
boys,1A,S1,2b2a3b85562dfdc5,Nicholas May,Foothills Christian,2.0,5,1,0,1,20.0,18.0,0.9,-0.08030823832483314,18.080308238324832,0.8333333333333334,-0.06666666666666665
boys,8A,D2,a5a652fb77ec6305,Zaiden Kennedy,Pacific Gate,1.0,5,1,0,1,10.0,9.0,0.9,0.6618979375586137,8.338102062441386,0.8333333333333334,-0.06666666666666665
girls,Group 3,S2,6e2473d6f64d915f,Jade Faulkner,Galactica Plains,4.0,5,1,0,1,20.0,18.0,0.9,1.5968648806745653,16.403135119325434,0.8333333333333334,-0.06666666666666665
boys,3A,S2,38dcdda993977050,Leonel Jackman,Tallgrass,4.0,4,1,0,0,15.0,13.0,0.8666666666666667,0.8479520575302895,12.15204794246971,0.8,-0.06666666666666665
girls,Group 1,D1,cd10ef59e00b653a,Harper Andres,Grant,3.0,4,1,0,0,15.0,13.0,0.8666666666666667,-0.018807565974082174,13.018807565974083,0.8,-0.06666666666666665
boys,7A,D1,59ff8a867d7ea2ae,Katlego Burger,Clinton,8.0,3,1,0,0,11.0,9.0,0.8181818181818182,-0.2843910723876818,9.284391072387681,0.75,-0.06818181818181823
boys,8A,D1,4a353984b1b73c12,Zayn Brown,Breakwater,7.0,3,1,0,0,11.0,9.0,0.8181818181818182,0.17093159150246018,8.82906840849754,0.75,-0.06818181818181823
girls,3A,D2,28c09ae11d8d1585,Sienna Burk,Horseshoe Bend,7.0,3,1,0,0,11.0,9.0,0.8181818181818182,-0.7818439326936695,9.78184393269367,0.75,-0.06818181818181823
girls,9A,S3,e6faf7b181c08be8,Journi Philpot,L.B. Johnson,8.0,3,1,0,0,22.0,18.0,0.8181818181818182,1.2275396935281124,16.77246030647189,0.75,-0.06818181818181823
girls,Group 2,D1,3b0f630af33dd303,Abigail Lopez,Pierre,8.0,3,1,0,0,11.0,9.0,0.8181818181818182,-0.9252407115932095,9.92524071159321,0.75,-0.06818181818181823
girls,Group 2,S1,2f842e3bb07b9958,Ashleigh Spencer,Wong,8.0,3,1,0,0,22.0,18.0,0.8181818181818182,2.1010926465634543,15.898907353436545,0.75,-0.06818181818181823
boys,4A,D1,8f352f562b48b607,Gabriel Lafferty,Beacon Hill,4.0,4,1,0,0,23.0,20.0,0.8695652173913043,0.324475719814187,19.67552428018581,0.8,-0.06956521739130428
girls,2A,S1,e53568e02dffe0fa,Zoe Cox,Gottschalk-Herman,1.0,4,1,0,0,23.0,20.0,0.8695652173913043,-0.6000247910929322,20.60002479109293,0.8,-0.06956521739130428
girls,4A,S3,1ea35cd19c8b2286,Macall Weymuller,Biloxi Heights,3.0,4,1,0,0,23.0,20.0,0.8695652173913043,1.1447498835140855,18.855250116485916,0.8,-0.06956521739130428
girls,9A,S2,25b0691c4ef3d010,Essence Trail,Rockridge,2.0,4,1,0,0,23.0,20.0,0.8695652173913043,0.6230025395521674,19.376997460447832,0.8,-0.06956521739130428
boys,1A,S2,eb53614958f33f6e,Samuel Walker,Cassius,1.0,5,1,0,1,31.0,28.0,0.9032258064516129,-0.04950574048178069,28.04950574048178,0.8333333333333334,-0.06989247311827951
girls,Group 1,S2,31aa1461e86e98d7,Everly Eldredge,Irvington,1.0,5,1,0,1,31.0,28.0,0.9032258064516129,-0.49270210316554286,28.49270210316554,0.8333333333333334,-0.06989247311827951
boys,Group 3,S3,305c1365e42961b5,Emmanuel Barnes,Espoo,2.0,5,1,0,1,21.0,19.0,0.9047619047619048,0.4132635307698628,18.586736469230136,0.8333333333333334,-0.0714285714285714
girls,8A,S1,b71d7cd0955ef68c,Taniyah Netter,Plainfield,13.0,3,1,0,0,28.0,23.0,0.8214285714285714,1.7014122136856769,21.29858778631432,0.75,-0.0714285714285714
girls,Group 1,S2,02c33824b5ea711e,Sabrina Noonan,Point Loma,5.0,3,1,0,0,28.0,23.0,0.8214285714285714,-0.7476825037550732,23.747682503755073,0.75,-0.0714285714285714
girls,9A,D2,e94bee0d54698dbf,Irene Strader,Banneker,5.0,3,1,0,0,17.0,14.0,0.8235294117647058,0.3159145168312871,13.684085483168714,0.75,-0.07352941176470584
girls,Group 1,S3,670c9e81975ae1b8,Charlotte Garza,Terrace Park,8.0,3,1,0,0,34.0,28.0,0.8235294117647058,1.2033333503483243,26.796666649651677,0.75,-0.07352941176470584
boys,8A,S2,ada99426283a6cf8,Willie Hill,Bowerstock,3.0,4,1,0,0,32.0,28.0,0.875,-0.6585608652950473,28.658560865295048,0.8,-0.07499999999999996
boys,Group 3,S1,31889298435316d2,James Dunn,Espoo,1.0,4,1,0,0,16.0,14.0,0.875,-0.2088218676029554,14.208821867602955,0.8,-0.07499999999999996
girls,9A,S1,6beacf301f886a5b,Katherine Kuykendall,Jesuit,5.0,4,1,0,0,24.0,21.0,0.875,0.932189971445943,20.067810028554057,0.8,-0.07499999999999996
girls,Group 1,D1,5436d811799c5de1,Cecilia Pope,Vermillion,5.0,4,1,0,0,16.0,14.0,0.875,0.15711107610874986,13.84288892389125,0.8,-0.07499999999999996
boys,3A,S2,4d25591649039a42,Hudson Karczewski,Quarmont,7.0,3,1,0,0,23.0,19.0,0.8260869565217391,-0.003932779741587122,19.003932779741586,0.75,-0.07608695652173914
boys,4A,S2,77857b93328757ed,Gabriel Jensen,J. Jackson,12.0,3,1,0,0,23.0,19.0,0.8260869565217391,0.2534460735304901,18.74655392646951,0.75,-0.07608695652173914
boys,6A,S1,d78fd94747255c99,Wilson Duran,Marigny,5.0,3,1,0,0,23.0,19.0,0.8260869565217391,-0.6308625954892345,19.630862595489234,0.75,-0.07608695652173914
boys,8A,S2,b20d5968b4facf44,Jeremiah Foreman,Plainfield,7.0,3,1,0,0,23.0,19.0,0.8260869565217391,3.459649148274439,15.540350851725561,0.75,-0.07608695652173914
girls,5A,S2,fd99338560a41967,Tatum Barry,Blackpine,9.0,3,1,0,0,23.0,19.0,0.8260869565217391,1.2505598265489892,17.74944017345101,0.75,-0.07608695652173914
girls,8A,S2,130413d3486b1905,Kaela Wood,East Moscow,7.0,3,1,0,0,29.0,24.0,0.8275862068965517,0.6326478018212707,23.36735219817873,0.75,-0.07758620689655171
girls,8A,S2,3145584ff302a48d,Audrey Simmons,Temescal,15.0,3,1,0,0,35.0,29.0,0.8285714285714286,1.616111799521926,27.383888200478076,0.75,-0.07857142857142863
boys,3A,S3,4a8743dd00ea147e,Marcus Horne,California Canyons,1.0,5,1,0,1,23.0,21.0,0.9130434782608695,-0.8429570525394979,21.842957052539496,0.8333333333333334,-0.07971014492753614
girls,5A,S2,14691c30bbee136a,Dorrie Kaptein,Westfield Friends,3.0,5,1,0,1,23.0,21.0,0.9130434782608695,-0.544526066462196,21.544526066462197,0.8333333333333334,-0.07971014492753614
girls,8A,S1,7d4480af15bfedab,Obdulia Urbina,Pacific Gate,3.0,5,1,0,1,23.0,21.0,0.9130434782608695,2.5509649383174353,18.449035061682565,0.8333333333333334,-0.07971014492753614
girls,1A,S3,3624de0127a168c3,Maggie Ecker,Portola-Caverly,4.0,4,1,0,0,25.0,22.0,0.88,1.7785630493778548,20.221436950622145,0.8,-0.07999999999999996
girls,Group 3,S3,2758b06928f1a6d7,Lily Wilson,Saltbush,3.0,4,1,0,0,25.0,22.0,0.88,-0.5475391938110661,22.547539193811065,0.8,-0.07999999999999996
girls,5A,S2,25faf810f1f7d4df,Alejandra O'Brien,Metropolitan Country Day,4.0,4,1,0,0,17.0,15.0,0.8823529411764706,0.15557401536240079,14.8444259846376,0.8,-0.08235294117647052
boys,Group 2,S3,80cd0571a70ebc59,Henry Randolph,Dawkins,3.0,5,1,0,1,24.0,22.0,0.9166666666666666,0.547349370661474,21.452650629338525,0.8333333333333334,-0.08333333333333326
girls,1A,S3,fef5ff61fbcf62f9,Brynlee Lancaster,Banfield Day,2.0,5,1,0,1,12.0,11.0,0.9166666666666666,-0.3314089984410279,11.331408998441027,0.8333333333333334,-0.08333333333333326
girls,Group 1,S1,497422a227ad0b6e,Carmen Soller,St. Teresa,2.0,5,1,0,1,24.0,22.0,0.9166666666666666,-1.0953369681655407,23.09533696816554,0.8333333333333334,-0.08333333333333326
boys,1A,S1,260bc9af136725ba,Kevon Garrity,Silton Ridge,7.0,3,1,0,0,24.0,20.0,0.8333333333333334,1.6180352567562846,18.381964743243714,0.75,-0.08333333333333337
boys,9A,S2,33d4d3e8a6e59291,Christopher Strickler,Mater Dei,5.0,3,1,0,0,30.0,25.0,0.8333333333333334,1.3098246256286634,23.690175374371336,0.75,-0.08333333333333337
boys,Group 1,D1,e37fd3984651814d,Esteban Odriozola,River Plain,8.0,3,1,0,0,18.0,15.0,0.8333333333333334,-0.8419912621673831,15.841991262167383,0.75,-0.08333333333333337
boys,Group 2,S1,62f04ce06ffbced5,Benjamin Lair,Brown,7.0,3,1,0,0,24.0,20.0,0.8333333333333334,2.0882382550438097,17.91176174495619,0.75,-0.08333333333333337
girls,2A,S2,88a0ea857399f4fe,Samantha Cortez,Gottschalk-Herman,8.0,3,1,0,0,18.0,15.0,0.8333333333333334,-1.189677158641386,16.189677158641384,0.75,-0.08333333333333337
girls,3A,S1,60e56038100cc556,Keilani Newcombe,Fort Bardsley,6.0,3,1,0,0,24.0,20.0,0.8333333333333334,-1.2383034946806775,21.23830349468068,0.75,-0.08333333333333337
girls,4A,S3,4426a99efe4bc6b1,Lily Aron,Montelago West,8.0,3,1,0,0,24.0,20.0,0.8333333333333334,0.5874575685747131,19.412542431425287,0.75,-0.08333333333333337
girls,8A,S2,95e4fbab92398ac0,Katherine Caruso,Marshfield Prep,6.0,3,1,0,0,24.0,20.0,0.8333333333333334,-0.46365332453488795,20.46365332453489,0.75,-0.08333333333333337
girls,Group 1,D1,92c21061627bf69f,Zelena Buchanan,Tallulah Central,6.0,3,1,0,0,12.0,10.0,0.8333333333333334,-1.0641558331615681,11.064155833161568,0.75,-0.08333333333333337
girls,Group 1,D1,2fd5487fa7c35f5b,Kaylee Hsu,Monongahela,7.0,3,1,0,0,12.0,10.0,0.8333333333333334,-0.6154025681364801,10.61540256813648,0.75,-0.08333333333333337
girls,Group 2,S3,bbe7fb230bf0ba13,Eliana Shutt,Homeland,12.0,3,1,0,0,18.0,15.0,0.8333333333333334,0.48766928671881593,14.512330713281184,0.75,-0.08333333333333337
girls,Group 3,D1,7a06fef99fa80a2b,Isabella Baker,Ashbrook,5.0,3,1,0,0,12.0,10.0,0.8333333333333334,0.5966992919589404,9.40330070804106,0.75,-0.08333333333333337
girls,3A,S3,c6e24aebdb5321fe,Ella Smith,Ciderhaven,3.0,4,1,0,0,26.0,23.0,0.8846153846153846,1.6994845194330523,21.300515480566947,0.8,-0.08461538461538454
girls,8A,D1,3941da6bee88c7c3,McKinna Burks,Natchitoches,2.0,4,1,0,0,26.0,23.0,0.8846153846153846,2.7609042841802625,20.239095715819737,0.8,-0.08461538461538454
boys,9A,S3,1a082b9505689746,Caleb Ellison,Southridge Christian,6.0,3,1,0,0,31.0,26.0,0.8387096774193549,-0.29786176328293634,26.297861763282935,0.75,-0.08870967741935487
girls,2A,S3,844eca16b16bd304,Coraline Johnson,Meridian Regional,3.0,3,1,0,0,31.0,26.0,0.8387096774193549,2.2760646944795484,23.723935305520452,0.75,-0.08870967741935487
girls,6A,S3,e7f74d79c409a2da,Mikayla Barber,Starfield,5.0,3,1,0,0,31.0,26.0,0.8387096774193549,3.9948928800377144,22.005107119962286,0.75,-0.08870967741935487
boys,8A,D1,8518ba830ed64e74,Cain Ziegler,Tidegate,4.0,4,1,0,0,18.0,16.0,0.8888888888888888,-0.16015424970951964,16.16015424970952,0.8,-0.0888888888888888
girls,1A,S2,161f2b72039f68a0,Willow Schober,Joseph,3.0,4,1,0,0,27.0,24.0,0.8888888888888888,-0.7631161178250776,24.763116117825078,0.8,-0.0888888888888888
boys,5A,S3,0f8d1a151856ba49,Aydan Reinbold,Star City,1.0,5,1,0,1,26.0,24.0,0.9230769230769231,-0.10808815897430635,24.108088158974308,0.8333333333333334,-0.08974358974358976
boys,Group 2,D1,3043e6669e4caeab,Walker Elmore,Pacific Friends,1.0,5,1,0,1,26.0,24.0,0.9230769230769231,2.1607954116911205,21.83920458830888,0.8333333333333334,-0.08974358974358976
girls,3A,S1,069c8799a34d70f5,Carol Nagaoka,California Canyons,1.0,5,1,0,1,13.0,12.0,0.9230769230769231,-0.21414915401743595,12.214149154017436,0.8333333333333334,-0.08974358974358976
boys,1A,S1,2a28155606060cac,Lorenzo Craig,Cassius,4.0,3,1,0,0,25.0,21.0,0.84,2.6005413370781882,18.399458662921813,0.75,-0.08999999999999997
boys,7A,S2,b164cc785df1a041,Rayden Wu,Deaconsburg,6.0,3,1,0,0,25.0,21.0,0.84,-0.7020713357857918,21.702071335785792,0.75,-0.08999999999999997
girls,1A,S2,9f1d29c29c0d0b9d,Addison Jones,Klickitat,5.0,3,1,0,0,25.0,21.0,0.84,-0.745376112300762,21.74537611230076,0.75,-0.08999999999999997
girls,9A,S2,f76bacfcb132ba86,Solè Stuckey,Southridge Christian,5.0,3,1,0,0,25.0,21.0,0.84,-1.4210012520588338,22.421001252058833,0.75,-0.08999999999999997
girls,Group 3,S2,d0fbc105f73eda2b,Kayla Longo,Doyleville Union,10.0,3,1,0,0,25.0,21.0,0.84,1.009629525115952,19.99037047488405,0.75,-0.08999999999999997
girls,4A,S1,1d916aefb41883b1,Kennedy Flores,Walter-Kenny,1.0,4,1,0,0,37.0,33.0,0.8918918918918919,-0.8077587783779728,33.80775877837797,0.8,-0.09189189189189184
girls,7A,S1,42ca076042c2e9c5,Sophia Bennett,Deaconsburg,8.0,3,1,0,0,19.0,16.0,0.8421052631578947,0.305651023872234,15.694348976127767,0.75,-0.09210526315789469
girls,9A,S1,e244af6c9ed64adb,Adriana Mcintyre,Southridge Christian,6.0,3,1,0,0,19.0,16.0,0.8421052631578947,0.18428022257163545,15.815719777428365,0.75,-0.09210526315789469
boys,9A,S1,3a3d7a7f8fc9df5f,Kaiden White,Southridge Christian,5.0,4,1,0,0,28.0,25.0,0.8928571428571429,0.3528903917929662,24.647109608207035,0.8,-0.09285714285714286
girls,Group 1,S2,d1dd275d62a66831,Jimena Carrell,Monongahela,4.0,4,1,0,0,28.0,25.0,0.8928571428571429,0.7815902001394109,24.218409799860588,0.8,-0.09285714285714286
boys,1A,S3,abf160b1a6eb640a,Cameron Wilson,Los Remolinos,4.0,4,1,0,0,19.0,17.0,0.8947368421052632,0.7944039712447389,16.20559602875526,0.8,-0.09473684210526312
girls,4A,S3,302f8f5c6b950178,Scarlett Irons,Gagarin,2.0,5,1,0,1,14.0,13.0,0.9285714285714286,-0.03901728789198333,13.039017287891983,0.8333333333333334,-0.09523809523809523
boys,6A,D1,a00f598bbb17e650,Brandon Ramsdell,Carrollton,7.0,3,1,0,0,13.0,11.0,0.8461538461538461,-0.3874981228400588,11.387498122840059,0.75,-0.09615384615384615
boys,8A,S1,cb2418d7ba99cba4,Lex Stamps,Marshfield Prep,7.0,3,1,0,0,26.0,22.0,0.8461538461538461,1.0819753855079621,20.918024614492037,0.75,-0.09615384615384615
boys,Group 1,D1,c3a49e6fe510a195,Brock Murray,Goodman,6.0,3,1,0,0,13.0,11.0,0.8461538461538461,-0.07039033682166118,11.070390336821662,0.75,-0.09615384615384615
girls,7A,S1,b99606eb2147d956,Mila Olson,Clinton,9.0,3,1,0,0,26.0,22.0,0.8461538461538461,0.7820964201667358,21.217903579833266,0.75,-0.09615384615384615
girls,7A,S2,8a09447f49d67e47,Mia Horton,Orchard Union,6.0,3,1,0,0,26.0,22.0,0.8461538461538461,0.19240835718580906,21.80759164281419,0.75,-0.09615384615384615
girls,9A,D1,f95888988bd8d0fe,Hye-ji Chu,Southridge Christian,10.0,3,1,0,0,13.0,11.0,0.8461538461538461,0.9624580811388928,10.037541918861107,0.75,-0.09615384615384615
girls,9A,S3,50c314e6c9e9e4ce,Alexis Rainey,Southridge Christian,7.0,3,1,0,0,26.0,22.0,0.8461538461538461,0.8835441161509849,21.116455883849014,0.75,-0.09615384615384615
boys,6A,S3,bcd5b8a63be0dea6,Oscar Hernandez,Marigny,3.0,4,1,0,0,29.0,26.0,0.896551724137931,0.6072839125544139,25.392716087445585,0.8,-0.096551724137931
girls,Group 2,S3,efffc184080d8530,Lillian Vaccaro,Toussaint,3.0,4,1,0,0,29.0,26.0,0.896551724137931,0.7300615652146814,25.269938434785317,0.8,-0.096551724137931
boys,5A,S2,0c4c4440959bcf44,Johan Zanutto,Pendleton,6.0,4,1,0,0,20.0,18.0,0.9,4.964620572483014,13.035379427516986,0.8,-0.09999999999999998
boys,Group 3,S2,a8abcdcc6fec67e8,Elias Rodriguez,Raft County Catholic,5.0,4,1,0,0,20.0,18.0,0.9,0.0010976273175481444,17.99890237268245,0.8,-0.09999999999999998
boys,Group 3,S3,06b16d6d1f57f9c1,Rahman Hajsafi,Saltbush,4.0,4,1,0,0,20.0,18.0,0.9,1.0850325755644197,16.91496742443558,0.8,-0.09999999999999998
girls,3A,S2,b293edab9a11483a,Eve Villarreal,Ciderhaven,3.0,4,1,0,0,20.0,18.0,0.9,-0.1742669866016262,18.174266986601626,0.8,-0.09999999999999998
girls,9A,D1,56206715749cb6d4,Emilia Walsh,De La Salle,3.0,4,1,0,0,10.0,9.0,0.9,-0.2735757437465638,9.273575743746564,0.8,-0.09999999999999998
boys,8A,S3,cdc59fddf52107fe,Landyn Uiagalelei,Asteroid City,9.0,3,1,0,0,20.0,17.0,0.85,0.3956012149368281,16.60439878506317,0.75,-0.09999999999999998
girls,4A,S2,91732e6510aae7d3,Sarah You,Montelago West,8.0,3,1,0,0,20.0,17.0,0.85,1.194820755437932,15.805179244562067,0.75,-0.09999999999999998
boys,7A,S1,4e24246435375eb0,Ciaran Irvin,Veles Harbor,5.0,3,1,0,0,27.0,23.0,0.8518518518518519,1.4554927090005059,21.544507290999494,0.75,-0.10185185185185186
boys,8A,S1,6b80332b2b183ff3,Tamatoa Hellstrom,Bowerstock,5.0,3,1,0,0,27.0,23.0,0.8518518518518519,0.2548056295564628,22.74519437044354,0.75,-0.10185185185185186
girls,1A,S3,c5be5330c7189909,Chloe Eastburn,Silton Ridge,3.0,3,1,0,0,27.0,23.0,0.8518518518518519,0.3632373993132676,22.636762600686733,0.75,-0.10185185185185186
boys,9A,S3,2910565fbfabfda6,Gustave Pace-Wilson,Jesuit,5.0,4,1,0,0,31.0,28.0,0.9032258064516129,1.5610145907171127,26.43898540928289,0.8,-0.10322580645161283
girls,7A,S1,8165e692ed0dcf4f,Gianna Eskew,Evans Larsen Day,1.0,4,1,0,0,31.0,28.0,0.9032258064516129,0.3984514101815366,27.601548589818464,0.8,-0.10322580645161283
girls,2A,S2,171abe64c078cf81,Madison Kim,Seamus Town,4.0,4,1,0,0,21.0,19.0,0.9047619047619048,-0.6602141469672427,19.660214146967242,0.8,-0.10476190476190472
boys,5A,S1,3ef088b09a1f3a12,Alexander Hurdle,Clover,5.0,3,1,0,0,21.0,18.0,0.8571428571428571,0.9094035853995914,17.09059641460041,0.75,-0.1071428571428571
boys,9A,D1,07890eda18c3af52,Devon Hepner,Banneker,6.0,3,1,0,0,14.0,12.0,0.8571428571428571,1.40255356003057,10.59744643996943,0.75,-0.1071428571428571
boys,9A,D1,eb4d970d5c4397e8,Kraigg Cádiz,Mater Dei,16.0,3,1,0,0,14.0,12.0,0.8571428571428571,1.6410720085924326,10.358927991407567,0.75,-0.1071428571428571
girls,3A,D1,3ec9c02d9bc61e76,Lydia Nordby,Goldbank County,5.0,3,1,0,0,14.0,12.0,0.8571428571428571,-0.020432474345843277,12.020432474345844,0.75,-0.1071428571428571
girls,3A,D1,a27c35039906cebc,Kristen Aoki,Veles Park,6.0,3,1,0,0,14.0,12.0,0.8571428571428571,0.11248226956313967,11.88751773043686,0.75,-0.1071428571428571
girls,8A,S1,0652237ba61b9bf8,Claudia Kinnear,Tidegate,4.0,3,1,0,0,21.0,18.0,0.8571428571428571,-0.10681270958930511,18.106812709589306,0.75,-0.1071428571428571
girls,8A,S1,5d7fb4cf3421af80,Gianna Francis,Minnesota City,8.0,3,1,0,0,35.0,30.0,0.8571428571428571,-0.0072068183952543885,30.007206818395254,0.75,-0.1071428571428571
girls,Group 1,S1,a1dbee388adff1cc,Sophia Edlund,Monongahela,5.0,3,1,0,0,21.0,18.0,0.8571428571428571,-0.6471782915105329,18.64717829151053,0.75,-0.1071428571428571
girls,Group 2,S1,8155775510aae228,Fortunata Figueroa,Empire,6.0,3,1,0,0,21.0,18.0,0.8571428571428571,-1.136984336984302,19.136984336984302,0.75,-0.1071428571428571
girls,2A,S3,c0f173106e17b5c6,Eleanor Little,Gottschalk-Herman,7.0,5,1,0,1,17.0,16.0,0.9411764705882353,0.41962353031415167,15.580376469685849,0.8333333333333334,-0.10784313725490191
boys,1A,S3,d538472720a4bd85,Elliot Schneiderman,Klickitat,7.0,4,1,0,0,22.0,20.0,0.9090909090909091,1.5355585485483472,18.464441451451652,0.8,-0.10909090909090902
boys,3A,S1,6d62b82a39505b41,Jeremy Bian,California Canyons,1.0,4,1,0,0,33.0,30.0,0.9090909090909091,0.450564996582804,29.549435003417194,0.8,-0.10909090909090902
boys,4A,S2,0503cac4424c76ab,Logan Abbas,Port Veles Episcopal,3.0,4,1,0,0,22.0,20.0,0.9090909090909091,-0.19098211734971604,20.190982117349716,0.8,-0.10909090909090902
boys,7A,S1,3459ab910f55e143,Forest Garland,Baptist,2.0,4,1,0,1,22.0,20.0,0.9090909090909091,-0.21796661520514038,20.21796661520514,0.8,-0.10909090909090902
boys,9A,D1,7e8801e85e81a69b,Turner Brzykcy,Friendship City,13.0,4,1,0,0,11.0,10.0,0.9090909090909091,1.8021663127351926,8.197833687264808,0.8,-0.10909090909090902
girls,1A,D1,11822be684c46b21,Ayesha Mirza,Joseph,3.0,4,1,0,0,22.0,20.0,0.9090909090909091,0.37122392892260403,19.628776071077397,0.8,-0.10909090909090902
girls,3A,S1,30ce4939974ed51f,Norah Ryan,Sinkford,4.0,4,1,0,0,22.0,20.0,0.9090909090909091,0.5456062319138806,19.45439376808612,0.8,-0.10909090909090902
girls,5A,S3,d946d780f8604c81,Aaliyah Pearson,Blackpine,6.0,4,1,0,0,22.0,20.0,0.9090909090909091,0.7668056626106006,19.2331943373894,0.8,-0.10909090909090902
girls,Group 1,D1,834b80564b7d5048,Vivienne Williams,Vermillion,5.0,4,1,0,0,11.0,10.0,0.9090909090909091,1.2213861061834084,8.778613893816592,0.8,-0.10909090909090902
girls,Group 1,S1,d4b8256916693071,Nadia Rojas,River Plain,4.0,4,1,0,0,22.0,20.0,0.9090909090909091,-0.027494511417709755,20.02749451141771,0.8,-0.10909090909090902
girls,7A,S3,7422342cd6327321,Amelia Keyes,Romero-Finniski,3.0,5,1,0,1,18.0,17.0,0.9444444444444444,0.8139774323438154,16.186022567656185,0.8333333333333334,-0.11111111111111105
boys,Group 2,S2,8c8e0eb8a347a524,Dominic Joyce,Brown,6.0,3,1,0,0,29.0,25.0,0.8620689655172413,1.8581491532924903,23.14185084670751,0.75,-0.11206896551724133
girls,2A,S2,d75428d0e3888428,Lise Desrosiers,Cherry Hill North,7.0,3,1,0,0,29.0,25.0,0.8620689655172413,3.658348023573629,21.34165197642637,0.75,-0.11206896551724133
girls,Group 3,S2,fda1d0661e30b1d3,Lily Ross,Mirage Crossing,3.0,4,1,0,0,23.0,21.0,0.9130434782608695,-0.515779685800144,21.515779685800144,0.8,-0.11304347826086947
boys,3A,S1,ce1d9280757ce874,Wesley Rowland,Barclay,7.0,3,1,0,0,22.0,19.0,0.8636363636363636,1.198131345020928,17.80186865497907,0.75,-0.11363636363636365
boys,7A,S2,c71318ae4a60be17,Ethan Stevenson,Bellarmine Prep,8.0,3,1,0,0,22.0,19.0,0.8636363636363636,1.497040159669599,17.5029598403304,0.75,-0.11363636363636365
boys,4A,S3,adb168f917d5bd91,Cyrus Tucker,Walter-Kenny,2.0,5,1,0,1,20.0,19.0,0.95,-0.2510389238408538,19.251038923840852,0.8333333333333334,-0.11666666666666659
girls,7A,S1,e5e4631cb7882898,Kira Patt-Henry,Brookmont,6.0,5,1,0,1,20.0,19.0,0.95,2.114913102626544,16.885086897373455,0.8333333333333334,-0.11666666666666659
boys,3A,S3,78b989178b18763b,Juan Werner,Ostrander Union,12.0,4,1,0,0,24.0,22.0,0.9166666666666666,1.4417999809354505,20.55820001906455,0.8,-0.11666666666666659
girls,9A,S3,5144672357a80475,Lucy Fitzgerald,Rockridge,4.0,4,1,0,0,12.0,11.0,0.9166666666666666,0.052713286308897156,10.947286713691103,0.8,-0.11666666666666659
boys,5A,S2,0cd4155bf39b06c5,Donald Bowers,Bush,3.0,3,1,0,0,15.0,13.0,0.8666666666666667,-0.2283942208738784,13.228394220873879,0.75,-0.1166666666666667
boys,6A,S3,ed10d4524e3fa21b,Quinn Baez,Valley Christian,7.0,3,1,0,0,15.0,13.0,0.8666666666666667,1.7236926682969542,11.276307331703046,0.75,-0.1166666666666667
boys,9A,S2,b96439a33fe4528a,Zachary Beckett,Coyote Bend,10.0,3,1,0,0,30.0,26.0,0.8666666666666667,1.0597594986160366,24.940240501383965,0.75,-0.1166666666666667
boys,Group 2,S2,a171a5acbf73ca7c,Karim Paul,Minidoka,4.0,3,1,0,0,30.0,26.0,0.8666666666666667,-0.45652269862065853,26.45652269862066,0.75,-0.1166666666666667
girls,4A,S1,032e44640cceb18a,Sarah Vardy,Tallulah Canyon,7.0,3,1,0,0,30.0,26.0,0.8666666666666667,0.9954411284978589,25.00455887150214,0.75,-0.1166666666666667
boys,2A,S1,d7ba47c5cb35b8b5,Anders Schmidt,Netherwood,7.0,3,1,0,0,23.0,20.0,0.8695652173913043,0.8829969720268875,19.117003027973112,0.75,-0.11956521739130432
boys,3A,S3,ebba525d567e60ad,Emilio Jenkins,Barclay,6.0,3,1,0,0,23.0,20.0,0.8695652173913043,0.45912126526331654,19.540878734736683,0.75,-0.11956521739130432
boys,5A,S3,902e5d23fdb0ec63,Luke Lewis,Miles Davis,7.0,3,1,0,0,23.0,20.0,0.8695652173913043,1.8138807594314965,18.1861192405685,0.75,-0.11956521739130432
boys,9A,S1,e8b32f3a628448a8,Jacob Andrews,Notre Dame,3.0,3,1,0,0,23.0,20.0,0.8695652173913043,-0.4962455988336191,20.496245598833617,0.75,-0.11956521739130432
girls,5A,S2,68d266190dd520dd,Amanda Hani,Bush,7.0,3,1,0,0,23.0,20.0,0.8695652173913043,-0.355114766360045,20.355114766360046,0.75,-0.11956521739130432
girls,9A,S1,ac488dbe3dfa30f2,Amira Yoon,Notre Dame,3.0,3,1,0,0,23.0,20.0,0.8695652173913043,-0.44252521253284594,20.442525212532846,0.75,-0.11956521739130432
girls,3A,S2,52736e17f83c69c9,Madilyn Galvan,San Lorenzo,2.0,5,1,0,1,22.0,21.0,0.9545454545454546,0.3877281464433957,20.612271853556603,0.8333333333333334,-0.12121212121212122
girls,9A,S3,2e0f9001a448edd8,Lydia Fox,Canal View,1.0,5,1,0,1,22.0,21.0,0.9545454545454546,1.1365515224358669,19.863448477564134,0.8333333333333334,-0.12121212121212122
girls,Group 2,S1,339a7c8f5b401c3b,Samantha Vences,Star Valley Regional,1.0,5,1,0,1,22.0,21.0,0.9545454545454546,0.40834270558252606,20.591657294417473,0.8333333333333334,-0.12121212121212122
boys,6A,S1,b2bc592396bc2c97,Colin Rueb,Bolinas,4.0,4,1,0,0,26.0,24.0,0.9230769230769231,2.4530893307966064,21.546910669203395,0.8,-0.12307692307692308
girls,5A,S3,b17699d1f97b6e1b,Tiyamike Msiska,Boggs,3.0,4,1,0,0,26.0,24.0,0.9230769230769231,2.0670338231989507,21.93296617680105,0.8,-0.12307692307692308
girls,1A,S1,34bc80f2de3b755b,Celeste Downs,Joseph,5.0,5,1,0,1,23.0,22.0,0.9565217391304348,1.2687722223883975,20.731227777611604,0.8333333333333334,-0.12318840579710144
girls,5A,D1,32df233c3ee6400e,Aria Rollins,Westfield Friends,2.0,5,1,0,1,23.0,22.0,0.9565217391304348,0.4095731011436108,21.59042689885639,0.8333333333333334,-0.12318840579710144
boys,1A,S3,111bcf1acc5b7a8b,Sebastian Duffy,Cassius,3.0,5,1,0,1,24.0,23.0,0.9583333333333334,0.03235405888352971,22.96764594111647,0.8333333333333334,-0.125
boys,4A,S3,75f12e0fe740e8ee,Terrell Cranis,Port Veles Episcopal,5.0,3,1,0,0,24.0,21.0,0.875,-0.24057676605269773,21.240576766052698,0.75,-0.125
boys,7A,S1,2ed76fab71508fce,Joseph Lovell,Brookmont,7.0,3,1,0,0,24.0,21.0,0.875,2.8777692218947446,18.122230778105255,0.75,-0.125
girls,4A,D1,de7535db4b9fa8c6,Addilyn Mattox,Eastmont,6.0,3,1,0,0,16.0,14.0,0.875,-1.2842470696204993,15.284247069620498,0.75,-0.125
girls,9A,D2,3c654ae7a5038b18,Emma Horton,L.B. Johnson,8.0,3,1,0,0,16.0,14.0,0.875,0.9820935678264638,13.017906432173536,0.75,-0.125
girls,Group 3,S2,edd895da93d3afb9,Olivia Hollingsworth,Saltbush,7.0,3,1,0,0,24.0,21.0,0.875,0.6381826865492818,20.361817313450718,0.75,-0.125
girls,7A,D1,c8dfa62c1e7e5788,Lillian Hutchinson,Veles Harbor,4.0,4,1,0,0,27.0,25.0,0.9259259259259259,1.8584560810794075,23.141543918920593,0.8,-0.12592592592592589
girls,Group 2,S2,a3f1812644aaf094,Aurora Perez,Toussaint,2.0,4,1,0,0,27.0,25.0,0.9259259259259259,0.02129666651439177,24.97870333348561,0.8,-0.12592592592592589
girls,7A,S2,11a5947f60fa49f3,Ariel Williams,Romero-Finniski,3.0,5,1,0,1,26.0,25.0,0.9615384615384616,1.5872596222807083,23.41274037771929,0.8333333333333334,-0.1282051282051282
boys,9A,D1,84c4d11512094c40,Daniel Clapp,Rockridge,2.0,4,1,0,0,14.0,13.0,0.9285714285714286,-0.01157773651915961,13.01157773651916,0.8,-0.12857142857142856
girls,6A,S3,b495e135c8e1563b,Annie Hahm,Chaminade,4.0,4,1,0,0,28.0,26.0,0.9285714285714286,1.1245873544114442,24.875412645588558,0.8,-0.12857142857142856
girls,7A,S1,1978374c37479857,Silvia Velez,Romero-Finniski,2.0,4,1,0,0,28.0,26.0,0.9285714285714286,1.0353622043356623,24.964637795664338,0.8,-0.12857142857142856
girls,5A,S3,c167dbcdde2fd3dc,Claudia Wilson,Clover,8.0,3,1,0,0,25.0,22.0,0.88,0.5582896325814677,21.441710367418533,0.75,-0.13
boys,7A,S2,407afcefac59c7cb,Raymond Williams,Evans Larsen Day,2.0,4,1,0,1,29.0,27.0,0.9310344827586207,0.07901975717457482,26.920980242825426,0.8,-0.13103448275862062
girls,4A,S2,fa2f09bbdb18677c,Esther Ranson,Basalt,11.0,3,1,0,0,17.0,15.0,0.8823529411764706,0.9643981637845923,14.035601836215408,0.75,-0.13235294117647056
girls,7A,S1,1de6ebce0b02bf03,Sofia King,Bellarmine Prep,3.0,3,1,0,0,17.0,15.0,0.8823529411764706,0.625855623961417,14.374144376038583,0.75,-0.13235294117647056
girls,8A,D1,2beaab454f0abc6f,Brynlee Smith,Seawall,8.0,3,1,0,0,17.0,15.0,0.8823529411764706,1.397168616618345,13.602831383381655,0.75,-0.13235294117647056
girls,Group 1,D1,cfef1804ae313859,Corinne Young,Boyle Heights,4.0,3,1,0,0,17.0,15.0,0.8823529411764706,1.1825823086788085,13.817417691321191,0.75,-0.13235294117647056
girls,8A,S1,f589cddf922ba0f3,Ariana Gills,Marshfield Prep,2.0,4,1,0,0,15.0,14.0,0.9333333333333333,0.16152047667888625,13.838479523321114,0.8,-0.1333333333333333
boys,2A,S1,a22595e99e1ce44b,Jace York,Texas Beach,6.0,3,1,0,0,26.0,23.0,0.8846153846153846,0.27673978797791177,22.723260212022087,0.75,-0.13461538461538458
boys,3A,S2,11cad0ed91566fe7,Ashram Ramkissoon,Ostrander Union,5.0,3,1,0,0,26.0,23.0,0.8846153846153846,0.4246542022594503,22.57534579774055,0.75,-0.13461538461538458
girls,7A,S2,3737b6316efaed9c,Katelyn Chandler,Baptist,1.0,3,1,0,0,26.0,23.0,0.8846153846153846,-1.2027123569660247,24.202712356966025,0.75,-0.13461538461538458
boys,9A,S2,3d4c62424e923619,Grant Cooper,Southridge Christian,3.0,4,1,0,0,31.0,29.0,0.9354838709677419,1.169242865871909,27.830757134128092,0.8,-0.13548387096774184
girls,2A,S1,d8c73211d143dc49,Zoey Mahoney,Texas Beach,7.0,3,1,0,0,35.0,31.0,0.8857142857142857,4.015456231707681,26.98454376829232,0.75,-0.13571428571428568
girls,4A,S2,be3fad621a434596,Lydia Woo,Port Veles Episcopal,3.0,4,1,0,0,16.0,15.0,0.9375,0.09283130487571578,14.907168695124284,0.8,-0.13749999999999996
girls,9A,D1,3d0883b422b6ae49,Selena Guardado,Morgan Park,7.0,4,1,0,0,16.0,15.0,0.9375,1.2235248067344013,13.776475193265599,0.8,-0.13749999999999996
boys,3A,S2,c0c13e9a02e68e43,Zakhar Potapova,Horseshoe Bend,8.0,3,1,0,0,18.0,16.0,0.8888888888888888,0.7014179092082725,15.298582090791728,0.75,-0.13888888888888884
girls,9A,D1,839a0695e39c7f92,Emma McBee,Jesuit,1.0,3,1,0,0,18.0,16.0,0.8888888888888888,-0.23366492864582977,16.23366492864583,0.75,-0.13888888888888884
girls,9A,S2,9c42d411af1fa3dd,Cora Reeser,Wells,10.0,3,1,0,0,27.0,24.0,0.8888888888888888,2.0873299365770945,21.912670063422905,0.75,-0.13888888888888884
girls,Group 3,S2,034924fbfdd0f2f1,Sadie Clark,Kearney,5.0,3,1,0,0,27.0,24.0,0.8888888888888888,0.2589389694688985,23.741061030531103,0.75,-0.13888888888888884
girls,3A,D1,68637f8adef22e9e,Zoey Thomas,Quarmont,3.0,4,1,0,0,17.0,16.0,0.9411764705882353,0.9786485427353345,15.021351457264666,0.8,-0.14117647058823524
boys,8A,S3,5fbe3975dbb02bdf,Mazigh Al-Nuaimi,Marshfield Prep,5.0,3,1,0,0,28.0,25.0,0.8928571428571429,0.7299377231126077,24.270062276887394,0.75,-0.1428571428571429
girls,1A,S1,088261a6a1e9f827,Sunitha Cluff,Cassius,3.0,3,1,0,0,28.0,25.0,0.8928571428571429,1.4341746554518244,23.565825344548177,0.75,-0.1428571428571429
girls,9A,S2,a658ccb65935c7af,Eileen Helman,Morgan Park,9.0,3,1,0,0,28.0,25.0,0.8928571428571429,1.8537434928272218,23.14625650717278,0.75,-0.1428571428571429
boys,5A,S2,684005b3fab8b93c,Samuel Callahan,Elk River,11.0,4,1,0,0,18.0,17.0,0.9444444444444444,1.3765117776335662,15.623488222366433,0.8,-0.14444444444444438
boys,1A,S1,dbb3eb9c81b8edf2,Oliver Blair,Joseph,3.0,3,1,0,0,19.0,17.0,0.8947368421052632,-0.48331487732355016,17.48331487732355,0.75,-0.14473684210526316
boys,5A,S3,0a91dee066e61ef1,Adam Rupe,Morne Caribou Polytechnic,5.0,3,1,0,0,19.0,17.0,0.8947368421052632,0.4600971306599074,16.539902869340093,0.75,-0.14473684210526316
boys,Group 2,S3,b14493ce5f11801e,Kevin Kim,Pacific Friends,4.0,3,1,0,0,19.0,17.0,0.8947368421052632,0.5397367427200341,16.460263257279966,0.75,-0.14473684210526316
girls,Group 2,S3,79c4e28842bfb945,Keira Ochsner,E. Baker,5.0,3,1,0,0,29.0,26.0,0.896551724137931,3.145452722688658,22.854547277311344,0.75,-0.14655172413793105
girls,Group 3,D1,a660c7bde6040a5c,Arya Gottschalk,Kearney,8.0,3,1,0,0,29.0,26.0,0.896551724137931,-0.9176125125852704,26.917612512585272,0.75,-0.14655172413793105
girls,6A,S1,12188d1b885a8fd4,Presley Palm,Bolinas,3.0,4,1,0,0,19.0,18.0,0.9473684210526315,0.9966469785693834,17.003353021430616,0.8,-0.14736842105263148
girls,Group 3,D1,f3c1c87f19db18c2,Kenna Song,Saltbush,4.0,4,1,0,0,19.0,18.0,0.9473684210526315,0.30213062774478583,17.697869372255216,0.8,-0.14736842105263148
boys,1A,S2,e83fdd8113b1d93d,Omari Bell,Joseph,5.0,3,1,0,0,20.0,18.0,0.9,0.23230982173113823,17.76769017826886,0.75,-0.15000000000000002
boys,1A,S2,3101623a78500b3e,Brody Russell,Klickitat,7.0,3,1,0,0,30.0,27.0,0.9,1.7323899430191698,25.26761005698083,0.75,-0.15000000000000002
boys,1A,S3,772596e8948fa933,Ron Silva,Pellford,5.0,3,1,0,0,30.0,27.0,0.9,3.0793238898400164,23.920676110159985,0.75,-0.15000000000000002
boys,2A,S3,3de23ff37047f6a7,Adam Rapp,Pine Eagle,8.0,3,1,0,0,20.0,18.0,0.9,1.6946510787964257,16.305348921203574,0.75,-0.15000000000000002
boys,6A,D1,38deda7405998f65,John Rodriguez,Springfield,13.0,3,1,0,0,10.0,9.0,0.9,1.3933339455649278,7.606666054435072,0.75,-0.15000000000000002
girls,2A,S2,3c681949655bf9fc,Georgia Elwood,Sutter Basin,9.0,3,1,0,0,20.0,18.0,0.9,0.759270254090552,17.240729745909448,0.75,-0.15000000000000002
girls,3A,D1,d8967fa83a9889a4,Madison Bowers,Barclay,7.0,3,1,0,0,10.0,9.0,0.9,0.4416682220531776,8.558331777946822,0.75,-0.15000000000000002
girls,3A,S1,9fb69517c68e5fdd,Jean Hamada,San Lorenzo,3.0,3,1,0,0,30.0,27.0,0.9,2.339830188881792,24.66016981111821,0.75,-0.15000000000000002
girls,3A,S2,93b8f991254a0d2a,Ashley Rose,Monte Blanco,8.0,3,1,0,0,20.0,18.0,0.9,2.5298522802497,15.4701477197503,0.75,-0.15000000000000002
girls,5A,S2,30de3cbd23b1e0b1,Addison Crader,Riverside,6.0,3,1,0,0,20.0,18.0,0.9,0.5917879113487544,17.408212088651247,0.75,-0.15000000000000002
girls,7A,D1,030fb2b86407bf29,Mary Steger,Cherry Hill East,7.0,3,1,0,0,10.0,9.0,0.9,0.43424808229724954,8.56575191770275,0.75,-0.15000000000000002
boys,2A,S1,6aee563e046a12ef,Bennett Harris,Villard,2.0,4,1,0,0,21.0,20.0,0.9523809523809523,0.7540958070990371,19.245904192900962,0.8,-0.15238095238095228
boys,2A,S3,7227961e6d6ff516,Dennis Lake,Villard,3.0,4,1,0,0,22.0,21.0,0.9545454545454546,1.126977037254897,19.873022962745104,0.8,-0.15454545454545454
boys,Group 2,D1,855593346385052f,Deacon Christensen,Star Valley Regional,2.0,4,1,0,0,22.0,21.0,0.9545454545454546,0.8995303995296642,20.100469600470337,0.8,-0.15454545454545454
boys,Group 2,S1,650476955229ebc4,Ardi Vikri,Kishwaukee,1.0,3,1,0,0,21.0,19.0,0.9047619047619048,1.2014024840893414,17.798597515910657,0.75,-0.15476190476190477
girls,1A,S3,c2b6645ce18126ef,Cara Pegula,Levee Bluff,7.0,3,1,0,0,21.0,19.0,0.9047619047619048,1.0357450438828706,17.96425495611713,0.75,-0.15476190476190477
girls,Group 3,S3,0a4734c8b4e81f34,Lily Saldana,Riverview,7.0,3,1,0,0,21.0,19.0,0.9047619047619048,0.30966069183768796,18.69033930816231,0.75,-0.15476190476190477
boys,Group 2,S1,00e94e489020d189,Blake Duong,Star Valley Catholic,5.0,3,1,0,0,32.0,29.0,0.90625,2.3583760749475684,26.641623925052432,0.75,-0.15625
boys,7A,S3,9e442b7655569785,Tancredi Filangeri,Romero-Finniski,2.0,4,1,0,1,24.0,23.0,0.9583333333333334,0.6084441130074728,22.391555886992528,0.8,-0.15833333333333333
girls,2A,S3,f2a5d3cba4109868,Phoenix Hallman,Draybrook Union,4.0,3,1,0,0,22.0,20.0,0.9090909090909091,-0.3602436592278948,20.360243659227894,0.75,-0.15909090909090906
girls,4A,D1,ce1122ccb1d5655b,Katherine Armour,Port Veles Episcopal,5.0,3,1,0,0,11.0,10.0,0.9090909090909091,-0.4524105738361681,10.452410573836168,0.75,-0.15909090909090906
girls,9A,S1,83e31ec21a8448ce,Ella Lewis,Canal View,1.0,3,1,0,0,22.0,20.0,0.9090909090909091,1.5647631168877838,18.435236883112218,0.75,-0.15909090909090906
girls,Group 3,S2,a761c70f5b0457db,Natalie Greene,Espoo,1.0,4,1,0,0,25.0,24.0,0.96,0.0993359474281319,23.90066405257187,0.8,-0.15999999999999992
boys,7A,S2,27ba46e4f08a1054,Karsen Lunan,Baptist,4.0,4,1,0,0,26.0,25.0,0.9615384615384616,1.2537025703386142,23.746297429661386,0.8,-0.16153846153846152
girls,Group 1,S3,b701862b160bbb61,Penelope Reyna,Monongahela,3.0,4,1,0,0,27.0,26.0,0.9629629629629629,1.732726959745226,24.267273040254775,0.8,-0.16296296296296287
boys,3A,S1,db0ccba834ba5d3e,Oliver Bushnell,Tallgrass,3.0,3,1,0,0,23.0,21.0,0.9130434782608695,1.8964832765105886,19.103516723489413,0.75,-0.1630434782608695
girls,5A,S3,127063e1a2c99628,Shayla Herron,Hazel Country Day,7.0,3,1,0,0,23.0,21.0,0.9130434782608695,1.3769249383616384,19.62307506163836,0.75,-0.1630434782608695
girls,9A,S2,557b6bd9afdae1d2,Latoya Bridges,Jesuit,3.0,3,1,0,0,23.0,21.0,0.9130434782608695,1.0498394490219483,19.95016055097805,0.75,-0.1630434782608695
girls,7A,S3,7a038bad93f7c720,Josephine Rodriguez,Baptist,1.0,4,1,0,0,28.0,27.0,0.9642857142857143,0.4211871396310566,26.578812860368945,0.8,-0.16428571428571426
boys,Group 1,S1,c1bf73c302dee94e,Daniel Serrano,Monongahela,3.0,4,1,0,0,29.0,28.0,0.9655172413793104,3.287595010970541,24.71240498902946,0.8,-0.16551724137931034
boys,1A,D1,a44fcff9ae344513,Tushar Srivastava,Cassius,1.0,5,1,0,1,10.0,10.0,1.0,0.33199593518556436,9.668004064814436,0.8333333333333334,-0.16666666666666663
boys,2A,S2,fa641b6b511dde1f,Quinn Telander,Meridian Regional,2.0,5,1,0,1,17.0,17.0,1.0,1.7956546473151516,15.204345352684848,0.8333333333333334,-0.16666666666666663
boys,3A,S1,c9edd349fda4d1ee,Tyson Wiley,Ostrander Union,2.0,5,1,0,1,18.0,18.0,1.0,1.0320917467500852,16.967908253249913,0.8333333333333334,-0.16666666666666663
boys,5A,D1,293fa189d55811ef,Keaton Offord,Star City,2.0,5,1,0,1,11.0,11.0,1.0,0.33876027981571466,10.661239720184286,0.8333333333333334,-0.16666666666666663
boys,5A,S2,3110b77428406c63,Vincent Green,Star City,1.0,5,1,0,1,23.0,23.0,1.0,1.3679738825256766,21.632026117474325,0.8333333333333334,-0.16666666666666663
boys,8A,D1,ea322294e1c9b43d,Rondell Sampras,Seawall,2.0,5,1,0,1,10.0,10.0,1.0,1.4042162018835462,8.595783798116454,0.8333333333333334,-0.16666666666666663
boys,Group 2,S2,293274a7412df419,Josiah Knudsen,Kishwaukee,2.0,5,1,0,1,27.0,27.0,1.0,2.9655110167093395,24.03448898329066,0.8333333333333334,-0.16666666666666663
girls,2A,D1,60c6e643e02d602e,Candice Morrison,Texas Beach,1.0,5,1,0,1,11.0,11.0,1.0,0.5692962000198575,10.430703799980142,0.8333333333333334,-0.16666666666666663
girls,3A,S3,28609b910677997c,Madison Link,San Lorenzo,2.0,5,1,0,1,20.0,20.0,1.0,0.8781037273863933,19.121896272613608,0.8333333333333334,-0.16666666666666663
girls,4A,S1,c8f28a8abb92798d,Kaylee Durr,Port Veles Episcopal,2.0,5,1,0,1,17.0,17.0,1.0,0.6696961882924929,16.330303811707505,0.8333333333333334,-0.16666666666666663
girls,4A,S2,f534f703441d4c15,Sophie England,Walter-Kenny,1.0,5,1,0,1,27.0,27.0,1.0,0.2597126344251708,26.74028736557483,0.8333333333333334,-0.16666666666666663
girls,5A,D1,b00c62f9f14b8d76,Erika Hailey,Westfield Friends,2.0,5,1,0,1,11.0,11.0,1.0,0.4282670330338306,10.57173296696617,0.8333333333333334,-0.16666666666666663
girls,Group 3,S3,e47385da8e0313cc,Kinsley Baer,Mirage Crossing,1.0,5,1,0,1,23.0,23.0,1.0,1.0658777335838263,21.934122266416175,0.8333333333333334,-0.16666666666666663
boys,Group 3,S1,388da8c56514c8fa,Kingsley McCoy,Rilland,4.0,3,1,0,0,24.0,22.0,0.9166666666666666,1.470443995654684,20.529556004345316,0.75,-0.16666666666666663
girls,2A,D1,dc1c00b8da308862,Shante Nagle,Pine Eagle,6.0,3,1,0,0,12.0,11.0,0.9166666666666666,0.03495581183845875,10.965044188161542,0.75,-0.16666666666666663
girls,2A,S1,e94a7bd7f5753a17,Natalia Carter,Draybrook Union,2.0,3,1,0,0,24.0,22.0,0.9166666666666666,-0.45508107743749404,22.455081077437494,0.75,-0.16666666666666663
girls,9A,D1,1992854390c0c680,Maya Cahalan,Banneker,8.0,3,1,0,0,12.0,11.0,0.9166666666666666,1.90597258903358,9.09402741096642,0.75,-0.16666666666666663
girls,Group 3,D1,afbd8353e0f03020,Lexi Wilfley,Nurmes,7.0,3,1,0,0,12.0,11.0,0.9166666666666666,1.3088399738663954,9.691160026133605,0.75,-0.16666666666666663
girls,Group 3,S1,c06aacd67c10d64b,Ashvarya Verma,Kuusamo,6.0,3,1,0,0,24.0,22.0,0.9166666666666666,0.9359007828310915,21.06409921716891,0.75,-0.16666666666666663
boys,8A,S1,c14399c2fd4f5641,Finn Brockway,Tidegate,6.0,3,1,0,0,25.0,23.0,0.92,4.013656658114543,18.98634334188546,0.75,-0.17000000000000004
boys,Group 3,S2,cc17a317a31cbe1e,Ryan Ross,Espoo,3.0,3,1,0,0,26.0,24.0,0.9230769230769231,2.0428288171760656,21.957171182823934,0.75,-0.17307692307692313
girls,9A,S3,4dbbcd1bf6e4e526,Amelia Turner,Port Meridian Central,6.0,3,1,0,0,27.0,25.0,0.9259259259259259,0.8124167229017895,24.18758327709821,0.75,-0.17592592592592593
girls,Group 1,S2,8683d46d60ab9ef3,Claire Williams,St. Teresa,7.0,3,1,0,0,27.0,25.0,0.9259259259259259,0.2559895391441229,24.744010460855876,0.75,-0.17592592592592593
boys,1A,S3,dc08c737f5a13cc5,Calvin Haun,Coastal Christian,2.0,3,1,0,0,28.0,26.0,0.9285714285714286,1.830466215183233,24.169533784816768,0.75,-0.1785714285714286
boys,4A,S1,c002fb16a7b6940f,Benjamin Sierra,J. Jackson,7.0,3,1,0,0,28.0,26.0,0.9285714285714286,2.8120817179060458,23.187918282093953,0.75,-0.1785714285714286
boys,5A,D1,85afb0c359d8f23a,Alejandro Lynn,Fruitvale,7.0,3,1,0,0,14.0,13.0,0.9285714285714286,1.9898211852499204,11.010178814750079,0.75,-0.1785714285714286
girls,9A,D1,ebafc4ec662d72e9,Eliza Smith,Port Meridian Central,4.0,3,1,0,0,14.0,13.0,0.9285714285714286,1.1666791721455834,11.833320827854417,0.75,-0.1785714285714286
girls,9A,S3,5ab9590603f59c46,Emily Pinson,Jesuit,2.0,3,1,0,0,29.0,27.0,0.9310344827586207,1.6521679795857325,25.347832020414266,0.75,-0.18103448275862066
girls,5A,S2,bdb6a7f6d5dfbb6b,Morgan Angel,Clover,2.0,3,1,0,0,30.0,28.0,0.9333333333333333,1.7591176434337323,26.240882356566267,0.75,-0.18333333333333335
boys,4A,D1,7c63e2c9918f830a,Drake Hamilton,Basalt,9.0,3,1,0,0,16.0,15.0,0.9375,0.24996934132210513,14.750030658677895,0.75,-0.1875
girls,8A,D1,9b2bcb3c9cd594d7,Alicia Diaz,Minnesota City,3.0,3,1,0,0,17.0,16.0,0.9411764705882353,-0.3122907842977821,16.312290784297783,0.75,-0.19117647058823528
boys,6A,S1,61f3e666781f7751,Henry King,Springfield,3.0,3,1,0,0,18.0,17.0,0.9444444444444444,-0.17172366179469867,17.171723661794697,0.75,-0.19444444444444442
girls,2A,S2,d5d48a07eebaa1fb,Leah Martin,Pine Eagle,5.0,3,1,0,0,18.0,17.0,0.9444444444444444,0.685456667861522,16.314543332138477,0.75,-0.19444444444444442
girls,3A,S2,effe18536eb515ae,Hallie Carmona,Veles Park,5.0,3,1,0,0,18.0,17.0,0.9444444444444444,0.22494231310441204,16.77505768689559,0.75,-0.19444444444444442
girls,8A,S3,25a7cbf4cb767b5e,Zoe Wilson,Marshfield Prep,4.0,3,1,0,0,19.0,18.0,0.9473684210526315,0.9932451849152433,17.006754815084758,0.75,-0.19736842105263153
boys,2A,S3,e220151d4938749f,Miles Woodall,Texas Beach,2.0,4,1,0,0,21.0,21.0,1.0,1.1976247565719247,19.802375243428074,0.8,-0.19999999999999996
boys,3A,D1,5c3105422781ec4c,Merrimon Pauley,Quarmont,3.0,4,1,0,0,21.0,21.0,1.0,1.9755645197677376,19.024435480232263,0.8,-0.19999999999999996
boys,4A,D1,c07fed801debf2d1,Noah Naqvi,Beacon Hill,4.0,4,1,0,0,10.0,10.0,1.0,0.6913205348320718,9.308679465167929,0.8,-0.19999999999999996
boys,5A,D1,0e6f76f5097fcc31,Jeremiah Davis,Bush,3.0,4,1,0,0,15.0,15.0,1.0,1.0971780033940617,13.902821996605939,0.8,-0.19999999999999996
boys,5A,S1,32574f4b4694217c,Stuart Kang,Star City,2.0,4,1,0,0,20.0,20.0,1.0,1.828098643681289,18.17190135631871,0.8,-0.19999999999999996
boys,5A,S1,83f4b528a5178070,Brooks Bickley,Morne Caribou Polytechnic,9.0,4,1,0,0,14.0,14.0,1.0,2.3422758880600703,11.65772411193993,0.8,-0.19999999999999996
boys,7A,D1,231402b393753f18,Martin Jones,Romero-Finniski,1.0,4,1,0,1,14.0,14.0,1.0,0.6160177304956462,13.383982269504354,0.8,-0.19999999999999996
boys,7A,D1,7a77cad041cea9b1,Ian Recio,Baptist,3.0,4,1,0,0,10.0,10.0,1.0,0.18013096684676178,9.819869033153239,0.8,-0.19999999999999996
boys,9A,S1,a87d9a7608ec2da2,Logan Almonte,Mickey Mantle,1.0,4,1,0,0,29.0,29.0,1.0,2.5267496963860965,26.473250303613902,0.8,-0.19999999999999996
boys,Group 1,S1,560fb1c024a076df,Sebastian Smith,Terrace Park,1.0,4,1,0,0,27.0,27.0,1.0,2.5242759084760955,24.475724091523904,0.8,-0.19999999999999996
boys,Group 2,D1,5cd4c652431dd30b,Charles Muller,Dawkins,4.0,4,1,0,0,11.0,11.0,1.0,0.277783662204943,10.722216337795057,0.8,-0.19999999999999996
boys,Group 2,D1,948922e156ef88bf,Max Smith,Dawkins,4.0,4,1,0,0,17.0,17.0,1.0,1.3341811721110863,15.665818827888915,0.8,-0.19999999999999996
girls,9A,S2,a75e1ba56e85f145,Mari Caldentey,Notre Dame,8.0,4,1,0,0,13.0,13.0,1.0,0.3708293141467205,12.62917068585328,0.8,-0.19999999999999996
girls,1A,S1,73b63f43610644dd,Evalyn Gamble,Klickitat,2.0,3,1,0,0,20.0,19.0,0.95,-0.2418902965387103,19.24189029653871,0.75,-0.19999999999999996
girls,3A,S2,562c3bbd661c5991,Zuri Dailey,Horseshoe Bend,6.0,3,1,0,0,20.0,19.0,0.95,0.10410001382580414,18.895899986174197,0.75,-0.19999999999999996
girls,5A,S1,d39ff5bc45e78e61,Olivia Navarro,Clover,5.0,3,1,0,0,20.0,19.0,0.95,1.1392084924343449,17.860791507565654,0.75,-0.19999999999999996
boys,3A,S2,e993558fed3c1abb,Liam Darby,Barclay,6.0,3,1,0,0,21.0,20.0,0.9523809523809523,2.3928057794389606,17.60719422056104,0.75,-0.20238095238095233
girls,2A,D1,1320133b255737af,Lily Winston,Meridian Regional,7.0,3,1,0,0,21.0,20.0,0.9523809523809523,2.9119293025897384,17.088070697410263,0.75,-0.20238095238095233
girls,3A,S3,5600680e647f2d49,Abigail Feltz,Ostrander Union,7.0,3,1,0,0,21.0,20.0,0.9523809523809523,2.542361058757709,17.45763894124229,0.75,-0.20238095238095233
girls,6A,S1,9f2d5e31d9097559,Alyssa Andrade,Marigny,6.0,3,1,0,0,21.0,20.0,0.9523809523809523,2.2719427100237657,17.728057289976235,0.75,-0.20238095238095233
girls,Group 3,S2,f7b47ec7a33b912c,Rose Kemp,Ocean Park,6.0,3,1,0,0,21.0,20.0,0.9523809523809523,1.7151599754647737,18.284840024535228,0.75,-0.20238095238095233
boys,Group 3,S3,f4995b18fd14ac27,Iker Harris,Sixmile,8.0,3,1,0,0,22.0,21.0,0.9545454545454546,3.330020544364547,17.669979455635453,0.75,-0.20454545454545459
boys,7A,S1,53971f5d26ccbe41,Ryland Kelley,Romero-Finniski,1.0,3,1,0,0,23.0,22.0,0.9565217391304348,0.6433496472045156,21.356650352795484,0.75,-0.2065217391304348
girls,4A,S2,751af21da689cc8d,Aubrey Anderson,Tallulah Canyon,6.0,3,1,0,0,24.0,23.0,0.9583333333333334,2.579915764517027,20.420084235482975,0.75,-0.20833333333333337
girls,5A,S1,3ee793cfb997591f,Liz Keating,Westfield Friends,3.0,3,1,0,0,24.0,23.0,0.9583333333333334,1.3254735007502947,21.674526499249705,0.75,-0.20833333333333337
girls,Group 3,S1,974007b374de9fa5,Florence Boyer,Galactica Plains,7.0,3,1,0,0,24.0,23.0,0.9583333333333334,1.5627458360776165,21.437254163922383,0.75,-0.20833333333333337
boys,9A,S3,496fa3e6c09862a9,Ezra Winn,Port Meridian Central,3.0,3,1,0,0,25.0,24.0,0.96,0.3370909641835774,23.662909035816423,0.75,-0.20999999999999996
boys,6A,S2,9098ca2866e8ecd8,Christopher Mohler,Marigny,5.0,3,1,0,0,27.0,26.0,0.9629629629629629,1.434050733544143,24.565949266455856,0.75,-0.2129629629629629
boys,9A,S3,da91ad291fdc6848,Phillip Cohen,Mickey Mantle,2.0,3,1,0,0,27.0,26.0,0.9629629629629629,0.6261521195590785,25.37384788044092,0.75,-0.2129629629629629
girls,7A,S1,bf2b8700332ca001,Suk-ja Hyok,Baptist,4.0,3,1,0,0,27.0,26.0,0.9629629629629629,1.0675054567901343,24.932494543209867,0.75,-0.2129629629629629
boys,1A,D1,41d4b2be85824a9b,Jonathan Smith,Joseph,6.0,3,1,0,0,11.0,11.0,1.0,1.9491111052580266,9.050888894741973,0.75,-0.25
boys,8A,D1,a5adc20a8fb364ef,Finnegan Bratt,Plainfield,8.0,3,1,0,0,10.0,10.0,1.0,0.8135509449157763,9.186449055084223,0.75,-0.25
girls,2A,D1,6585851e1f959667,Skyler McKinney,Gottschalk-Herman,5.0,3,1,0,0,16.0,16.0,1.0,0.8352825628760195,15.164717437123981,0.75,-0.25
girls,3A,S1,679f4060a22a4274,Braelynn Esparza,Veles Park,5.0,3,1,0,0,23.0,23.0,1.0,2.7763144779111695,20.223685522088832,0.75,-0.25
girls,4A,S3,9f935b91f3dcd724,Mariah Pepper,Port Veles Episcopal,4.0,3,1,0,0,20.0,20.0,1.0,0.633537465283303,19.366462534716696,0.75,-0.25
girls,5A,S3,4be94af8fe563365,Nurul Sleman,Bush,5.0,3,1,0,0,20.0,20.0,1.0,2.5477934303775074,17.452206569622494,0.75,-0.25
girls,6A,D1,26295a19bf92fde8,Alejandra Cook,Oakhaven,2.0,3,1,0,0,12.0,12.0,1.0,0.21570426984284652,11.784295730157153,0.75,-0.25
girls,6A,S3,dbae79bab1cc3add,Ayla Stevenson,Hayes,2.0,3,1,0,0,23.0,23.0,1.0,0.8267280634829641,22.173271936517036,0.75,-0.25
girls,6A,S3,a1ee8b9a1650cfac,Ashley Thompson,Bolinas,7.0,3,1,0,0,24.0,24.0,1.0,2.4551679579896457,21.544832042010356,0.75,-0.25
girls,Group 1,S3,4d6cd89cea86012d,Aleeya Roba,Grant,5.0,3,1,0,0,29.0,29.0,1.0,4.00735284599214,24.99264715400786,0.75,-0.25
